"list","n_genes","variant","null_median","null_q95","null_q05"
"TarBase",3047,"A",-0.0122961743073848,0.0635160258249768,-0.0603779211814035
"TarBase",3047,"B",-0.544460601400321,-0.501199282101043,-0.563120375630406
"TarBase",3047,"C",0.0995493696801259,0.120259797202987,0.0808901223513524
"TarBase",3047,"C2",-0.0110067454716486,0.138724297754046,-0.162071779198204
"TarBase",3047,"D",-0.670146221598839,-0.633170656188004,-0.693738738497781
"TargetScan top200",153,"A",0.0436364061569333,0.399794461878144,-0.113571899655948
"TargetScan top200",153,"B",-0.239023652680935,-0.154375497921747,-0.393305475655721
"TargetScan top200",153,"C",0.0831546935233983,0.192175391909205,-0.0167184408001256
"TargetScan top200",153,"C2",-0.0148952163521641,0.173166407755478,-0.204547273828839
"TargetScan top200",153,"D",-0.276777894722863,-0.0991791404306163,-0.439767262778171
