"method","readout","cell_set","rho","ci_low","ci_high","p_value","n","list","variant","drop_fraction","n_genes"
"TarBase | A | drop top 0%","mRNA","all",0.0931873325796606,0.0240803816366157,0.160758507326401,0.0109344236129349,745,"TarBase","A",0,3047
"TarBase | A | drop top 0%","fluorescence","all",0.197019310660658,0.129176489946645,0.267918612379952,5.90088110837798e-08,745,"TarBase","A",0,3047
"TarBase | A | drop top 0%","mRNA","induced",-0.0100818074816719,-0.0904190113953274,0.0635924604995849,0.817051504576456,529,"TarBase","A",0,3047
"TarBase | A | drop top 0%","fluorescence","induced",0.208441875003456,0.125177064164709,0.290036943507017,1.32450247760354e-06,529,"TarBase","A",0,3047
"TarBase | C | drop top 0%","mRNA","all",0.662484337565228,0.610976523249388,0.703399759992203,2.61223132601718e-95,745,"TarBase","C",0,3047
"TarBase | C | drop top 0%","fluorescence","all",0.575873392742198,0.523081808145155,0.62524384397824,4.99530507289517e-67,745,"TarBase","C",0,3047
"TarBase | C | drop top 0%","mRNA","induced",0.736255175790433,0.688004280974793,0.776822966078763,1.96449340777556e-91,529,"TarBase","C",0,3047
"TarBase | C | drop top 0%","fluorescence","induced",0.591085429671028,0.528784996066779,0.640949741362851,3.7939012424153e-51,529,"TarBase","C",0,3047
"TarBase | A | drop top 1%","mRNA","all",0.540598835899121,0.492849626847949,0.592813348427941,9.18458185497924e-58,745,"TarBase","A",0.01,3017
"TarBase | A | drop top 1%","fluorescence","all",0.616066191610158,0.569984109741654,0.666913400519832,4.67232658805508e-79,745,"TarBase","A",0.01,3017
"TarBase | A | drop top 1%","mRNA","induced",0.491876886711391,0.433179131276647,0.544227307547735,1.40571416945184e-33,529,"TarBase","A",0.01,3017
"TarBase | A | drop top 1%","fluorescence","induced",0.654490747450886,0.593748799389175,0.699990092030634,5.32129045975537e-66,529,"TarBase","A",0.01,3017
"TarBase | C | drop top 1%","mRNA","all",0.660464072225525,0.60900837926914,0.701884247673814,1.5311011918234e-94,745,"TarBase","C",0.01,3017
"TarBase | C | drop top 1%","fluorescence","all",0.572757468751007,0.519565838381544,0.62263814158049,3.65219823848039e-66,745,"TarBase","C",0.01,3017
"TarBase | C | drop top 1%","mRNA","induced",0.734508944349512,0.686620472400201,0.775187782251747,8.59607348423657e-91,529,"TarBase","C",0.01,3017
"TarBase | C | drop top 1%","fluorescence","induced",0.586044929604394,0.523465012845601,0.635776178784351,4.18449182002909e-50,529,"TarBase","C",0.01,3017
"TarBase | A | drop top 5%","mRNA","all",0.717623770064287,0.681387417308938,0.74702760035375,7.38372035423261e-119,745,"TarBase","A",0.05,2895
"TarBase | A | drop top 5%","fluorescence","all",0.756629865301654,0.721816528172654,0.78429442433755,3.04785728690546e-139,745,"TarBase","A",0.05,2895
"TarBase | A | drop top 5%","mRNA","induced",0.668386661132854,0.612741613916258,0.712653463627634,9.47332924162926e-70,529,"TarBase","A",0.05,2895
"TarBase | A | drop top 5%","fluorescence","induced",0.745244715666258,0.696613988539244,0.77981256156144,8.1373312828801e-95,529,"TarBase","A",0.05,2895
"TarBase | C | drop top 5%","mRNA","all",0.645314476441618,0.593666856219804,0.689315795568826,5.74162643394525e-89,745,"TarBase","C",0.05,2895
"TarBase | C | drop top 5%","fluorescence","all",0.550928936320722,0.493415098956997,0.604542089017259,2.31108543446982e-60,745,"TarBase","C",0.05,2895
"TarBase | C | drop top 5%","mRNA","induced",0.717235098425133,0.668712164833239,0.759409205730345,1.02957050234449e-84,529,"TarBase","C",0.05,2895
"TarBase | C | drop top 5%","fluorescence","induced",0.552769206849811,0.484816614461095,0.606271272893055,1.17007001968468e-43,529,"TarBase","C",0.05,2895
"TarBase | A | drop top 10%","mRNA","all",0.735445074109195,0.697927602808437,0.766194515133223,1.01165939331731e-127,745,"TarBase","A",0.1,2743
"TarBase | A | drop top 10%","fluorescence","all",0.759458116203696,0.726215735205968,0.785478171879742,7.17778643084849e-141,745,"TarBase","A",0.1,2743
"TarBase | A | drop top 10%","mRNA","induced",0.658524936204431,0.601794892904157,0.705099066543297,4.55024159776077e-67,529,"TarBase","A",0.1,2743
"TarBase | A | drop top 10%","fluorescence","induced",0.697861858797619,0.645079023308614,0.741796940157713,2.04000774395234e-78,529,"TarBase","A",0.1,2743
"TarBase | C | drop top 10%","mRNA","all",0.62606334703713,0.57288183096654,0.673237297466485,2.51662601515596e-82,745,"TarBase","C",0.1,2743
"TarBase | C | drop top 10%","fluorescence","all",0.524815315520329,0.461970992721241,0.579130239763178,5.81264620669273e-54,745,"TarBase","C",0.1,2743
"TarBase | C | drop top 10%","mRNA","induced",0.69461288167908,0.641956470540593,0.737958759790425,2.0722898103621e-77,529,"TarBase","C",0.1,2743
"TarBase | C | drop top 10%","fluorescence","induced",0.515418794132065,0.444493658168609,0.575567739609812,3.09653793848052e-37,529,"TarBase","C",0.1,2743
"TarBase | A | drop top 25%","mRNA","all",0.73131669571193,0.690234662597936,0.761775298005915,1.32274899164867e-125,745,"TarBase","A",0.25,2286
"TarBase | A | drop top 25%","fluorescence","all",0.74816214806623,0.7152367984291,0.771493436828745,1.68813253350361e-134,745,"TarBase","A",0.25,2286
"TarBase | A | drop top 25%","mRNA","induced",0.620479512462428,0.559043567989679,0.680097370545619,1.3072402754474e-57,529,"TarBase","A",0.25,2286
"TarBase | A | drop top 25%","fluorescence","induced",0.634480211045895,0.576810809436576,0.686757640944031,6.16259357434635e-61,529,"TarBase","A",0.25,2286
"TarBase | C | drop top 25%","mRNA","all",0.604409305395031,0.546453301103795,0.652147535065033,2.16501961370175e-75,745,"TarBase","C",0.25,2286
"TarBase | C | drop top 25%","fluorescence","all",0.495925377335477,0.432611803870756,0.550152627886414,1.67874012062979e-47,745,"TarBase","C",0.25,2286
"TarBase | C | drop top 25%","mRNA","induced",0.661656188089116,0.606151780620256,0.71079840275414,6.57116143814892e-68,529,"TarBase","C",0.25,2286
"TarBase | C | drop top 25%","fluorescence","induced",0.46646451489901,0.391910940643451,0.530651357954405,6.15451863723782e-30,529,"TarBase","C",0.25,2286
"TargetScan top200 | A | drop top 0%","mRNA","all",0.754644545456932,0.723417673790466,0.784707051780273,4.10672825046612e-138,745,"TargetScan top200","A",0,153
"TargetScan top200 | A | drop top 0%","fluorescence","all",0.781076143034773,0.749399795139508,0.800217375585981,4.17504672123988e-154,745,"TargetScan top200","A",0,153
"TargetScan top200 | A | drop top 0%","mRNA","induced",0.505137448242096,0.416459771945325,0.579560209078398,1.32758635011597e-35,529,"TargetScan top200","A",0,153
"TargetScan top200 | A | drop top 0%","fluorescence","induced",0.556172462418996,0.482220133387774,0.621902557631362,2.76674621305739e-44,529,"TargetScan top200","A",0,153
"TargetScan top200 | C | drop top 0%","mRNA","all",0.776221622398746,0.743552906428292,0.797890832068216,5.26688869745922e-151,745,"TargetScan top200","C",0,153
"TargetScan top200 | C | drop top 0%","fluorescence","all",0.724469726188216,0.685337879126131,0.754557362886197,3.51724704859615e-122,745,"TargetScan top200","C",0,153
"TargetScan top200 | C | drop top 0%","mRNA","induced",0.664332926943941,0.604639201122674,0.715406070034914,1.23355173559931e-68,529,"TargetScan top200","C",0,153
"TargetScan top200 | C | drop top 0%","fluorescence","induced",0.560408667899483,0.493094600426715,0.609278495905296,4.49053793862554e-45,529,"TargetScan top200","C",0,153
"TargetScan top200 | A | drop top 1%","mRNA","all",0.728641620970826,0.692683437592957,0.761025359205386,2.9646877282434e-124,745,"TargetScan top200","A",0.01,152
"TargetScan top200 | A | drop top 1%","fluorescence","all",0.754239762643085,0.715929757253188,0.775649369523374,6.9576191348634e-138,745,"TargetScan top200","A",0.01,152
"TargetScan top200 | A | drop top 1%","mRNA","induced",0.469961284925439,0.38529117003383,0.541541360836476,2.02335217486503e-30,529,"TargetScan top200","A",0.01,152
"TargetScan top200 | A | drop top 1%","fluorescence","induced",0.509597710038291,0.431427084154723,0.57587563722885,2.64122938050427e-36,529,"TargetScan top200","A",0.01,152
"TargetScan top200 | C | drop top 1%","mRNA","all",0.763625879050857,0.728977125710358,0.787443224698034,2.60241711230116e-143,745,"TargetScan top200","C",0.01,152
"TargetScan top200 | C | drop top 1%","fluorescence","all",0.707385615880222,0.666202950405052,0.738476315589689,4.53003131195059e-114,745,"TargetScan top200","C",0.01,152
"TargetScan top200 | C | drop top 1%","mRNA","induced",0.650401093360397,0.592161328898466,0.703324354561611,6.19556726684993e-65,529,"TargetScan top200","C",0.01,152
"TargetScan top200 | C | drop top 1%","fluorescence","induced",0.536211171021169,0.469155902503717,0.589927591505777,1.03441215919634e-40,529,"TargetScan top200","C",0.01,152
"TargetScan top200 | A | drop top 5%","mRNA","all",0.72298938794214,0.687373826128374,0.756472494006034,1.87516266968461e-121,745,"TargetScan top200","A",0.05,146
"TargetScan top200 | A | drop top 5%","fluorescence","all",0.750965077932177,0.711460465134465,0.771973879002058,4.7697914436733e-136,745,"TargetScan top200","A",0.05,146
"TargetScan top200 | A | drop top 5%","mRNA","induced",0.463148047871806,0.380121549571227,0.533068313417927,1.74695955446072e-29,529,"TargetScan top200","A",0.05,146
"TargetScan top200 | A | drop top 5%","fluorescence","induced",0.517406873841047,0.444047436842443,0.585108024758951,1.47501578586037e-37,529,"TargetScan top200","A",0.05,146
"TargetScan top200 | C | drop top 5%","mRNA","all",0.760558638399141,0.723884784061239,0.785397033439612,1.64586688221087e-141,745,"TargetScan top200","C",0.05,146
"TargetScan top200 | C | drop top 5%","fluorescence","all",0.707396005485862,0.66541543583298,0.740052627463281,4.48072151493161e-114,745,"TargetScan top200","C",0.05,146
"TargetScan top200 | C | drop top 5%","mRNA","induced",0.646445038536739,0.58712447821833,0.699624293819811,6.42333746980894e-64,529,"TargetScan top200","C",0.05,146
"TargetScan top200 | C | drop top 5%","fluorescence","induced",0.541457081537439,0.47381033834048,0.592386704150435,1.25565012867437e-41,529,"TargetScan top200","C",0.05,146
"TargetScan top200 | A | drop top 10%","mRNA","all",0.710165739695559,0.668981358736499,0.745669178786993,2.38057541092554e-115,745,"TargetScan top200","A",0.1,138
"TargetScan top200 | A | drop top 10%","fluorescence","all",0.733011839384703,0.692215562242118,0.759576156948495,1.80815433544519e-126,745,"TargetScan top200","A",0.1,138
"TargetScan top200 | A | drop top 10%","mRNA","induced",0.447153761101402,0.352529498681934,0.518892357134507,2.28566604218165e-27,529,"TargetScan top200","A",0.1,138
"TargetScan top200 | A | drop top 10%","fluorescence","induced",0.49159584302429,0.410322764985942,0.559771181150962,1.54831431721948e-33,529,"TargetScan top200","A",0.1,138
"TargetScan top200 | C | drop top 10%","mRNA","all",0.751227568152453,0.714903336649948,0.779567847618254,3.40710933680119e-136,745,"TargetScan top200","C",0.1,138
"TargetScan top200 | C | drop top 10%","fluorescence","all",0.696660959968026,0.653069971481505,0.731632260168354,2.8418152303733e-109,745,"TargetScan top200","C",0.1,138
"TargetScan top200 | C | drop top 10%","mRNA","induced",0.632574406547192,0.569876084174318,0.691327189437425,1.78922220508275e-60,529,"TargetScan top200","C",0.1,138
"TargetScan top200 | C | drop top 10%","fluorescence","induced",0.52641311689203,0.460010014816477,0.579893684818211,4.81718593474967e-39,529,"TargetScan top200","C",0.1,138
"TargetScan top200 | A | drop top 25%","mRNA","all",0.641572865978248,0.590885621962632,0.683322014053495,1.22265026781969e-87,745,"TargetScan top200","A",0.25,115
"TargetScan top200 | A | drop top 25%","fluorescence","all",0.665649655851517,0.615615228042045,0.698182233412547,1.59079016740858e-96,745,"TargetScan top200","A",0.25,115
"TargetScan top200 | A | drop top 25%","mRNA","induced",0.351954397922226,0.267252572607915,0.426597799953715,7.16609784633441e-17,529,"TargetScan top200","A",0.25,115
"TargetScan top200 | A | drop top 25%","fluorescence","induced",0.391278129639792,0.312697464421763,0.466413327495933,8.46981450136206e-21,529,"TargetScan top200","A",0.25,115
"TargetScan top200 | C | drop top 25%","mRNA","all",0.70099161707298,0.660636065377713,0.729908009056811,3.48507885327331e-111,745,"TargetScan top200","C",0.25,115
"TargetScan top200 | C | drop top 25%","fluorescence","all",0.641219397845531,0.589844492468011,0.682094258693115,1.6286426483353e-87,745,"TargetScan top200","C",0.25,115
"TargetScan top200 | C | drop top 25%","mRNA","induced",0.563836423946279,0.497241408844528,0.626962334506777,1.01148887968429e-45,529,"TargetScan top200","C",0.25,115
"TargetScan top200 | C | drop top 25%","fluorescence","induced",0.446661780264992,0.370029783226902,0.509868854579309,2.64462202653413e-27,529,"TargetScan top200","C",0.25,115
