"method","readout","cell_set","rho","ci_low","ci_high","p_value","n","subset","variant","n_genes","same_size_tarbase_median","same_size_tarbase_q05","same_size_tarbase_q95"
"TarBase with any TargetScan site | A","mRNA","all",0.741687021583498,0.704172616451514,0.774226239228994,5.34964131916637e-131,745,"TarBase with any TargetScan site","A",866,0.257729115334333,0.0678568212157416,0.387646517068867
"TarBase with any TargetScan site | A","fluorescence","all",0.768519550065381,0.734772006632951,0.79288603130116,3.05053095557455e-146,745,"TarBase with any TargetScan site","A",866,0.257729115334333,0.0678568212157416,0.387646517068867
"TarBase with any TargetScan site | A","mRNA","induced",0.589497239038024,0.529878465671712,0.646743181802284,8.12003773800397e-51,529,"TarBase with any TargetScan site","A",866,0.257729115334333,0.0678568212157416,0.387646517068867
"TarBase with any TargetScan site | A","fluorescence","induced",0.636297574730041,0.581733239922331,0.683350009773125,2.21465161873937e-61,529,"TarBase with any TargetScan site","A",866,0.257729115334333,0.0678568212157416,0.387646517068867
"TarBase with any TargetScan site | C","mRNA","all",0.668299264451303,0.618773168884018,0.70731305804911,1.48828186187928e-97,745,"TarBase with any TargetScan site","C",866,0.588678017580053,0.555149886805415,0.605359721199525
"TarBase with any TargetScan site | C","fluorescence","all",0.574426016199939,0.516337967951439,0.616938262601334,1.26196436742249e-66,745,"TarBase with any TargetScan site","C",866,0.588678017580053,0.555149886805415,0.605359721199525
"TarBase with any TargetScan site | C","mRNA","induced",0.667845736315972,0.613902816876563,0.720346200559328,1.33739140709213e-69,529,"TarBase with any TargetScan site","C",866,0.588678017580053,0.555149886805415,0.605359721199525
"TarBase with any TargetScan site | C","fluorescence","induced",0.492937536417013,0.426017649408778,0.556941863661884,9.75399103583435e-34,529,"TarBase with any TargetScan site","C",866,0.588678017580053,0.555149886805415,0.605359721199525
"TarBase without any TargetScan site | A","mRNA","all",0.042846846488715,-0.0222585535338261,0.108381472429359,0.242780947160553,745,"TarBase without any TargetScan site","A",2181,0.201471335433816,0.140203798131632,0.284297050017378
"TarBase without any TargetScan site | A","fluorescence","all",0.144143125004744,0.0757173696886414,0.217462960291791,7.86843473899147e-05,745,"TarBase without any TargetScan site","A",2181,0.201471335433816,0.140203798131632,0.284297050017378
"TarBase without any TargetScan site | A","mRNA","induced",-0.0455227994176526,-0.126384202503866,0.0294882757442105,0.295981614945837,529,"TarBase without any TargetScan site","A",2181,0.201471335433816,0.140203798131632,0.284297050017378
"TarBase without any TargetScan site | A","fluorescence","induced",0.16887122175283,0.0849828307217349,0.252002815673297,9.5041033302754e-05,529,"TarBase without any TargetScan site","A",2181,0.201471335433816,0.140203798131632,0.284297050017378
"TarBase without any TargetScan site | C","mRNA","all",0.622286707767861,0.56932309107121,0.668709500829194,4.46253035543238e-81,745,"TarBase without any TargetScan site","C",2181,0.587497292537909,0.580895012400856,0.599146772494421
"TarBase without any TargetScan site | C","fluorescence","all",0.541645823680578,0.483972244343378,0.592346757431812,5.05495428384996e-58,745,"TarBase without any TargetScan site","C",2181,0.587497292537909,0.580895012400856,0.599146772494421
"TarBase without any TargetScan site | C","mRNA","induced",0.725573754811013,0.676024559518711,0.764299991454501,1.36947198978081e-87,529,"TarBase without any TargetScan site","C",2181,0.587497292537909,0.580895012400856,0.599146772494421
"TarBase without any TargetScan site | C","fluorescence","induced",0.600241028978307,0.538070657222718,0.651052370359151,4.34251339723245e-53,529,"TarBase without any TargetScan site","C",2181,0.587497292537909,0.580895012400856,0.599146772494421
"Evidence: CLIP / AGO-IP | A","mRNA","all",0.567187905201079,0.5182833149598,0.61006691478505,1.21353642442969e-64,745,"Evidence: CLIP / AGO-IP","A",866,0.257729115334333,0.0678568212157416,0.387646517068867
"Evidence: CLIP / AGO-IP | A","fluorescence","all",0.646340269044835,0.604813186167125,0.6887336132225,2.46386160656422e-89,745,"Evidence: CLIP / AGO-IP","A",866,0.257729115334333,0.0678568212157416,0.387646517068867
"Evidence: CLIP / AGO-IP | A","mRNA","induced",0.39250414225358,0.325253272388739,0.453238799580835,6.26079057834553e-21,529,"Evidence: CLIP / AGO-IP","A",866,0.257729115334333,0.0678568212157416,0.387646517068867
"Evidence: CLIP / AGO-IP | A","fluorescence","induced",0.56768359430353,0.504181242278885,0.623990898077603,1.85933178763184e-46,529,"Evidence: CLIP / AGO-IP","A",866,0.257729115334333,0.0678568212157416,0.387646517068867
"Evidence: CLIP / AGO-IP | C","mRNA","all",0.66746667007481,0.618403501311218,0.706879702628074,3.14161437016929e-97,745,"Evidence: CLIP / AGO-IP","C",866,0.588678017580053,0.555149886805415,0.605359721199525
"Evidence: CLIP / AGO-IP | C","fluorescence","all",0.567893450078867,0.512067605764724,0.611059652840427,7.81472828747389e-65,745,"Evidence: CLIP / AGO-IP","C",866,0.588678017580053,0.555149886805415,0.605359721199525
"Evidence: CLIP / AGO-IP | C","mRNA","induced",0.692060086184814,0.63658051249073,0.743168890393527,1.25354917071905e-76,529,"Evidence: CLIP / AGO-IP","C",866,0.588678017580053,0.555149886805415,0.605359721199525
"Evidence: CLIP / AGO-IP | C","fluorescence","induced",0.509729354304357,0.440306919625213,0.573222648775725,2.51739221649451e-36,529,"Evidence: CLIP / AGO-IP","C",866,0.588678017580053,0.555149886805415,0.605359721199525
"Evidence: Microarray | A","mRNA","all",0.438934358163709,0.382976241804753,0.492029886914648,1.96017842040098e-36,745,"Evidence: Microarray","A",2394,0.197637277246401,0.16335805067916,0.240673794101247
"Evidence: Microarray | A","fluorescence","all",0.52472379702483,0.471613683074358,0.578007125176013,6.10710693753084e-54,745,"Evidence: Microarray","A",2394,0.197637277246401,0.16335805067916,0.240673794101247
"Evidence: Microarray | A","mRNA","induced",0.362084193938529,0.299584486390809,0.422280681719798,7.84559930357335e-18,529,"Evidence: Microarray","A",2394,0.197637277246401,0.16335805067916,0.240673794101247
"Evidence: Microarray | A","fluorescence","induced",0.553189268787465,0.490851633025812,0.602313768350064,9.80176884388021e-44,529,"Evidence: Microarray","A",2394,0.197637277246401,0.16335805067916,0.240673794101247
"Evidence: Microarray | C","mRNA","all",0.691771524584168,0.645836719766663,0.729664844340522,3.72288083275737e-107,745,"Evidence: Microarray","C",2394,0.589779484505728,0.582799742402033,0.601248784479237
"Evidence: Microarray | C","fluorescence","all",0.614502904216141,0.567290572197297,0.661104394624131,1.47940861183333e-78,745,"Evidence: Microarray","C",2394,0.589779484505728,0.582799742402033,0.601248784479237
"Evidence: Microarray | C","mRNA","induced",0.757279017661726,0.713161660034408,0.794619211228433,1.41995333233295e-99,529,"Evidence: Microarray","C",2394,0.589779484505728,0.582799742402033,0.601248784479237
"Evidence: Microarray | C","fluorescence","induced",0.628892746887343,0.571685259050991,0.674436283820179,1.37334719254167e-59,529,"Evidence: Microarray","C",2394,0.589779484505728,0.582799742402033,0.601248784479237
"Evidence: Other | A","mRNA","all",-0.210617907278519,-0.274624670760348,-0.14350959729775,6.46248668107948e-09,745,"Evidence: Other","A",181,0.235663380099485,-0.0865047847502809,0.581487606146326
"Evidence: Other | A","fluorescence","all",-0.119158662797301,-0.190955671270635,-0.0476283136156343,0.00111981670169698,745,"Evidence: Other","A",181,0.235663380099485,-0.0865047847502809,0.581487606146326
"Evidence: Other | A","mRNA","induced",-0.306515983748748,-0.376229189611176,-0.220664763563777,5.70329429376125e-13,529,"Evidence: Other","A",181,0.235663380099485,-0.0865047847502809,0.581487606146326
"Evidence: Other | A","fluorescence","induced",-0.111047085846658,-0.192831232973869,-0.0289875885978335,0.0105898132840769,529,"Evidence: Other","A",181,0.235663380099485,-0.0865047847502809,0.581487606146326
"Evidence: Other | C","mRNA","all",0.748545934579425,0.713783554110549,0.779303475138807,1.03881951402522e-134,745,"Evidence: Other","C",181,0.54830523814483,0.475472987147848,0.592662080517685
"Evidence: Other | C","fluorescence","all",0.731867691318811,0.694891155377397,0.763161061704072,6.93882988527125e-126,745,"Evidence: Other","C",181,0.54830523814483,0.475472987147848,0.592662080517685
"Evidence: Other | C","mRNA","induced",0.637421978100367,0.58014769464641,0.699262721571956,1.17171264647275e-61,529,"Evidence: Other","C",181,0.54830523814483,0.475472987147848,0.592662080517685
"Evidence: Other | C","fluorescence","induced",0.627219267792031,0.561652377655769,0.683114595736185,3.43700386479686e-59,529,"Evidence: Other","C",181,0.54830523814483,0.475472987147848,0.592662080517685
"Evidence: Proteomics / protein | A","mRNA","all",0.378237099185748,0.312369053934802,0.435309844467474,9.45297010652264e-27,745,"Evidence: Proteomics / protein","A",213,0.229705321930228,-0.0426701887182183,0.571805539208135
"Evidence: Proteomics / protein | A","fluorescence","all",0.45779712080184,0.404656147963955,0.518026981282194,7.21172460499165e-40,745,"Evidence: Proteomics / protein","A",213,0.229705321930228,-0.0426701887182183,0.571805539208135
"Evidence: Proteomics / protein | A","mRNA","induced",0.253564202498646,0.176952694279772,0.322653490892923,3.31631155361686e-09,529,"Evidence: Proteomics / protein","A",213,0.229705321930228,-0.0426701887182183,0.571805539208135
"Evidence: Proteomics / protein | A","fluorescence","induced",0.436342012776002,0.35822368067614,0.491218185466552,5.34137281601772e-26,529,"Evidence: Proteomics / protein","A",213,0.229705321930228,-0.0426701887182183,0.571805539208135
"Evidence: Proteomics / protein | C","mRNA","all",0.737660101931405,0.698687928861142,0.769081350033163,7.12844363604095e-129,745,"Evidence: Proteomics / protein","C",213,0.557864707307162,0.510485836649596,0.592005202785702
"Evidence: Proteomics / protein | C","fluorescence","all",0.686984972226307,0.644069068984154,0.722247634261923,4.00853724064649e-105,745,"Evidence: Proteomics / protein","C",213,0.557864707307162,0.510485836649596,0.592005202785702
"Evidence: Proteomics / protein | C","mRNA","induced",0.756494097085993,0.706865603053008,0.79141245879529,2.95847114237166e-99,529,"Evidence: Proteomics / protein","C",213,0.557864707307162,0.510485836649596,0.592005202785702
"Evidence: Proteomics / protein | C","fluorescence","induced",0.68851240033868,0.641024888918885,0.733279727684476,1.48259542094271e-75,529,"Evidence: Proteomics / protein","C",213,0.557864707307162,0.510485836649596,0.592005202785702
"Evidence: RNA-seq | A","mRNA","all",0.647891923259737,0.610493292656324,0.686578760906159,6.80997423603066e-90,745,"Evidence: RNA-seq","A",440,0.204393489574985,-0.00330907601289093,0.452310652744823
"Evidence: RNA-seq | A","fluorescence","all",0.71813697133764,0.683053174227195,0.753110415779205,4.19442487113678e-119,745,"Evidence: RNA-seq","A",440,0.204393489574985,-0.00330907601289093,0.452310652744823
"Evidence: RNA-seq | A","mRNA","induced",0.506874033339062,0.435213698525194,0.565299762936272,7.10004414728167e-36,529,"Evidence: RNA-seq","A",440,0.204393489574985,-0.00330907601289093,0.452310652744823
"Evidence: RNA-seq | A","fluorescence","induced",0.658249337158185,0.592436848318463,0.7103786429466,5.38914327554972e-67,529,"Evidence: RNA-seq","A",440,0.204393489574985,-0.00330907601289093,0.452310652744823
"Evidence: RNA-seq | C","mRNA","all",0.761996444638277,0.723277087665411,0.789875041737842,2.37434644698587e-142,745,"Evidence: RNA-seq","C",440,0.566186444758561,0.526999233804459,0.618824866596727
"Evidence: RNA-seq | C","fluorescence","all",0.74344996854692,0.706483353067209,0.77045934670857,6.10417974237116e-132,745,"Evidence: RNA-seq","C",440,0.566186444758561,0.526999233804459,0.618824866596727
"Evidence: RNA-seq | C","mRNA","induced",0.732730774593313,0.682995127297741,0.776642525715759,3.81830454894036e-90,529,"Evidence: RNA-seq","C",440,0.566186444758561,0.526999233804459,0.618824866596727
"Evidence: RNA-seq | C","fluorescence","induced",0.706618026380121,0.661842711364123,0.74987854417229,3.36864241545988e-81,529,"Evidence: RNA-seq","C",440,0.566186444758561,0.526999233804459,0.618824866596727
"Cell line: any HEK293 entry | A","mRNA","all",-0.114980792932229,-0.180744765611447,-0.0492146926214875,0.00166925338809616,745,"Cell line: any HEK293 entry","A",812,0.246091628462281,0.0836192360644375,0.347288904285234
"Cell line: any HEK293 entry | A","fluorescence","all",-0.0149047163973472,-0.088338328926227,0.0587618222616971,0.684625750619757,745,"Cell line: any HEK293 entry","A",812,0.246091628462281,0.0836192360644375,0.347288904285234
"Cell line: any HEK293 entry | A","mRNA","induced",-0.233126761065735,-0.308964853297966,-0.150034604795253,5.82325720715285e-08,529,"Cell line: any HEK293 entry","A",812,0.246091628462281,0.0836192360644375,0.347288904285234
"Cell line: any HEK293 entry | A","fluorescence","induced",-0.0229827867015958,-0.109955271959159,0.0600230343906285,0.59789963999571,529,"Cell line: any HEK293 entry","A",812,0.246091628462281,0.0836192360644375,0.347288904285234
"Cell line: any HEK293 entry | C","mRNA","all",0.760415040609923,0.723322113064024,0.791978735622135,1.99547521760241e-141,745,"Cell line: any HEK293 entry","C",812,0.582698782031172,0.55106066449878,0.613730269977779
"Cell line: any HEK293 entry | C","fluorescence","all",0.703171121688107,0.661429271677041,0.738859915183864,3.69090059750038e-112,745,"Cell line: any HEK293 entry","C",812,0.582698782031172,0.55106066449878,0.613730269977779
"Cell line: any HEK293 entry | C","mRNA","induced",0.757917216535293,0.710671421607783,0.796358229570938,7.80141117099064e-100,529,"Cell line: any HEK293 entry","C",812,0.582698782031172,0.55106066449878,0.613730269977779
"Cell line: any HEK293 entry | C","fluorescence","induced",0.665950850969971,0.617909555081,0.70916486461723,4.45020959930759e-69,529,"Cell line: any HEK293 entry","C",812,0.582698782031172,0.55106066449878,0.613730269977779
"Cell line: no HEK293 entry | A","mRNA","all",0.386594589190944,0.330577973166718,0.44268629879055,5.73140585857211e-28,745,"Cell line: no HEK293 entry","A",2235,0.19298546822397,0.139476295358509,0.273853075676985
"Cell line: no HEK293 entry | A","fluorescence","all",0.470639964819386,0.41345485421296,0.533232556254039,2.47600771114169e-42,745,"Cell line: no HEK293 entry","A",2235,0.19298546822397,0.139476295358509,0.273853075676985
"Cell line: no HEK293 entry | A","mRNA","induced",0.338927780497849,0.271299302645917,0.40128167279647,1.09826424753273e-15,529,"Cell line: no HEK293 entry","A",2235,0.19298546822397,0.139476295358509,0.273853075676985
"Cell line: no HEK293 entry | A","fluorescence","induced",0.522717147379026,0.460806735184629,0.574617503103022,1.9861220935535e-38,529,"Cell line: no HEK293 entry","A",2235,0.19298546822397,0.139476295358509,0.273853075676985
"Cell line: no HEK293 entry | C","mRNA","all",0.603551288289486,0.544748498300275,0.650017515097466,3.97492622966539e-75,745,"Cell line: no HEK293 entry","C",2235,0.589443280938298,0.579802002241225,0.594438025705682
"Cell line: no HEK293 entry | C","fluorescence","all",0.504121281592039,0.450728995756789,0.557647869572943,2.84864467727533e-49,745,"Cell line: no HEK293 entry","C",2235,0.589443280938298,0.579802002241225,0.594438025705682
"Cell line: no HEK293 entry | C","mRNA","induced",0.712569834666528,0.662969509628206,0.755300294758279,3.77403794041421e-83,529,"Cell line: no HEK293 entry","C",2235,0.589443280938298,0.579802002241225,0.594438025705682
"Cell line: no HEK293 entry | C","fluorescence","induced",0.546810358328587,0.482463980388765,0.602340557926261,1.40452607653542e-42,529,"Cell line: no HEK293 entry","C",2235,0.589443280938298,0.579802002241225,0.594438025705682
