"list","size","rho_median","rho_q25","rho_q75","variant"
"TarBase (random subsets)",50,0.0534432149540132,-0.00672263250271025,0.19993408059289,"A"
"TarBase (random subsets)",100,0.259645921508255,0.0428198915134541,0.505041513338412,"A"
"TarBase (random subsets)",200,0.20164786763851,0.127598342887277,0.462929017233426,"A"
"TarBase (random subsets)",500,0.251779629444102,0.169425147021687,0.344947839202059,"A"
"TarBase (random subsets)",1000,0.158509687202208,0.0995729181156505,0.253700275917965,"A"
"TarBase (random subsets)",2000,0.19010787777447,0.15064144965629,0.243943917921434,"A"
"TarBase (random subsets)",3047,0.208441875003456,0.208441875003456,0.208441875003456,"A"
"TargetScan (top-N, ranked)",50,0.455756380612779,0.455756380612779,0.455756380612779,"A"
"TargetScan (top-N, ranked)",100,0.52796504390793,0.52796504390793,0.52796504390793,"A"
"TargetScan (top-N, ranked)",200,0.593432004925991,0.593432004925991,0.593432004925991,"A"
"TargetScan (top-N, ranked)",500,0.620596969458239,0.620596969458239,0.620596969458239,"A"
"TargetScan (top-N, ranked)",1000,0.560874691843824,0.560874691843824,0.560874691843824,"A"
"TargetScan (top-N, ranked)",1534,0.359103063193482,0.359103063193482,0.359103063193482,"A"
"TarBase (random subsets)",50,0.480883432731264,0.425722570166254,0.507194016654648,"C"
"TarBase (random subsets)",100,0.4789523191602,0.443283765295158,0.507610522008451,"C"
"TarBase (random subsets)",200,0.548803869174162,0.535277724817469,0.572769934784239,"C"
"TarBase (random subsets)",500,0.577438098012753,0.56835076282343,0.600129842668921,"C"
"TarBase (random subsets)",1000,0.587586987353427,0.579182678386928,0.59660304900769,"C"
"TarBase (random subsets)",2000,0.588798779307498,0.585753249197763,0.59072671120526,"C"
"TarBase (random subsets)",3047,0.591085429671028,0.591085429671028,0.591085429671028,"C"
"TargetScan (top-N, ranked)",50,0.497633969927418,0.497633969927418,0.497633969927418,"C"
"TargetScan (top-N, ranked)",100,0.545535662464131,0.545535662464131,0.545535662464131,"C"
"TargetScan (top-N, ranked)",200,0.57053741339772,0.57053741339772,0.57053741339772,"C"
"TargetScan (top-N, ranked)",500,0.550435925720238,0.550435925720238,0.550435925720238,"C"
"TargetScan (top-N, ranked)",1000,0.432468639644596,0.432468639644596,0.432468639644596,"C"
"TargetScan (top-N, ranked)",1534,0.309627800156238,0.309627800156238,0.309627800156238,"C"
"TarBase (random subsets)",50,0.416187582647669,0.3503684299781,0.458901529701966,"D"
"TarBase (random subsets)",100,0.434363908125027,0.369615196929484,0.482814031389021,"D"
"TarBase (random subsets)",200,0.573644880562573,0.552303026908288,0.621196045424412,"D"
"TarBase (random subsets)",500,0.69118520856703,0.677356339141605,0.705810539987956,"D"
"TarBase (random subsets)",1000,0.722440609305472,0.708881760125086,0.741069833392223,"D"
"TarBase (random subsets)",2000,0.746066924896985,0.741483268532617,0.753862287938474,"D"
"TarBase (random subsets)",3047,0.755110375286715,0.755110375286715,0.755110375286715,"D"
"TargetScan (top-N, ranked)",50,0.388856734398635,0.388856734398635,0.388856734398635,"D"
"TargetScan (top-N, ranked)",100,0.466201924839453,0.466201924839453,0.466201924839453,"D"
"TargetScan (top-N, ranked)",200,0.499766663780895,0.499766663780895,0.499766663780895,"D"
"TargetScan (top-N, ranked)",500,0.553109058195549,0.553109058195549,0.553109058195549,"D"
"TargetScan (top-N, ranked)",1000,0.41727953395338,0.41727953395338,0.41727953395338,"D"
"TargetScan (top-N, ranked)",1534,0.167122963202194,0.167122963202194,0.167122963202194,"D"
