"covariate","rho","p_value","score","cell_set"
"log_size_factor",0.513316137390322,NA,"TarBase | A (raw sum)","all"
"log_total_umis",0.354709658188692,NA,"TarBase | A (raw sum)","all"
"genes_detected",0.551364768102677,NA,"TarBase | A (raw sum)","all"
"plate (Kruskal-Wallis p)",NA,1.08262456301099e-23,"TarBase | A (raw sum)","all"
"log_size_factor",0.516941411835659,NA,"TarBase | A (raw sum)","induced"
"log_total_umis",0.358155910010066,NA,"TarBase | A (raw sum)","induced"
"genes_detected",0.561830137430286,NA,"TarBase | A (raw sum)","induced"
"plate (Kruskal-Wallis p)",NA,4.42877773452302e-17,"TarBase | A (raw sum)","induced"
"log_size_factor",-0.771544245211671,NA,"TarBase | C (log ratio)","all"
"log_total_umis",-0.783445690045918,NA,"TarBase | C (log ratio)","all"
"genes_detected",-0.740628926345835,NA,"TarBase | C (log ratio)","all"
"plate (Kruskal-Wallis p)",NA,1.40325167394608e-14,"TarBase | C (log ratio)","all"
"log_size_factor",-0.793670944563515,NA,"TarBase | C (log ratio)","induced"
"log_total_umis",-0.799077777074567,NA,"TarBase | C (log ratio)","induced"
"genes_detected",-0.759981674372069,NA,"TarBase | C (log ratio)","induced"
"plate (Kruskal-Wallis p)",NA,6.01319014218652e-16,"TarBase | C (log ratio)","induced"
"log_size_factor",-0.281406354566492,NA,"TarBase | D (rank)","all"
"log_total_umis",-0.308989029881081,NA,"TarBase | D (rank)","all"
"genes_detected",-0.218399042159813,NA,"TarBase | D (rank)","all"
"plate (Kruskal-Wallis p)",NA,0.0975841579030729,"TarBase | D (rank)","all"
"log_size_factor",-0.231385474389362,NA,"TarBase | D (rank)","induced"
"log_total_umis",-0.262308213300691,NA,"TarBase | D (rank)","induced"
"genes_detected",-0.162779840585204,NA,"TarBase | D (rank)","induced"
"plate (Kruskal-Wallis p)",NA,0.314749800293825,"TarBase | D (rank)","induced"
"log_size_factor",-0.175635894867162,NA,"TargetScan top200 | A (raw sum)","all"
"log_total_umis",-0.164765277188308,NA,"TargetScan top200 | A (raw sum)","all"
"genes_detected",-0.163936823321767,NA,"TargetScan top200 | A (raw sum)","all"
"plate (Kruskal-Wallis p)",NA,0.213281109325854,"TargetScan top200 | A (raw sum)","all"
"log_size_factor",-0.211270415392647,NA,"TargetScan top200 | A (raw sum)","induced"
"log_total_umis",-0.190938033810396,NA,"TargetScan top200 | A (raw sum)","induced"
"genes_detected",-0.198457545017194,NA,"TargetScan top200 | A (raw sum)","induced"
"plate (Kruskal-Wallis p)",NA,0.802720273726161,"TargetScan top200 | A (raw sum)","induced"
"log_size_factor",-0.581798080779529,NA,"TargetScan top200 | C (log ratio)","all"
"log_total_umis",-0.555404642837932,NA,"TargetScan top200 | C (log ratio)","all"
"genes_detected",-0.576230000633041,NA,"TargetScan top200 | C (log ratio)","all"
"plate (Kruskal-Wallis p)",NA,7.65822023900056e-05,"TargetScan top200 | C (log ratio)","all"
"log_size_factor",-0.679720304662345,NA,"TargetScan top200 | C (log ratio)","induced"
"log_total_umis",-0.649675442063479,NA,"TargetScan top200 | C (log ratio)","induced"
"genes_detected",-0.673732589027162,NA,"TargetScan top200 | C (log ratio)","induced"
"plate (Kruskal-Wallis p)",NA,1.822826178268e-09,"TargetScan top200 | C (log ratio)","induced"
