"draw","rho_with_tarbase_score","rho_with_size_factor","rho_facs_induced","rho_mrna_induced"
1,0.919566518291681,0.49875946594292,0.0923422514217467,-0.0898462097163813
2,0.887326214661786,0.572918131020781,-0.0375486086725057,-0.219755469233837
3,0.861412152973468,0.537963052713266,-0.0249432243571736,-0.193089732074823
4,0.867475493169314,0.591273194353431,-0.0602409511590077,-0.232163666842841
5,0.918454663596626,0.505596797700604,0.0619988560567257,-0.108840266271518
6,0.91382156810052,0.579939862567888,0.0268993657405215,-0.162917265172321
7,0.861812585503286,0.587997558748775,-0.0342558807860672,-0.203564932054071
8,0.903104208227237,0.583811474577265,-0.0448910189752587,-0.22107255996135
9,0.868336228667347,0.497740942963758,0.00411035712884526,-0.153019873089781
10,0.871066732757285,0.549008930939754,-0.0571030511963284,-0.216738433304043
11,0.897463211458442,0.574907495384201,-0.0199238003429895,-0.193483124572399
12,0.893115654131699,0.548245183810662,-0.0103126340558534,-0.197272921820841
13,0.901922354745262,0.539672973329069,-0.00253192292390359,-0.18301205874056
14,0.902420936486258,0.577470054623431,0.0353431213763394,-0.154306484612865
15,0.885581149547243,0.619805738855769,-0.0629803516069226,-0.253123307836722
16,0.866262354989039,0.565699201398583,-0.0286674844175032,-0.203250088357268
17,0.901733398650057,0.544030775088558,-0.0121937933295273,-0.187840580790968
18,0.884448864028808,0.520519743894986,0.0339897956239,-0.139381726095711
19,0.883661842012854,0.51285716939068,0.0497010605145371,-0.123350150936911
20,0.895709236879726,0.577174823421385,-0.0123985552852423,-0.201098629408541
