"cell_id","plate","Dox_Concentration","Dox_Group","GFP_normalized","GFP_raw_counts","UMAP1","UMAP2"
"101_CAAGGACATCAGCCTTAGCG","101","1 Dox","Dox Induced",3256.40568891748,2687,4.21408244351774,-0.0399017346068069
"101_CAAGGACATCAGCTTAGAGG","101","1 Dox","Dox Induced",88.8732264387369,294,-1.11864880343051,2.67834925530713
"101_CAAGGACATCATGTCCACCG","101","1 Dox","Dox Induced",1988.60687699776,2137,4.1789459822598,-0.0304324639006301
"101_CAAGGACATCCCAAGCTCAG","101","1 Dox","Dox Induced",2745.01657762752,3356,3.75492068509488,-0.30081820608813
"101_CAAGGACATCCCGGATTAAT","101","1 Dox","Dox Induced",1097.28653435839,1229,-2.70723942537875,-2.721317650096
"101_CAAGGACATCCTCAATGCTC","101","1 Dox","Dox Induced",12.6001878974026,8,-0.772542035776088,-0.761863352076595
"101_CAAGGACATCGAAGTGACTC","101","1 Dox","Dox Induced",453.692202734851,780,-0.562720811563441,2.13001465676587
"101_CAAGGACATCTAATCACCAC","101","1 Dox","Dox Induced",4.55655262828182,4,-2.09067944307894,-1.89870886625487
"101_CAAGGACATCTGGCGCATCT","101","1 Dox","Dox Induced",607.542530691342,682,-1.89077190180392,2.84442210076612
"101_CAAGGACATCTTACGGAGTC","101","1 Dox","Dox Induced",1516.86736404465,1556,0.0172602770748642,1.57911705849927
"101_CAAGGACATCTTATCGCTGG","101","1 Dox","Dox Induced",287.533267025092,358,-1.14513138552279,1.03979039071363
"101_CAAGGACATCTTCTCCATTC","101","1 Dox","Dox Induced",618.80967457804,749,1.48353954533963,-0.222640873210017
"101_CAAGGACATCTTCTTGAGTG","101","1 Dox","Dox Induced",2725.77481148582,2286,4.11079021672635,-0.455353499667232
"101_CAAGGACATCTTGACAGCCT","101","1 Dox","Dox Induced",2837.58143877287,1191,2.06085327024489,1.46414995072645
"101_CAAGGACATCTTGTCGATAG","101","1 Dox","Dox Induced",390.625935971907,773,-0.319441831308314,2.15644597886365
"101_CCGACGCATTAGCCTTAGCG","101","1 Dox","Dox Induced",3369.14239386797,4240,4.61475464085965,1.65336274979871
"101_CCGACGCATTATGTCCACCG","101","1 Dox","Dox Induced",74.5144393369158,138,-2.6108706357059,-1.52602689089019
"101_CCGACGCATTCAAGAGCTGG","101","1 Dox","Dox Induced",1108.92920615654,793,0.00392504910855562,-2.7935490620299
"101_CCGACGCATTCCAAGCTCAG","101","1 Dox","Dox Induced",4393.46927317364,2938,4.52913924436002,0.798603295071538
"101_CCGACGCATTCCGGATTAAT","101","1 Dox","Dox Induced",3606.69741834657,3170,4.22189923505216,1.49431037781995
"101_CCGACGCATTCTCAATGCTC","101","1 Dox","Dox Induced",272.240867150317,223,-1.41830734034152,2.6930916297273
"101_CCGACGCATTGAAGTGACTC","101","1 Dox","Dox Induced",289.596894179937,436,-1.71374324579806,-0.814794720427577
"101_CCGACGCATTTAATCACCAC","101","1 Dox","Dox Induced",1027.86997881401,1418,2.87194981555372,1.02374863503736
"101_CCGACGCATTTGGCGCATCT","101","1 Dox","Dox Induced",954.958373799037,1057,1.81581606845289,-0.300984741465633
"101_CCGACGCATTTTACGGAGTC","101","1 Dox","Dox Induced",1431.63919967487,1327,-0.222142017084071,1.36492657540601
"101_CCGACGCATTTTATCGCTGG","101","1 Dox","Dox Induced",295.018993772092,348,0.563474619192174,2.42664503930372
"101_CCGACGCATTTTCTCCATTC","101","1 Dox","Dox Induced",2006.31543815959,2086,1.81011252979665,-0.318655968920772
"101_CCGACGCATTTTCTTGAGTG","101","1 Dox","Dox Induced",1327.36702096598,1616,1.53435107449918,-0.200606824175899
"101_CCGACGCATTTTGACAGCCT","101","1 Dox","Dox Induced",5479.56468864705,2267,4.48198124150663,1.43723392365735
"101_CCGACGCATTTTGTCGATAG","101","1 Dox","Dox Induced",143.328703875116,228,-2.66365507860751,-1.48451733710009
"101_CGGAGAGTCAAGCCTTAGCG","101","0.1 Dox","Dox Induced",1068.63798573647,1155,2.58698152880101,-0.212249161021297
"101_CGGAGAGTCAAGCTTAGAGG","101","0.1 Dox","Dox Induced",535.870020893509,986,-3.03836516161532,-3.53116917731005
"101_CGGAGAGTCAATGTCCACCG","101","0.1 Dox","Dox Induced",305.833663879236,506,-1.18137697001071,0.926363943798955
"101_CGGAGAGTCACAAGAGCTGG","101","0.1 Dox","Dox Induced",1099.1109070027,789,-0.491148030954311,1.99486446259778
"101_CGGAGAGTCACCAAGCTCAG","101","0.1 Dox","Dox Induced",1905.69725187692,1524,3.47561606149106,-0.40527594210345
"101_CGGAGAGTCACCGGATTAAT","101","0.1 Dox","Dox Induced",1196.64295297999,1717,0.213201367658665,1.89413237450879
"101_CGGAGAGTCACTCAATGCTC","101","0.1 Dox","Dox Induced",521.593266110488,731,-1.37540057917208,-0.199838877932613
"101_CGGAGAGTCAGAAGTGACTC","101","0.1 Dox","Dox Induced",545.396092463024,540,-1.22986439486117,-1.80333879710871
"101_CGGAGAGTCATAATCACCAC","101","0.1 Dox","Dox Induced",1889.32637770144,2188,3.39687212685972,0.861198424084599
"101_CGGAGAGTCATGGCGCATCT","101","0.1 Dox","Dox Induced",2984.8747975919,4276,3.69008394460111,1.09629058717054
"101_CGGAGAGTCATTACGGAGTC","101","0.1 Dox","Dox Induced",310.737929907305,468,-3.07637099047274,-3.6517410290404
"101_CGGAGAGTCATTATCGCTGG","101","0.1 Dox","Dox Induced",2890.54848040443,2232,4.45160957555204,0.765493630154546
"101_CGGAGAGTCATTCTCCATTC","101","0.1 Dox","Dox Induced",1671.28633019823,2016,3.06242712716489,0.428928374035771
"101_CGGAGAGTCATTCTTGAGTG","101","0.1 Dox","Dox Induced",157.478634816665,337,-1.66613200922579,0.944757698758061
"101_CGGAGAGTCATTGACAGCCT","101","0.1 Dox","Dox Induced",3708.23525563448,2708,3.74221404771238,0.991051672680791
"101_CGGAGAGTCATTGTCGATAG","101","0.1 Dox","Dox Induced",105.625354944915,94,-2.07641152163119,0.608960865719731
"101_CGGCAAGCTAAGCCTTAGCG","101","0.01 Dox","Dox Induced",1901.16202971556,1979,2.89975961427121,-0.231605888621394
"101_CGGCAAGCTAAGCTTAGAGG","101","0.01 Dox","Dox Induced",686.020185295656,1025,-2.95225981493563,-3.29987764479357
"101_CGGCAAGCTAATGTCCACCG","101","0.01 Dox","Dox Induced",113.673740728175,191,-2.50348738451571,-0.569152952448909
"101_CGGCAAGCTACAAGAGCTGG","101","0.01 Dox","Dox Induced",1070.8749521568,1195,-2.83965519686312,-2.60766440750796
"101_CGGCAAGCTACCAAGCTCAG","101","0.01 Dox","Dox Induced",190.070633581998,235,-2.91774920244784,-1.82644738377768
"101_CGGCAAGCTACCGGATTAAT","101","0.01 Dox","Dox Induced",1106.77300344101,1524,-0.356319940286586,-0.279742122904842
"101_CGGCAAGCTACTCAATGCTC","101","0.01 Dox","Dox Induced",1070.66515858745,1123,2.89443292598157,1.22783422349256
"101_CGGCAAGCTAGAAGTGACTC","101","0.01 Dox","Dox Induced",175.601604153743,394,-1.80607656260104,1.72807383416456
"101_CGGCAAGCTATGGCGCATCT","101","0.01 Dox","Dox Induced",1715.01100496795,2268,3.31156774739652,-0.261834622637813
"101_CGGCAAGCTATTACGGAGTC","101","0.01 Dox","Dox Induced",1301.70609487722,1809,1.86940028647809,-0.142886401431148
"101_CGGCAAGCTATTCTCCATTC","101","0.01 Dox","Dox Induced",2267.39312419418,2701,3.57942637185483,1.07242870209974
"101_CGGCAAGCTATTCTTGAGTG","101","0.01 Dox","Dox Induced",1713.88115186311,1876,2.96366795281797,0.135287402851994
"101_CGGCAAGCTATTGACAGCCT","101","0.01 Dox","Dox Induced",10.8720253600183,10,-3.39584854860873,-2.01150962831217
"101_CGGCAAGCTATTGTCGATAG","101","0.01 Dox","Dox Induced",1025.46981756175,1828,1.97395906726747,0.952383993847783
"101_CTGCAAGTGCAGCCTTAGCG","101","1 Dox","Dox Induced",213.795257783376,280,-2.3222267987308,-1.1176120650931
"101_CTGCAAGTGCATGTCCACCG","101","1 Dox","Dox Induced",2699.92346411804,3162,3.4554683802548,-0.279082418696468
"101_CTGCAAGTGCCAAGAGCTGG","101","1 Dox","Dox Induced",452.924606205292,131,-2.12489393969149,-2.36866027237612
"101_CTGCAAGTGCCCAAGCTCAG","101","1 Dox","Dox Induced",2746.29581143171,2663,3.00262882689863,0.786606310589726
"101_CTGCAAGTGCCCGGATTAAT","101","1 Dox","Dox Induced",46.5147092656292,68,-2.74013308306308,-1.93783316137034
"101_CTGCAAGTGCCTCAATGCTC","101","1 Dox","Dox Induced",2723.24664529042,2186,4.20384546498685,-0.378111482874934
"101_CTGCAAGTGCGAAGTGACTC","101","1 Dox","Dox Induced",473.776744808252,1322,-3.32601479311557,-3.5563128006621
"101_CTGCAAGTGCTAATCACCAC","101","1 Dox","Dox Induced",2858.94415780193,1946,-0.824198281961391,-1.23787298919398
"101_CTGCAAGTGCTGGCGCATCT","101","1 Dox","Dox Induced",6840.76143635055,3920,4.43588682393461,1.12099575875562
"101_CTGCAAGTGCTTACGGAGTC","101","1 Dox","Dox Induced",2644.15145187346,2498,4.35740324239164,-0.0439250481291458
"101_CTGCAAGTGCTTATCGCTGG","101","1 Dox","Dox Induced",335.194827996595,417,-0.851283586221645,1.88630771516126
"101_CTGCAAGTGCTTCTCCATTC","101","1 Dox","Dox Induced",3399.70552049028,2748,3.73597129563718,-0.679184139983241
"101_CTGCAAGTGCTTCTTGAGTG","101","1 Dox","Dox Induced",920.349988250748,1276,4.62411209325223,1.68762969849866
"101_CTGCAAGTGCTTGACAGCCT","101","1 Dox","Dox Induced",2438.5453455141,2014,3.57583161572843,1.37116861222547
"101_CTGCAAGTGCTTGTCGATAG","101","1 Dox","Dox Induced",962.21453014776,1126,3.39976569394498,-0.125217200533931
"101_GATGGACGCTAGCCTTAGCG","101","0.01 Dox","Dox Induced",1447.01353177463,1484,3.19880017022519,-0.126821638361995
"101_GATGGACGCTATGTCCACCG","101","0.01 Dox","Dox Induced",397.439987817404,909,-1.258889472681,0.99345350144666
"101_GATGGACGCTCAAGAGCTGG","101","0.01 Dox","Dox Induced",626.840690275527,780,2.89223440865903,-0.247563005702083
"101_GATGGACGCTCCAAGCTCAG","101","0.01 Dox","Dox Induced",6781.07480866547,3923,4.58146377782255,1.55290198205274
"101_GATGGACGCTCCGGATTAAT","101","0.01 Dox","Dox Induced",83.6324517736792,97,-2.006044185358,1.61027860520643
"101_GATGGACGCTCTCAATGCTC","101","0.01 Dox","Dox Induced",171.894472733959,314,-2.2185776593265,-0.988466144816463
"101_GATGGACGCTGAAGTGACTC","101","0.01 Dox","Dox Induced",2051.98769536914,3413,4.15594097356229,-0.422239543215816
"101_GATGGACGCTTAATCACCAC","101","0.01 Dox","Dox Induced",267.296001247251,218,-0.64554337282748,-0.588505269305293
"101_GATGGACGCTTGGCGCATCT","101","0.01 Dox","Dox Induced",63.1660445517535,58,-2.59970883150668,-0.659485520140712
"101_GATGGACGCTTTACGGAGTC","101","0.01 Dox","Dox Induced",1138.89303230971,1773,3.25438019017606,-0.0874099743529007
"101_GATGGACGCTTTATCGCTGG","101","0.01 Dox","Dox Induced",870.817499223456,980,-0.41918782015414,1.21897768853467
"101_GATGGACGCTTTCTCCATTC","101","0.01 Dox","Dox Induced",1325.34955837193,2260,2.30201143900781,1.45248436806958
"101_GATGGACGCTTTGACAGCCT","101","0.01 Dox","Dox Induced",1618.09585572881,2240,3.57544668893247,-0.186096907870357
"101_GATGGACGCTTTGTCGATAG","101","0.01 Dox","Dox Induced",1452.01338923537,2437,3.42482289056211,-0.317927957789485
"101_GGAAGGTACGAGCCTTAGCG","101","1 Dox","Dox Induced",1649.60410846245,2401,3.74480613450437,1.10520338891309
"101_GGAAGGTACGAGCTTAGAGG","101","1 Dox","Dox Induced",629.535430449314,1328,-0.354606902795741,-0.69900757195193
"101_GGAAGGTACGATGTCCACCG","101","1 Dox","Dox Induced",629.079612986367,1321,0.421336257261327,2.51758694527906
"101_GGAAGGTACGCAAGAGCTGG","101","1 Dox","Dox Induced",1892.34861924696,1970,3.02728065232663,0.681807278378423
"101_GGAAGGTACGCCAAGCTCAG","101","1 Dox","Dox Induced",548.22011134384,684,-2.56615284700961,-1.50386694194514
"101_GGAAGGTACGCCGGATTAAT","101","1 Dox","Dox Induced",2325.78954130293,2768,4.10204156617551,0.0492212760285691
"101_GGAAGGTACGCTCAATGCTC","101","1 Dox","Dox Induced",70.2762948449862,87,-1.79529384394259,2.81622910378736
"101_GGAAGGTACGGAAGTGACTC","101","1 Dox","Dox Induced",294.472107066008,391,-3.11165026445956,-2.60899448515612
"101_GGAAGGTACGTAATCACCAC","101","1 Dox","Dox Induced",84.7324076587474,113,-2.84767130632968,-1.75662429751593
"101_GGAAGGTACGTGGCGCATCT","101","1 Dox","Dox Induced",118.870480975816,170,-1.45016721506686,-2.17014807583529
"101_GGAAGGTACGTTATCGCTGG","101","1 Dox","Dox Induced",1088.48424062098,1153,-0.150559938150356,-0.743125559107845
"101_GGAAGGTACGTTCTCCATTC","101","1 Dox","Dox Induced",71.4111758479972,87,-0.181264436441371,2.59886145470899
"101_GGAAGGTACGTTCTTGAGTG","101","1 Dox","Dox Induced",472.949801687255,595,-1.75062898417086,-2.16132766129214
"101_GGAAGGTACGTTGACAGCCT","101","1 Dox","Dox Induced",217.522606444148,293,-1.32859853525729,2.44673991082471
"101_GGAAGGTACGTTGTCGATAG","101","1 Dox","Dox Induced",1183.39843888188,1536,-0.0552726151523086,-0.471690775172298
"101_GGCAATCCTCAGCCTTAGCG","101","0.01 Dox","Dox Induced",520.296737092984,363,-0.432381665903041,-0.138160110728328
"101_GGCAATCCTCAGCTTAGAGG","101","0.01 Dox","Dox Induced",1298.79557255399,2004,-0.235801971155116,-3.27953112246234
"101_GGCAATCCTCCAAGAGCTGG","101","0.01 Dox","Dox Induced",2340.78811770712,926,-2.05612639208407,-2.38634622217852
"101_GGCAATCCTCCCAAGCTCAG","101","0.01 Dox","Dox Induced",993.148516357077,1476,-0.187549865442226,-0.678348006026332
"101_GGCAATCCTCGAAGTGACTC","101","0.01 Dox","Dox Induced",404.987474510631,889,1.55488225201993,-0.199403406397884
"101_GGCAATCCTCTAATCACCAC","101","0.01 Dox","Dox Induced",68.7546741003335,62,-2.16742209215731,-0.168874026553218
"101_GGCAATCCTCTGGCGCATCT","101","0.01 Dox","Dox Induced",835.382394712331,1131,-0.265004670816371,-0.732097030894344
"101_GGCAATCCTCTTACGGAGTC","101","0.01 Dox","Dox Induced",2001.01275043961,3080,4.66052623967557,1.70454716561597
"101_GGCAATCCTCTTCTCCATTC","101","0.01 Dox","Dox Induced",1315.59021395023,1559,1.95907250921159,-0.146742345110957
"101_GGCAATCCTCTTCTTGAGTG","101","0.01 Dox","Dox Induced",549.156838800138,890,0.05309435109525,2.33370900033277
"101_GGCAATCCTCTTGACAGCCT","101","0.01 Dox","Dox Induced",1150.76519855928,887,-1.34856251497836,-2.08784672738749
"101_GGCAATCCTCTTGTCGATAG","101","0.01 Dox","Dox Induced",6.89252071118163,11,-1.01496127863497,-0.348690272585933
"101_TACGCTACTAAGCTTAGAGG","101","0.01 Dox","Dox Induced",40.9467999675882,99,-1.75411776323886,2.08038186906141
"101_TACGCTACTAATGTCCACCG","101","0.01 Dox","Dox Induced",453.991977994969,1235,-1.41077641268344,1.5921452033357
"101_TACGCTACTACAAGAGCTGG","101","0.01 Dox","Dox Induced",5611.88799329826,2628,3.12116726617246,-1.36899963142115
"101_TACGCTACTACCAAGCTCAG","101","0.01 Dox","Dox Induced",475.927888827567,390,0.652045452398351,2.53705906747144
"101_TACGCTACTACCGGATTAAT","101","0.01 Dox","Dox Induced",339.175937593483,281,-0.363836562829921,-3.3371772778197
"101_TACGCTACTACTCAATGCTC","101","0.01 Dox","Dox Induced",5356.30251247098,4812,3.22983857373624,-1.24902832628924
"101_TACGCTACTAGAAGTGACTC","101","0.01 Dox","Dox Induced",1534.57065466497,2870,-0.138951814371059,-3.15953004481036
"101_TACGCTACTATGGCGCATCT","101","0.01 Dox","Dox Induced",3115.55002020679,2344,4.3422453043881,0.199198244793828
"101_TACGCTACTATTCTCCATTC","101","0.01 Dox","Dox Induced",2402.71456117203,2211,3.51146885136991,1.20381116746228
"101_TACGCTACTATTCTTGAGTG","101","0.01 Dox","Dox Induced",575.725028667826,940,1.72614946345716,-0.222275258318965
"101_TACGCTACTATTGACAGCCT","101","0.01 Dox","Dox Induced",3069.87122000557,2904,4.01285775880246,1.29072475312513
"101_TACGCTACTATTGTCGATAG","101","0.01 Dox","Dox Induced",98.7036584003769,196,-3.10363940020175,-3.08640921236712
"101_TAGAGAGATGAGCCTTAGCG","101","Control","No Dox",7.28549932882255,14,-2.43703011293978,-1.79898271085459
"101_TAGAGAGATGATGTCCACCG","101","Control","No Dox",4.33874261074723,10,-1.94461134691806,0.592626570446904
"101_TAGAGAGATGCAAGAGCTGG","101","Control","No Dox",0.653391440422969,1,-1.37942580004306,-1.90525561691958
"101_TAGAGAGATGCCAAGCTCAG","101","Control","No Dox",3.30521898153898,5,-1.7032676102695,2.20765542863172
"101_TAGAGAGATGCCGGATTAAT","101","Control","No Dox",2.13046629154378,5,-1.97273424883456,1.94617318986219
"101_TAGAGAGATGCTCAATGCTC","101","Control","No Dox",4.81032175462027,5,-1.18052891512484,-0.403143526331966
"101_TAGAGAGATGGAAGTGACTC","101","Control","No Dox",4.16675107463865,9,-1.63114837427706,1.92519259331983
"101_TAGAGAGATGTTACGGAGTC","101","Control","No Dox",4.47237551543148,6,-3.49392489214511,-2.09213081123072
"101_TAGAGAGATGTTATCGCTGG","101","Control","No Dox",5.10612550884851,6,-1.7306216122684,0.375613449795659
"101_TAGAGAGATGTTCTCCATTC","101","Control","No Dox",5.12221742159312,8,-1.65085843821139,2.00187253831189
"101_TAGAGAGATGTTCTTGAGTG","101","Control","No Dox",6.52921032183352,13,-1.4478998543796,-0.419969083087032
"101_TAGAGAGATGTTGACAGCCT","101","Control","No Dox",4.28503126902358,4,2.8508563874188,0.35649061082166
"101_TAGAGAGATGTTGTCGATAG","101","Control","No Dox",13.2382684935476,11,-2.13126782198519,2.01598787186902
"101_TAGATCTCTCAGCCTTAGCG","101","0.1 Dox","Dox Induced",3891.68503204772,3731,3.37201639394193,-0.858961941020076
"101_TAGATCTCTCAGCTTAGAGG","101","0.1 Dox","Dox Induced",323.710553777588,687,-3.31996897478671,-3.42424774290759
"101_TAGATCTCTCCAAGAGCTGG","101","0.1 Dox","Dox Induced",58.8753693925932,52,-3.40514353533358,-2.79100585104663
"101_TAGATCTCTCCCAAGCTCAG","101","0.1 Dox","Dox Induced",4391.94658276336,2406,3.18378897885709,-1.29212951780993
"101_TAGATCTCTCCCGGATTAAT","101","0.1 Dox","Dox Induced",3926.13906776078,2934,4.13934322575956,-0.0425090801878616
"101_TAGATCTCTCCTCAATGCTC","101","0.1 Dox","Dox Induced",2791.89098945388,1593,2.52033900598913,1.29093742249769
"101_TAGATCTCTCGAAGTGACTC","101","0.1 Dox","Dox Induced",869.714191590397,1055,-0.492636239725063,1.03151059029859
"101_TAGATCTCTCTAATCACCAC","101","0.1 Dox","Dox Induced",60.7681895890205,59,-1.51365331431002,1.61557769654554
"101_TAGATCTCTCTGGCGCATCT","101","0.1 Dox","Dox Induced",154.767086075355,204,-1.47685388346286,2.86071658013624
"101_TAGATCTCTCTTACGGAGTC","101","0.1 Dox","Dox Induced",2723.66372576493,2813,4.15599247197538,0.0516525494889573
"101_TAGATCTCTCTTATCGCTGG","101","0.1 Dox","Dox Induced",188.423859715855,267,-0.636063373285243,2.06751179574292
"101_TAGATCTCTCTTCTCCATTC","101","0.1 Dox","Dox Induced",974.23408956546,1409,3.91938480119138,-0.281396628634517
"101_TAGATCTCTCTTGACAGCCT","101","0.1 Dox","Dox Induced",1345.00699649945,1675,-0.298617875772426,1.53868722794812
"101_TAGATCTCTCTTGTCGATAG","101","0.1 Dox","Dox Induced",3030.89742663827,4342,3.65342792252927,-0.293522001521175
"101_TAGCTCCAGAATGTCCACCG","101","0.1 Dox","Dox Induced",25.9865239078489,45,-0.131643808084438,-3.1575958740874
"101_TAGCTCCAGACAAGAGCTGG","101","0.1 Dox","Dox Induced",1601.00294762775,824,0.441207015317967,2.0547060954408
"101_TAGCTCCAGACCGGATTAAT","101","0.1 Dox","Dox Induced",391.659458781059,409,-2.16040447970004,1.36585330842298
"101_TAGCTCCAGACTCAATGCTC","101","0.1 Dox","Dox Induced",1019.19400746944,876,-0.561408317285487,-0.705556691901271
"101_TAGCTCCAGAGAAGTGACTC","101","0.1 Dox","Dox Induced",444.121865493054,611,-1.47711614389987,2.68746685860914
"101_TAGCTCCAGATAATCACCAC","101","0.1 Dox","Dox Induced",436.332320049461,588,-3.2472756268558,-3.3039752257033
"101_TAGCTCCAGATGGCGCATCT","101","0.1 Dox","Dox Induced",14.1105993750518,22,-2.27361181994052,0.0122857081727341
"101_TAGCTCCAGATTACGGAGTC","101","0.1 Dox","Dox Induced",721.118706442319,1536,0.563005173009923,2.2325682627992
"101_TAGCTCCAGATTATCGCTGG","101","0.1 Dox","Dox Induced",1084.72159145029,2000,2.48940657953649,1.34546422837537
"101_TAGCTCCAGATTCTCCATTC","101","0.1 Dox","Dox Induced",134.722658563082,235,-1.69805005808444,-2.8994981062575
"101_TAGCTCCAGATTCTTGAGTG","101","0.1 Dox","Dox Induced",1614.28305199938,2524,3.6206283209744,1.11460542557996
"101_TAGCTCCAGATTGACAGCCT","101","0.1 Dox","Dox Induced",4280.00838881101,4254,3.71616204957395,1.11738872407239
"101_TAGCTCCAGATTGTCGATAG","101","0.1 Dox","Dox Induced",2925.95606540357,3176,3.05765869597822,0.485476015789922
"101_TCCGGATTCGAGCCTTAGCG","101","0.01 Dox","Dox Induced",4525.21634552858,2437,4.59145590047269,1.67999505875867
"101_TCCGGATTCGAGCTTAGAGG","101","0.01 Dox","Dox Induced",79.100158484845,194,-1.55563000460238,1.01929354546827
"101_TCCGGATTCGATGTCCACCG","101","0.01 Dox","Dox Induced",7297.64143108771,2745,4.53237172345548,0.740665434582646
"101_TCCGGATTCGCAAGAGCTGG","101","0.01 Dox","Dox Induced",1214.44288617655,1111,-0.302799499231288,-0.76062274100024
"101_TCCGGATTCGCCAAGCTCAG","101","0.01 Dox","Dox Induced",1002.45559334933,790,-0.467130935388515,1.35351753114026
"101_TCCGGATTCGCCGGATTAAT","101","0.01 Dox","Dox Induced",242.156928704442,244,-2.16472939272494,1.55682277558606
"101_TCCGGATTCGCTCAATGCTC","101","0.01 Dox","Dox Induced",123.768132612237,155,-3.46943310518832,-2.18693482996661
"101_TCCGGATTCGGAAGTGACTC","101","0.01 Dox","Dox Induced",1684.06213662784,1887,2.09492246097802,0.000253437741215556
"101_TCCGGATTCGTAATCACCAC","101","0.01 Dox","Dox Induced",731.236509796684,487,-1.29328612108798,1.60399007676404
"101_TCCGGATTCGTGGCGCATCT","101","0.01 Dox","Dox Induced",240.602523194808,283,-0.766013181405971,2.13656568406385
"101_TCCGGATTCGTTACGGAGTC","101","0.01 Dox","Dox Induced",238.295040668598,422,-0.491130387979457,-0.594888807551448
"101_TCCGGATTCGTTATCGCTGG","101","0.01 Dox","Dox Induced",1028.49918080131,1251,0.507918083471349,2.41732048867505
"101_TCCGGATTCGTTCTCCATTC","101","0.01 Dox","Dox Induced",101.471297832666,99,-1.56419495363803,-1.84394948305327
"101_TCCGGATTCGTTCTTGAGTG","101","0.01 Dox","Dox Induced",3286.2688998947,3219,4.5773400900784,1.62639045594495
"101_TCCGGATTCGTTGTCGATAG","101","0.01 Dox","Dox Induced",110.306478923561,104,-0.252285039621303,-3.13168335081774
"101_TCGTGAAGCGAGCCTTAGCG","101","0 Dox","No Dox",6.9507321036756,7,-1.64077452440829,0.560259579403813
"101_TCGTGAAGCGAGCTTAGAGG","101","0 Dox","No Dox",1.92402461906405,3,-1.54478577395053,1.15151309846204
"101_TCGTGAAGCGCAAGAGCTGG","101","0 Dox","No Dox",6.41680234640309,6,-1.32563427706332,-3.05793929220874
"101_TCGTGAAGCGCCAAGCTCAG","101","0 Dox","No Dox",8.82955752775957,4,-2.45269755144686,-0.0250673306151077
"101_TCGTGAAGCGCCGGATTAAT","101","0 Dox","No Dox",2.67003147092113,3,-1.49230364580722,2.29260420678418
"101_TCGTGAAGCGCTCAATGCTC","101","0 Dox","No Dox",9.09375476424325,5,-2.13665703554721,0.384557245953496
"101_TCGTGAAGCGGAAGTGACTC","101","0 Dox","No Dox",2.95985680388868,3,1.02710016946225,0.0335882890061692
"101_TCGTGAAGCGTAATCACCAC","101","0 Dox","No Dox",0,0,-3.60422734041781,-2.02581441523272
"101_TCGTGAAGCGTGGCGCATCT","101","0 Dox","No Dox",6.59143017676958,6,-2.1040084721622,0.928839443905766
"101_TCGTGAAGCGTTACGGAGTC","101","0 Dox","No Dox",6.16947520242465,6,-3.53690794725985,-2.01910120369631
"101_TCGTGAAGCGTTCTCCATTC","101","0 Dox","No Dox",2.30901792929903,4,-2.18614653368563,-0.134114266650264
"101_TCGTGAAGCGTTCTTGAGTG","101","0 Dox","No Dox",7.35185416317191,7,-1.85150960703463,1.20476198075574
"101_TCGTGAAGCGTTGACAGCCT","101","0 Dox","No Dox",0.780693707834952,1,-2.5095408322391,-0.695843936221187
"101_TCGTGAAGCGTTGTCGATAG","101","0 Dox","No Dox",2.83275596996671,2,-3.11724499483676,-2.06233966471392
"101_TCTGCGTTAAAGCCTTAGCG","101","1 Dox","Dox Induced",203.967169725496,580,-1.9920380475101,2.52484249947828
"101_TCTGCGTTAACCAAGCTCAG","101","1 Dox","Dox Induced",1232.81420819715,823,-2.7571428181705,-2.98556828619677
"101_TCTGCGTTAACCGGATTAAT","101","1 Dox","Dox Induced",1314.59686629558,1099,-0.587117469507167,0.39433503030103
"101_TCTGCGTTAACTCAATGCTC","101","1 Dox","Dox Induced",526.126904898123,470,-3.00002983828158,-3.26950562121112
"101_TCTGCGTTAAGAAGTGACTC","101","1 Dox","Dox Induced",2419.2139162071,2803,4.10571762303739,-0.421904684321468
"101_TCTGCGTTAATAATCACCAC","101","1 Dox","Dox Induced",575.386366215718,545,-1.42833951731295,0.489259241803105
"101_TCTGCGTTAATGGCGCATCT","101","1 Dox","Dox Induced",4632.48741042204,3654,4.39872976521879,0.840557574017461
"101_TCTGCGTTAATTACGGAGTC","101","1 Dox","Dox Induced",2258.04720424931,1419,4.42384740094571,0.217008827908452
"101_TCTGCGTTAATTATCGCTGG","101","1 Dox","Dox Induced",1324.66747192583,1739,-0.228344476419398,-0.768685938136165
"101_TCTGCGTTAATTCTCCATTC","101","1 Dox","Dox Induced",411.546681907121,300,-1.26810482760043,1.79549217103284
"101_TCTGCGTTAATTGACAGCCT","101","1 Dox","Dox Induced",756.067792593336,404,0.235667073530248,-0.518570066706721
"101_TCTGCGTTAATTGTCGATAG","101","1 Dox","Dox Induced",863.764504910651,471,-0.439638412195155,2.03724789498609
"101_TGACACCGTAAGCCTTAGCG","101","0 Dox","No Dox",18.2669001982776,38,-1.36142233629794,-0.319126726405208
"101_TGACACCGTAAGCTTAGAGG","101","0 Dox","No Dox",3.0791111333381,3,0.69775303582578,0.173982022984441
"101_TGACACCGTAATGTCCACCG","101","0 Dox","No Dox",10.0898270005035,16,-1.49925211687655,2.39509796975416
"101_TGACACCGTACAAGAGCTGG","101","0 Dox","No Dox",0,0,-1.99332360048861,1.23582315324109
"101_TGACACCGTACCAAGCTCAG","101","0 Dox","No Dox",15.2155918850458,18,-3.55234745760531,-2.02559664966304
"101_TGACACCGTACCGGATTAAT","101","0 Dox","No Dox",10.9955188783579,16,-1.47587970514865,2.83989739297193
"101_TGACACCGTACTCAATGCTC","101","0 Dox","No Dox",12.9265970916292,6,4.67423125485807,1.51292872308057
"101_TGACACCGTAGAAGTGACTC","101","0 Dox","No Dox",9.52779823717281,11,-1.31024554987521,-0.235105038897578
"101_TGACACCGTATAATCACCAC","101","0 Dox","No Dox",8.17776884215894,7,-3.34903076906771,-3.36382532240588
"101_TGACACCGTATGGCGCATCT","101","0 Dox","No Dox",6.97731824592769,12,-1.91119173784823,0.252796529515202
"101_TGACACCGTATTACGGAGTC","101","0 Dox","No Dox",10.0370030566009,16,-3.55811814089389,-2.04838010789592
"101_TGACACCGTATTATCGCTGG","101","0 Dox","No Dox",3.26977878124914,8,-1.81349328775973,2.65051770089429
"101_TGACACCGTATTCTCCATTC","101","0 Dox","No Dox",4.71120243009594,14,0.33629223088651,2.58595871804517
"101_TGACACCGTATTGACAGCCT","101","0 Dox","No Dox",10.3369154660495,10,-0.917457139688441,1.48805284379285
"101_TGACACCGTATTGTCGATAG","101","0 Dox","No Dox",7.73253973875419,10,-0.306291854577968,-3.32946765543658
"101_TGACCATGAAAGCCTTAGCG","101","0 Dox","No Dox",2.27812966554253,5,-1.88531593103976,0.446006773693974
"101_TGACCATGAAAGCTTAGAGG","101","0 Dox","No Dox",3.26358934189373,5,-2.07397822161288,0.960604904873784
"101_TGACCATGAAATGTCCACCG","101","0 Dox","No Dox",16.0033993868249,11,-1.18001655359835,-0.409184218661372
"101_TGACCATGAACAAGAGCTGG","101","0 Dox","No Dox",0,0,-2.15141514559359,0.749529122097905
"101_TGACCATGAACCAAGCTCAG","101","0 Dox","No Dox",1.23558055249199,1,-2.12729624529452,2.00733375428479
"101_TGACCATGAACCGGATTAAT","101","0 Dox","No Dox",1.4985514309749,4,-1.98191384096713,0.926022289975102
"101_TGACCATGAACTCAATGCTC","101","0 Dox","No Dox",5.13751804137344,4,-1.6569538476047,0.587482689602788
"101_TGACCATGAAGAAGTGACTC","101","0 Dox","No Dox",1.62955296554091,3,-2.04298094530673,2.01983809350293
"101_TGACCATGAATAATCACCAC","101","0 Dox","No Dox",0.614411439402696,1,-3.28083685656161,-2.02393266679484
"101_TGACCATGAATGGCGCATCT","101","0 Dox","No Dox",2.42224241895536,4,-0.362742698389003,-3.13447392107684
"101_TGACCATGAATTACGGAGTC","101","0 Dox","No Dox",6.50436092748008,8,-0.490010059076259,-3.43236911417681
"101_TGACCATGAATTATCGCTGG","101","0 Dox","No Dox",0.327972463252778,1,-1.97731903811068,2.85745692132276
"101_TGACCATGAATTCTCCATTC","101","0 Dox","No Dox",4.15142422492169,5,-3.46371535082431,-2.07830649735171
"101_TGACCATGAATTCTTGAGTG","101","0 Dox","No Dox",2.3308563688342,5,-1.41704610605807,1.77282500146192
"101_TGACCATGAATTGACAGCCT","101","0 Dox","No Dox",6.21525186042837,5,-2.31338051577182,0.5151131141023
"101_TGACCATGAATTGTCGATAG","101","0 Dox","No Dox",4.13971099584789,3,-1.49303821344943,-3.03964495779711
"101_TGATGGAGAAAGCCTTAGCG","101","0.01 Dox","Dox Induced",1348.58044007369,1132,-0.269095933633754,1.06928110001844
"101_TGATGGAGAAAGCTTAGAGG","101","0.01 Dox","Dox Induced",434.525457107318,836,-3.04944351931185,-2.43142730118472
"101_TGATGGAGAACAAGAGCTGG","101","0.01 Dox","Dox Induced",5256.01760867691,3741,3.18434282521634,-1.26672831298548
"101_TGATGGAGAACCAAGCTCAG","101","0.01 Dox","Dox Induced",1847.87471804507,1823,-0.257304465967128,0.993677376492436
"101_TGATGGAGAACCGGATTAAT","101","0.01 Dox","Dox Induced",1291.96177552321,1957,-0.00766471644015043,-0.494698406474178
"101_TGATGGAGAACTCAATGCTC","101","0.01 Dox","Dox Induced",1606.12990083748,780,2.78888937215238,-0.144908548609798
"101_TGATGGAGAAGAAGTGACTC","101","0.01 Dox","Dox Induced",1287.10509954866,2289,2.75715228299527,1.15236925957959
"101_TGATGGAGAATAATCACCAC","101","0.01 Dox","Dox Induced",3890.41757040657,2286,-0.439740216928432,-3.46396350981433
"101_TGATGGAGAATGGCGCATCT","101","0.01 Dox","Dox Induced",313.831221867352,462,-2.09756687899203,2.68247961877149
"101_TGATGGAGAATTACGGAGTC","101","0.01 Dox","Dox Induced",14.3973946610066,26,-1.11910895128817,1.00755905984205
"101_TGATGGAGAATTATCGCTGG","101","0.01 Dox","Dox Induced",608.381846842673,990,-2.87081030626864,-3.18132639052111
"101_TGATGGAGAATTCTCCATTC","101","0.01 Dox","Dox Induced",246.118536632737,546,-0.302792585092494,2.15393829224866
"101_TGATGGAGAATTCTTGAGTG","101","0.01 Dox","Dox Induced",1352.4802703276,1594,-0.265395200448939,-3.31619405867297
"101_TGATGGAGAATTGACAGCCT","101","0.01 Dox","Dox Induced",581.571413900497,515,-0.796672141748378,1.90449881432813
"101_TGATGGAGAATTGTCGATAG","101","0.01 Dox","Dox Induced",712.458719738764,1231,-0.549379146295497,1.75442433236402
"101_TTAGGCATCCAGCTTAGAGG","101","0 Dox","No Dox",2.84979386659391,3,-2.00987604876132,0.457021712048467
"101_TTAGGCATCCATGTCCACCG","101","0 Dox","No Dox",3.42992051753185,3,-1.07360438128085,2.75097727654737
"101_TTAGGCATCCCAAGAGCTGG","101","0 Dox","No Dox",0,0,-1.43016747255892,-2.16783410431582
"101_TTAGGCATCCCCAAGCTCAG","101","0 Dox","No Dox",4.97045452360895,4,-3.18212584276767,-1.93152395011622
"101_TTAGGCATCCCCGGATTAAT","101","0 Dox","No Dox",0.734459083333716,1,-1.57832602282138,0.830165384991582
"101_TTAGGCATCCCTCAATGCTC","101","0 Dox","No Dox",1.17833066602775,1,-3.15990093966098,-1.93089684964854
"101_TTAGGCATCCGAAGTGACTC","101","0 Dox","No Dox",3.13907645236468,3,-1.97771958132357,0.635187386258061
"101_TTAGGCATCCTAATCACCAC","101","0 Dox","No Dox",0.985944224258245,1,-2.23033312578768,-0.759208024756496
"101_TTAGGCATCCTGGCGCATCT","101","0 Dox","No Dox",3.0183643895242,3,0.7396868107739,0.0699768054322556
"101_TTAGGCATCCTTACGGAGTC","101","0 Dox","No Dox",5.70432587338577,6,-0.43609193583102,-2.74844026686389
"101_TTAGGCATCCTTATCGCTGG","101","0 Dox","No Dox",1.70735717738671,3,-0.553013122278163,-3.32564926268298
"101_TTAGGCATCCTTCTCCATTC","101","0 Dox","No Dox",0,0,-1.68525747080416,2.49298167107862
"101_TTAGGCATCCTTGACAGCCT","101","0 Dox","No Dox",1.13122456948596,1,-2.00632265825839,1.93763279794019
"101_TTAGGCATCCTTGTCGATAG","101","0 Dox","No Dox",2.64210534901568,2,-1.57004359980197,1.29008030770582
"101_TTATGGCCTTAGCCTTAGCG","101","0 Dox","No Dox",4.78956950690757,10,-1.52078036089511,-0.444448472277705
"101_TTATGGCCTTAGCTTAGAGG","101","0 Dox","No Dox",4.99268195635127,5,-0.906724012094447,-0.591789127604549
"101_TTATGGCCTTATGTCCACCG","101","0 Dox","No Dox",2.35980702982284,2,-3.24972418566317,-1.99759918572146
"101_TTATGGCCTTCAAGAGCTGG","101","0 Dox","No Dox",4.0146941963791,4,-2.15066651125521,2.57100701211255
"101_TTATGGCCTTCCAAGCTCAG","101","0 Dox","No Dox",6.96868830550684,6,-0.345845258432338,-2.98770988108355
"101_TTATGGCCTTCTCAATGCTC","101","0 Dox","No Dox",5.01724125928422,4,1.04502102116971,0.0377321231202439
"101_TTATGGCCTTGAAGTGACTC","101","0 Dox","No Dox",2.64864111550072,3,-2.19867972155184,1.21476840852063
"101_TTATGGCCTTTGGCGCATCT","101","0 Dox","No Dox",7.61046140016867,8,-2.60672501345248,-0.673254491107051
"101_TTATGGCCTTTTACGGAGTC","101","0 Dox","No Dox",3.91489045279116,5,-0.83670262117953,1.97802901147168
"101_TTATGGCCTTTTATCGCTGG","101","0 Dox","No Dox",0.572120917658691,2,-1.94035509844393,0.944211958630498
"101_TTATGGCCTTTTCTCCATTC","101","0 Dox","No Dox",3.18606415572624,4,-1.1517322423038,-0.362841845767085
"101_TTATGGCCTTTTCTTGAGTG","101","0 Dox","No Dox",4.9050127990281,7,-2.54574230928988,-0.9338974368735
"101_TTATGGCCTTTTGACAGCCT","101","0 Dox","No Dox",0.522764209281533,1,-1.37148526926608,-0.200321437136714
"101_TTATGGCCTTTTGTCGATAG","101","0 Dox","No Dox",4.19094277050363,4,-3.41920689364047,-2.17640280844409
"101_TTCCAGCTATAGCCTTAGCG","101","0.1 Dox","Dox Induced",421.290796347651,660,-0.583337581354091,2.1392586219148
"101_TTCCAGCTATAGCTTAGAGG","101","0.1 Dox","Dox Induced",540.432659803002,1097,-0.201361215311,1.70399641869825
"101_TTCCAGCTATATGTCCACCG","101","0.1 Dox","Dox Induced",7726.19525005806,5911,4.54200574139982,1.64195036767286
"101_TTCCAGCTATCAAGAGCTGG","101","0.1 Dox","Dox Induced",29.7552522224998,33,-3.64458922167392,-1.90235182763774
"101_TTCCAGCTATCCAAGCTCAG","101","0.1 Dox","Dox Induced",207.212648627093,447,-1.99151877184481,-0.589430094973628
"101_TTCCAGCTATCCGGATTAAT","101","0.1 Dox","Dox Induced",15.0664834153332,33,-1.80478361864657,2.53414368508619
"101_TTCCAGCTATCTCAATGCTC","101","0.1 Dox","Dox Induced",336.022914597419,698,-0.684528625207851,-0.518020988719051
"101_TTCCAGCTATTAATCACCAC","101","0.1 Dox","Dox Induced",69.9382483198903,118,-2.04456166048617,0.844499586804326
"101_TTCCAGCTATTGGCGCATCT","101","0.1 Dox","Dox Induced",4075.2607560784,4785,4.64318867902189,1.69440674660962
"101_TTCCAGCTATTTACGGAGTC","101","0.1 Dox","Dox Induced",413.569308609222,533,-1.97939757128329,-0.359451175944392
"101_TTCCAGCTATTTCTCCATTC","101","0.1 Dox","Dox Induced",247.05278139269,654,-1.13258818407626,1.49006605027478
"101_TTCCAGCTATTTGACAGCCT","101","0.1 Dox","Dox Induced",1051.87775621312,1866,-3.27802542467684,-3.53054034830767
"101_TTCCAGCTATTTGTCGATAG","101","0.1 Dox","Dox Induced",679.679552035624,1104,-0.387850558954189,-3.41159761072833
"101_TTCCGTGCTGAGCCTTAGCG","101","0.1 Dox","Dox Induced",17.8672827387231,23,-2.08924464006991,2.68867468713086
"101_TTCCGTGCTGAGCTTAGAGG","101","0.1 Dox","Dox Induced",196.303743921944,425,-0.714112794595668,1.12143015740674
"101_TTCCGTGCTGATGTCCACCG","101","0.1 Dox","Dox Induced",472.746081324134,776,-1.93658283968539,2.42912411568921
"101_TTCCGTGCTGCAAGAGCTGG","101","0.1 Dox","Dox Induced",55.9114190449669,76,-1.75297597666354,-1.98777082683284
"101_TTCCGTGCTGCCAAGCTCAG","101","0.1 Dox","Dox Induced",158.897103081203,215,-1.4803762795505,-1.94220614554126
"101_TTCCGTGCTGCCGGATTAAT","101","0.1 Dox","Dox Induced",584.722797126595,779,-0.664915836053798,1.5593664634065
"101_TTCCGTGCTGCTCAATGCTC","101","0.1 Dox","Dox Induced",1377.6632470231,1567,-0.321917331415126,-3.23980200411517
"101_TTCCGTGCTGGAAGTGACTC","101","0.1 Dox","Dox Induced",2432.95653090791,1695,-1.48433951159091,-3.03837561728198
"101_TTCCGTGCTGTAATCACCAC","101","0.1 Dox","Dox Induced",247.933953405023,286,-0.316068446832606,-0.333543301837032
"101_TTCCGTGCTGTGGCGCATCT","101","0.1 Dox","Dox Induced",825.016487838809,1027,-3.26711014528842,-3.6566637766524
"101_TTCCGTGCTGTTACGGAGTC","101","0.1 Dox","Dox Induced",855.868812568775,1430,-2.98281124849887,-2.9661394369765
"101_TTCCGTGCTGTTATCGCTGG","101","0.1 Dox","Dox Induced",243.037845292075,556,-2.79977921267123,-1.74742577345807
"101_TTCCGTGCTGTTCTTGAGTG","101","0.1 Dox","Dox Induced",1718.53823170569,3188,3.81618686894803,0.857148884518559
"101_TTCCGTGCTGTTGACAGCCT","101","0.1 Dox","Dox Induced",129.884562955843,237,-3.15187672396273,-2.03104242803294
"101_TTCCGTGCTGTTGTCGATAG","101","0.1 Dox","Dox Induced",6180.27703566323,3428,3.11493691186338,-1.30952781559664
"101_TTCGCACGCAAGCCTTAGCG","101","1 Dox","Dox Induced",778.290128064357,1450,-3.27134112139315,-3.30120945097644
"101_TTCGCACGCAAGCTTAGAGG","101","1 Dox","Dox Induced",1341.6155247698,2450,4.07082625607877,-0.0868307364149734
"101_TTCGCACGCAATGTCCACCG","101","1 Dox","Dox Induced",272.186629508893,135,-1.53980830927462,-3.08730697752673
"101_TTCGCACGCACAAGAGCTGG","101","1 Dox","Dox Induced",3167.84928427665,1225,4.39016171674161,0.300987719281133
"101_TTCGCACGCACCAAGCTCAG","101","1 Dox","Dox Induced",3618.36194966943,1578,4.61223050336271,1.72324108956617
"101_TTCGCACGCACCGGATTAAT","101","1 Dox","Dox Induced",969.851164010509,645,0.840570771497777,2.20238065598768
"101_TTCGCACGCACTCAATGCTC","101","1 Dox","Dox Induced",3383.05478080525,1563,2.98603018502622,0.931585310681279
"101_TTCGCACGCAGAAGTGACTC","101","1 Dox","Dox Induced",1447.16676916014,1965,2.77894576768308,1.12774443505567
"101_TTCGCACGCATGGCGCATCT","101","1 Dox","Dox Induced",2036.3999096785,1766,-0.146450317102382,-3.02610385538775
"101_TTCGCACGCATTACGGAGTC","101","1 Dox","Dox Induced",1330.64296487024,2472,-0.257310426431606,-3.26249253870684
"101_TTCGCACGCATTATCGCTGG","101","1 Dox","Dox Induced",97.5287366358518,137,2.47952520231633,-0.00633597494799343
"101_TTCGCACGCATTCTCCATTC","101","1 Dox","Dox Induced",9.74492324800747,5,-2.37157086153598,-0.923702598826472
"101_TTCGCACGCATTCTTGAGTG","101","1 Dox","Dox Induced",585.46768130898,715,-3.36585310717196,-3.22404623152453
"101_TTCGCACGCATTGACAGCCT","101","1 Dox","Dox Induced",1671.10246795982,1045,4.04460283498197,-0.377984286562984
"101_TTCGCACGCATTGTCGATAG","101","1 Dox","Dox Induced",1168.1885058774,706,-0.476419723230312,-0.357023478762691
"101_TTGTCTGCAAAGCCTTAGCG","101","0.1 Dox","Dox Induced",2952.88811366215,2013,3.23977276067167,-1.29701250912387
"101_TTGTCTGCAAATGTCCACCG","101","0.1 Dox","Dox Induced",208.530597588193,128,1.78565954546361,-0.248499990717952
"101_TTGTCTGCAACAAGAGCTGG","101","0.1 Dox","Dox Induced",902.280664000805,381,-0.461724317270229,1.95725345490735
"101_TTGTCTGCAACCAAGCTCAG","101","0.1 Dox","Dox Induced",3239.85822577218,3006,4.25473304967313,0.997606037838872
"101_TTGTCTGCAACCGGATTAAT","101","0.1 Dox","Dox Induced",2485.20085297303,2068,-0.00753096361727446,-2.90773892523486
"101_TTGTCTGCAACTCAATGCTC","101","0.1 Dox","Dox Induced",1283.0666153901,2030,0.060599529546788,0.719124554379399
"101_TTGTCTGCAAGAAGTGACTC","101","0.1 Dox","Dox Induced",1047.29405452482,1406,-0.252453363138148,1.68468141434949
"101_TTGTCTGCAATGGCGCATCT","101","0.1 Dox","Dox Induced",3073.95827338718,3459,4.00554319600492,1.07994985459607
"101_TTGTCTGCAATTACGGAGTC","101","0.1 Dox","Dox Induced",4031.19306199929,2290,3.8224128125134,1.16391038773816
"101_TTGTCTGCAATTATCGCTGG","101","0.1 Dox","Dox Induced",1137.74054327998,1364,-0.318473375040004,-3.35958159090716
"101_TTGTCTGCAATTCTTGAGTG","101","0.1 Dox","Dox Induced",3224.35276777977,2651,3.20673378686338,-1.26034674169261
"101_TTGTCTGCAATTGACAGCCT","101","0.1 Dox","Dox Induced",602.859450568579,565,-0.49929240961642,0.481355665905888
"101_TTGTCTGCAATTGTCGATAG","101","0.1 Dox","Dox Induced",1657.1890071219,1310,2.20438385884195,1.15294265626233
"103_CAAGGACATCACCTCACCAG","103","1 Dox","Dox Induced",1205.03678555242,1238,0.327746712965062,2.09181451676648
"103_CAAGGACATCAGCAACAGTA","103","1 Dox","Dox Induced",639.785779930921,349,0.49709066132932,2.52762102959913
"103_CAAGGACATCAGGCGGATCA","103","1 Dox","Dox Induced",667.781929560618,484,1.99274675677448,-0.0939339411421463
"103_CAAGGACATCCCGCCGATAA","103","1 Dox","Dox Induced",1542.53452556717,689,1.89676142613321,-0.379499794261043
"103_CAAGGACATCCGGTTGGCTA","103","1 Dox","Dox Induced",686.83839920712,480,-0.816856897073695,-0.115887285487239
"103_CAAGGACATCGAATGAACGT","103","1 Dox","Dox Induced",2126.67140815869,1369,4.01629658917814,-0.523428441302364
"103_CAAGGACATCGAGCGGAACT","103","1 Dox","Dox Induced",601.159174573609,772,-3.24669483919711,-3.29615891100604
"103_CAAGGACATCTGACAGAGGT","103","1 Dox","Dox Induced",1804.71543059607,890,3.73364242295652,-0.378664375559871
"103_CAAGGACATCTGCAGGCTAC","103","1 Dox","Dox Induced",155.647441357617,221,-1.41835669298739,1.52126622079175
"103_CAAGGACATCTTATGCCGCT","103","1 Dox","Dox Induced",1805.27350852173,891,3.46670767049222,-0.40104580046374
"103_CAAGGACATCTTATTCGCCT","103","1 Dox","Dox Induced",821.526349817343,446,-2.24198225756259,2.49875235436719
"103_CAAGGACATCTTCTCGCCTC","103","1 Dox","Dox Induced",563.754902344929,466,-3.2330983044681,-3.48750913263995
"103_CAAGGACATCTTGCTAAGGA","103","1 Dox","Dox Induced",3205.5632734502,1224,3.9119268296185,-0.622959615008418
"103_CCGACGCATTACCTCACCAG","103","1 Dox","Dox Induced",1407.68930246073,1627,1.3164792893353,-0.162089229838435
"103_CCGACGCATTCCGCCGATAA","103","1 Dox","Dox Induced",2226.58632699294,1774,0.0262746451321152,-2.79200053335864
"103_CCGACGCATTCGGTTGGCTA","103","1 Dox","Dox Induced",506.233862453802,811,2.19768405835061,1.52086448548597
"103_CCGACGCATTGAATGAACGT","103","1 Dox","Dox Induced",2884.75459587708,1718,3.20165582875638,0.768636940701421
"103_CCGACGCATTGAGCGGAACT","103","1 Dox","Dox Induced",947.540404335275,1536,-0.408816611963222,1.85719466088575
"103_CCGACGCATTTGACAGAGGT","103","1 Dox","Dox Induced",1294.31518886183,1456,-0.0646903874453995,-2.6604444992705
"103_CCGACGCATTTGCAGGCTAC","103","1 Dox","Dox Induced",709.75201895451,700,1.84009652714162,-0.146326900736873
"103_CCGACGCATTTTATGCCGCT","103","1 Dox","Dox Induced",570.419993720638,157,-3.07123640795321,-3.04840588690478
"103_CCGACGCATTTTATTCGCCT","103","1 Dox","Dox Induced",514.176585714672,453,-1.83274415751071,-0.609691263453548
"103_CCGACGCATTTTCTCGCCTC","103","1 Dox","Dox Induced",148.359772100988,100,-3.70569542666049,-1.27317661167819
"103_CGGAGAGTCAACCTCACCAG","103","0.1 Dox","Dox Induced",5880.92150125605,1669,4.3183982012692,0.201689361317571
"103_CGGAGAGTCAAGGCGGATCA","103","0.1 Dox","Dox Induced",2885.87248322542,2444,-0.256496226983974,1.06120943902295
"103_CGGAGAGTCACCGCCGATAA","103","0.1 Dox","Dox Induced",4179.62823635307,1954,4.11321064214139,-0.483284593836848
"103_CGGAGAGTCAGAATGAACGT","103","0.1 Dox","Dox Induced",3288.91470204474,3387,3.84323688725858,1.4294619548158
"103_CGGAGAGTCATGACAGAGGT","103","0.1 Dox","Dox Induced",1470.85313169931,845,1.98006906489759,-0.049224973933284
"103_CGGAGAGTCATGCAGGCTAC","103","0.1 Dox","Dox Induced",5346.03681918749,3041,-0.162750041681239,1.70943832276624
"103_CGGAGAGTCATTACCGGACC","103","0.1 Dox","Dox Induced",1756.10205194634,2745,2.3088367817822,1.44969844697278
"103_CGGAGAGTCATTATGCCGCT","103","0.1 Dox","Dox Induced",613.149471802985,237,-1.19177154322238,-1.58913295836884
"103_CGGAGAGTCATTATTCGCCT","103","0.1 Dox","Dox Induced",792.260657710948,656,-0.615363633829066,0.862871407254155
"103_CGGAGAGTCATTCTCGCCTC","103","0.1 Dox","Dox Induced",7069.33666900997,3151,3.83812650422483,1.12303995965284
"103_CGGAGAGTCATTGCTAAGGA","103","0.1 Dox","Dox Induced",1027.71654969717,629,-0.328588521676967,1.84266662476819
"103_CGGCAAGCTAAACATAGCCT","103","0.01 Dox","Dox Induced",3813.42799589346,3387,3.4382952092114,0.034380196316655
"103_CGGCAAGCTAACCTCACCAG","103","0.01 Dox","Dox Induced",7618.37116546572,1747,3.68143364171415,0.661680220349248
"103_CGGCAAGCTAAGCAACAGTA","103","0.01 Dox","Dox Induced",6045.57386931765,1626,4.27971597890287,1.082841633542
"103_CGGCAAGCTAAGGCGGATCA","103","0.01 Dox","Dox Induced",475.110374473943,258,-0.42431215067477,1.92854738114637
"103_CGGCAAGCTACCGCCGATAA","103","0.01 Dox","Dox Induced",145.862105251569,235,-1.97865179796786,0.333060501797612
"103_CGGCAAGCTAGAATGAACGT","103","0.01 Dox","Dox Induced",4911.33113103944,5479,3.72923477868467,1.26642179368299
"103_CGGCAAGCTAGAGCGGAACT","103","0.01 Dox","Dox Induced",3310.44994975225,2092,2.56274815778165,1.28388094781202
"103_CGGCAAGCTATGACAGAGGT","103","0.01 Dox","Dox Induced",149.852522665004,286,-1.11485937853427,2.0828084933595
"103_CGGCAAGCTATGCAGGCTAC","103","0.01 Dox","Dox Induced",189.331187579755,137,-1.44531635065646,1.64273118851941
"103_CGGCAAGCTATTCTCGCCTC","103","0.01 Dox","Dox Induced",1108.61089564869,1397,-0.517208612161586,0.433340309842046
"103_CGGCAAGCTATTGCTAAGGA","103","0.01 Dox","Dox Induced",4743.33419144557,1786,3.71643861512571,-0.284162522570674
"103_CTGCAAGTGCAACATAGCCT","103","1 Dox","Dox Induced",196.726911425293,193,-1.82163337488742,-1.89350642384726
"103_CTGCAAGTGCACCTCACCAG","103","1 Dox","Dox Induced",437.728257764921,132,-3.41955021639437,-2.35676390053469
"103_CTGCAAGTGCCCGCCGATAA","103","1 Dox","Dox Induced",1411.4170453916,456,-3.04076746721835,-2.68847823263842
"103_CTGCAAGTGCGAATGAACGT","103","1 Dox","Dox Induced",991.547704585094,1459,-3.04859570284457,-3.1469894659682
"103_CTGCAAGTGCTGACAGAGGT","103","1 Dox","Dox Induced",594.350906299754,328,-2.77736023684115,-1.41333066047866
"103_CTGCAAGTGCTGCAGGCTAC","103","1 Dox","Dox Induced",154.349261785037,112,-2.99471262713046,-1.91307687880236
"103_CTGCAAGTGCTTACCGGACC","103","1 Dox","Dox Induced",58.5253919073423,128,-1.5431261422214,-0.0647001278563186
"103_CTGCAAGTGCTTATGCCGCT","103","1 Dox","Dox Induced",643.472395111801,1023,-0.133293903070399,1.85297870515149
"103_CTGCAAGTGCTTATTCGCCT","103","1 Dox","Dox Induced",2277.71460614387,956,-3.27566317339511,-3.66416263701159
"103_CTGCAAGTGCTTGCTAAGGA","103","1 Dox","Dox Induced",7033.33764601068,2426,4.28483744840055,0.127579926236089
"103_GATGGACGCTAACATAGCCT","103","0.01 Dox","Dox Induced",266.955629939079,406,-1.02372435350985,-0.51556122423846
"103_GATGGACGCTACCTCACCAG","103","0.01 Dox","Dox Induced",399.351075172837,637,-1.29690507670016,1.84221100686353
"103_GATGGACGCTAGCAACAGTA","103","0.01 Dox","Dox Induced",360.55654719715,105,-1.36857060213656,-0.734245659129207
"103_GATGGACGCTCCGCCGATAA","103","0.01 Dox","Dox Induced",6176.76538850185,2265,4.41766091565519,-0.0278476488753006
"103_GATGGACGCTCGGTTGGCTA","103","0.01 Dox","Dox Induced",2626.77145916886,1247,1.93309053162961,0.125699518902715
"103_GATGGACGCTGAATGAACGT","103","0.01 Dox","Dox Induced",195.907612744107,212,-1.96940115709872,-0.125532509104793
"103_GATGGACGCTGAGCGGAACT","103","0.01 Dox","Dox Induced",4687.47422665795,1625,2.96374829987912,-1.2430111479922
"103_GATGGACGCTTGACAGAGGT","103","0.01 Dox","Dox Induced",5946.06233525372,3908,4.45072408894925,1.53260445473951
"103_GATGGACGCTTGCAGGCTAC","103","0.01 Dox","Dox Induced",1899.83207347878,2136,2.35405226926236,1.39218425629895
"103_GATGGACGCTTTATGCCGCT","103","0.01 Dox","Dox Induced",489.740018380361,304,-0.00496653338045805,2.30414199708265
"103_GATGGACGCTTTCTCGCCTC","103","0.01 Dox","Dox Induced",478.757324376961,508,1.43752028922468,-0.254768372790401
"103_GGAAGGTACGAACATAGCCT","103","1 Dox","Dox Induced",4872.44851673084,4124,4.33863421658902,1.09228682397168
"103_GGAAGGTACGACCTCACCAG","103","1 Dox","Dox Induced",193.662538663747,95,-1.54012755175204,1.45962691186231
"103_GGAAGGTACGCCGCCGATAA","103","1 Dox","Dox Induced",774.570098439269,432,3.42354270200162,-0.356158138529842
"103_GGAAGGTACGCGGTTGGCTA","103","1 Dox","Dox Induced",3130.41411763766,2446,3.1577239869061,1.20234560845655
"103_GGAAGGTACGGAATGAACGT","103","1 Dox","Dox Induced",435.372711395256,802,-2.83213452120394,-2.55979424835879
"103_GGAAGGTACGTGACAGAGGT","103","1 Dox","Dox Induced",511.622977049391,397,-3.24373940249057,-3.62689995886523
"103_GGAAGGTACGTGCAGGCTAC","103","1 Dox","Dox Induced",2260.11350256267,1398,3.21555122117429,-0.146865607516353
"103_GGAAGGTACGTTATGCCGCT","103","1 Dox","Dox Induced",9841.48903987797,2608,4.33668109158902,0.489952801449712
"103_GGAAGGTACGTTATTCGCCT","103","1 Dox","Dox Induced",1463.44160408446,1206,-0.293709075647304,-3.33128118635852
"103_GGAAGGTACGTTCTCGCCTC","103","1 Dox","Dox Induced",149.186781477244,101,-2.50245455523104,-0.394251586215083
"103_GGCAATCCTCACCTCACCAG","103","0.01 Dox","Dox Induced",4159.65961342756,1604,3.99463101605802,1.12897539017957
"103_GGCAATCCTCAGGCGGATCA","103","0.01 Dox","Dox Induced",1948.95003026785,439,3.9600773690167,-0.478569031970088
"103_GGCAATCCTCCAGGCTCCAA","103","0.01 Dox","Dox Induced",8.80853963279027,5,-1.40246537943454,2.26259660599988
"103_GGCAATCCTCCCGCCGATAA","103","0.01 Dox","Dox Induced",128.739485611162,103,-1.48768333216281,2.67483878014844
"103_GGCAATCCTCGAATGAACGT","103","0.01 Dox","Dox Induced",3103.60105711648,2808,3.16579445580869,0.342278836949284
"103_GGCAATCCTCGAGCGGAACT","103","0.01 Dox","Dox Induced",4422.10430193258,2255,4.38767834882169,0.225509999974187
"103_GGCAATCCTCTGACAGAGGT","103","0.01 Dox","Dox Induced",5135.44895402194,2077,3.31648787240415,0.601271389706548
"103_GGCAATCCTCTGCAGGCTAC","103","0.01 Dox","Dox Induced",288.844912498397,163,-2.09631279726596,-1.75115210683781
"103_GGCAATCCTCTTACCGGACC","103","0.01 Dox","Dox Induced",3689.76895962435,3374,4.12213608006864,1.34724497674268
"103_GGCAATCCTCTTATTCGCCT","103","0.01 Dox","Dox Induced",664.066679711047,545,0.486167514127782,2.3496701705293
"103_GGCAATCCTCTTCTCGCCTC","103","0.01 Dox","Dox Induced",115.681546444235,104,-1.54499057550997,2.80001997826856
"103_GGCAATCCTCTTGCTAAGGA","103","0.01 Dox","Dox Induced",580.355154503263,365,-0.600818908410976,-0.0498675120039627
"103_TACGCTACTAAGCAACAGTA","103","0.01 Dox","Dox Induced",5108.4862776287,1671,4.14972707013517,0.00937628625195774
"103_TACGCTACTAAGGCGGATCA","103","0.01 Dox","Dox Induced",1186.35659023085,1324,-2.80777386446566,-2.58803469063479
"103_TACGCTACTACAGGCTCCAA","103","0.01 Dox","Dox Induced",1434.36571554434,429,3.22952219228177,0.306793926937993
"103_TACGCTACTACCGCCGATAA","103","0.01 Dox","Dox Induced",1897.2543921594,1515,-0.343767202096889,1.68500852464002
"103_TACGCTACTACGGTTGGCTA","103","0.01 Dox","Dox Induced",67.3192164307802,34,-1.89283064623446,-0.0456292641325637
"103_TACGCTACTAGAATGAACGT","103","0.01 Dox","Dox Induced",966.535582896758,1004,-0.412573135095546,1.89098453400892
"103_TACGCTACTAGAGCGGAACT","103","0.01 Dox","Dox Induced",9742.41629479857,1698,3.84144493321805,1.53309464333814
"103_TACGCTACTATGACAGAGGT","103","0.01 Dox","Dox Induced",1385.96497578768,694,-3.25708369036288,-3.36580968023974
"103_TACGCTACTATTACCGGACC","103","0.01 Dox","Dox Induced",1184.56993050601,1139,3.11826893071561,0.778680800183232
"103_TACGCTACTATTATTCGCCT","103","0.01 Dox","Dox Induced",477.080572618884,259,-3.19861820955844,-2.22352242590625
"103_TACGCTACTATTCTCGCCTC","103","0.01 Dox","Dox Induced",4490.38899117528,2707,-3.270786082941,-3.65747785689074
"103_TACGCTACTATTGCTAAGGA","103","0.01 Dox","Dox Induced",2503.65024454464,2031,2.06125126163392,1.05507659791272
"103_TAGAGAGATGACCTCACCAG","103","Control","No Dox",6.01283061886526,6,-1.98774889727206,0.555832861645635
"103_TAGAGAGATGAGCAACAGTA","103","Control","No Dox",6.09620993689021,7,-1.59555176516146,2.25998687623304
"103_TAGAGAGATGCCGCCGATAA","103","Control","No Dox",3.54657917800054,2,-3.34699372072787,-2.16208112360675
"103_TAGAGAGATGCGGTTGGCTA","103","Control","No Dox",2.79785480936926,2,-1.44066098948092,-2.12958791972834
"103_TAGAGAGATGGAATGAACGT","103","Control","No Dox",2.59449179292051,3,-2.00405577440829,1.65118980286878
"103_TAGAGAGATGGAGCGGAACT","103","Control","No Dox",1.51098547702435,1,-1.21123460550875,2.83141922829908
"103_TAGAGAGATGTGACAGAGGT","103","Control","No Dox",6.10917614278502,5,2.71360876540571,0.147093175633366
"103_TAGAGAGATGTGCAGGCTAC","103","Control","No Dox",6.48678026688543,6,-1.59588817377658,2.27189755318921
"103_TAGAGAGATGTTATGCCGCT","103","Control","No Dox",10.1707529260626,5,-2.0666640164432,0.00306391595166478
"103_TAGAGAGATGTTATTCGCCT","103","Control","No Dox",4.43287205529252,3,-1.742292440134,1.2245218741731
"103_TAGAGAGATGTTGCTAAGGA","103","Control","No Dox",4.61817745145498,7,-1.54278377314181,2.76683974145215
"103_TAGATCTCTCACCTCACCAG","103","0.1 Dox","Dox Induced",973.497286171675,455,-0.931722438531825,1.58782625077527
"103_TAGATCTCTCCAGGCTCCAA","103","0.1 Dox","Dox Induced",7869.63104862389,2978,3.79283364991575,1.34993457673353
"103_TAGATCTCTCCGGTTGGCTA","103","0.1 Dox","Dox Induced",2213.26054510758,1049,2.70494546870618,1.37296938775342
"103_TAGATCTCTCGAATGAACGT","103","0.1 Dox","Dox Induced",116.22107998992,160,-1.72838190813632,0.527411459668095
"103_TAGATCTCTCTGACAGAGGT","103","0.1 Dox","Dox Induced",3544.63034058316,1464,-0.254887378412196,-0.734543503539149
"103_TAGATCTCTCTGCAGGCTAC","103","0.1 Dox","Dox Induced",30225.6775719706,7086,4.4932815669003,0.805124758465703
"103_TAGATCTCTCTTACCGGACC","103","0.1 Dox","Dox Induced",1769.71252850132,2408,2.21829491238027,-0.0306133043928787
"103_TAGATCTCTCTTATTCGCCT","103","0.1 Dox","Dox Induced",2381.50154751279,971,1.73807650188833,-0.231628538386409
"103_TAGATCTCTCTTCTCGCCTC","103","0.1 Dox","Dox Induced",1776.44735957155,1107,-2.68203810473056,-2.76321327807147
"103_TAGCTCCAGAACCTCACCAG","103","0.1 Dox","Dox Induced",3279.77342516554,800,2.19303977618842,1.5245113360719
"103_TAGCTCCAGAGAATGAACGT","103","0.1 Dox","Dox Induced",6917.67667565308,5774,3.81032046059995,0.809243201001103
"103_TAGCTCCAGAGAGCGGAACT","103","0.1 Dox","Dox Induced",995.304245206627,189,-0.563821351724574,2.01861142991346
"103_TAGCTCCAGATGACAGAGGT","103","0.1 Dox","Dox Induced",644.508775320727,850,-2.31321553011508,-1.06871819616992
"103_TAGCTCCAGATGCAGGCTAC","103","0.1 Dox","Dox Induced",1190.48077530488,501,-0.782637393670985,-0.807110966460292
"103_TCCGGATTCGACCTCACCAG","103","0.01 Dox","Dox Induced",5920.69952110662,2484,4.44994708279996,0.27121376870435
"103_TCCGGATTCGAGCAACAGTA","103","0.01 Dox","Dox Induced",310.44671750768,304,-2.29229429979892,-1.20986986281115
"103_TCCGGATTCGAGGCGGATCA","103","0.01 Dox","Dox Induced",86.9663099775761,93,-1.50754026194186,-0.484633327738826
"103_TCCGGATTCGCCGCCGATAA","103","0.01 Dox","Dox Induced",574.626883360728,315,-0.276931083398769,2.00311350701612
"103_TCCGGATTCGCGGTTGGCTA","103","0.01 Dox","Dox Induced",6183.78358094619,2208,3.70333274583249,1.14818525193494
"103_TCCGGATTCGGAATGAACGT","103","0.01 Dox","Dox Induced",723.975057236355,950,-0.757499015527675,0.906699894650395
"103_TCCGGATTCGGAGCGGAACT","103","0.01 Dox","Dox Induced",672.434300413864,772,-2.84845951815219,-2.56880992771823
"103_TCCGGATTCGTGACAGAGGT","103","0.01 Dox","Dox Induced",4411.20031452721,1711,2.50819897035985,1.29589223740857
"103_TCCGGATTCGTTATGCCGCT","103","0.01 Dox","Dox Induced",2153.61016739203,1300,-3.27931479235263,-3.67442894102771
"103_TCCGGATTCGTTATTCGCCT","103","0.01 Dox","Dox Induced",1796.11307526489,1425,-0.484529292779872,1.33673119424146
"103_TCCGGATTCGTTCTCGCCTC","103","0.01 Dox","Dox Induced",4255.05744800391,1990,3.7834643958035,1.18059086678785
"103_TCGTGAAGCGAACATAGCCT","103","0 Dox","No Dox",34.7244019612707,6,-0.717392957406947,-0.0769194376631424
"103_TCGTGAAGCGAGGCGGATCA","103","0 Dox","No Dox",7.26692006834697,5,-1.5675619008121,0.777395008786137
"103_TCGTGAAGCGCGGTTGGCTA","103","0 Dox","No Dox",10.2212525043503,3,-1.81305364389987,-0.0664610874815628
"103_TCGTGAAGCGGAATGAACGT","103","0 Dox","No Dox",4.5324652504951,4,-1.23170689364047,0.799977539761479
"103_TCGTGAAGCGGAGCGGAACT","103","0 Dox","No Dox",17.94056191984,3,-2.39912298937411,0.0159765469865158
"103_TCGTGAAGCGTGACAGAGGT","103","0 Dox","No Dox",9.16954305623657,3,-2.82117012758822,-1.11485111834246
"103_TCGTGAAGCGTGCAGGCTAC","103","0 Dox","No Dox",2.19166456561753,1,-2.62366560717196,-1.0934952509566
"103_TCGTGAAGCGTTACCGGACC","103","0 Dox","No Dox",2.07700601884973,4,4.07677861432462,-0.384984375254695
"103_TCGTGAAGCGTTATTCGCCT","103","0 Dox","No Dox",4.13658775041455,2,-1.42234948893161,1.57247447846692
"103_TCGTGAAGCGTTCTCGCCTC","103","0 Dox","No Dox",4.75372211570801,4,-0.471722877222011,-2.77355039240557
"103_TCGTGAAGCGTTGCTAAGGA","103","0 Dox","No Dox",2.32464919743584,4,-0.370498454767177,-3.30827319742877
"103_TCTGCGTTAAAGCAACAGTA","103","1 Dox","Dox Induced",1072.55927154307,1574,-0.27062824984164,-0.805818737761562
"103_TCTGCGTTAACAGGCTCCAA","103","1 Dox","Dox Induced",1797.41955842095,954,0.742182218832066,2.45789885400098
"103_TCTGCGTTAACCGCCGATAA","103","1 Dox","Dox Induced",1730.25370020796,700,3.11374946813016,1.17610287545484
"103_TCTGCGTTAACGGTTGGCTA","103","1 Dox","Dox Induced",2896.74595605319,2199,1.34886141995816,-0.104809166209285
"103_TCTGCGTTAAGAATGAACGT","103","1 Dox","Dox Induced",1094.99380475001,1470,-2.93424919863314,-3.24954235674578
"103_TCTGCGTTAAGAGCGGAACT","103","1 Dox","Dox Induced",1401.47470752746,1399,-0.182400977807948,1.91003918526929
"103_TCTGCGTTAATGACAGAGGT","103","1 Dox","Dox Induced",1591.10020128595,1338,3.62362107018857,-0.299882055537288
"103_TCTGCGTTAATGCAGGCTAC","103","1 Dox","Dox Induced",605.806062000364,249,1.56593831757932,-0.287948490397517
"103_TCTGCGTTAATTATGCCGCT","103","1 Dox","Dox Induced",8.32223568913637,9,-1.99038103838534,1.9294197547273
"103_TCTGCGTTAATTATTCGCCT","103","1 Dox","Dox Induced",2937.10610206714,1905,1.93179098646074,-0.315097452418391
"103_TCTGCGTTAATTCTCGCCTC","103","1 Dox","Dox Induced",1142.39277426057,707,1.93198127428918,-0.200764418856685
"103_TCTGCGTTAATTGCTAAGGA","103","1 Dox","Dox Induced",4201.83547554567,1271,3.883555257124,-0.585926057116573
"103_TGACACCGTAAACATAGCCT","103","0 Dox","No Dox",7.91966263115804,10,-0.303250825601527,-3.29750645281512
"103_TGACACCGTAACCTCACCAG","103","0 Dox","No Dox",8.68177386542402,6,-1.265405929285,2.09804773209852
"103_TGACACCGTAAGCAACAGTA","103","0 Dox","No Dox",3.05388898311355,5,-2.55904606600375,-1.21620485307414
"103_TGACACCGTAAGGCGGATCA","103","0 Dox","No Dox",3.2755870829075,8,-2.06594113131137,2.64541554330152
"103_TGACACCGTACAGGCTCCAA","103","0 Dox","No Dox",2.36992354614156,4,-1.77295497675509,2.48139834283155
"103_TGACACCGTACCGCCGATAA","103","0 Dox","No Dox",20.1842632379373,13,1.03427287320524,0.0296840655640915
"103_TGACACCGTACGGTTGGCTA","103","0 Dox","No Dox",12.8424911234923,12,-0.773147380548427,-3.14104402186114
"103_TGACACCGTAGAGCGGAACT","103","0 Dox","No Dox",8.96269635332589,12,-0.352124011712978,-2.83299183966357
"103_TGACACCGTATGCAGGCTAC","103","0 Dox","No Dox",16.5101954273801,9,-2.14640549440951,0.337277172787602
"103_TGACACCGTATTACCGGACC","103","0 Dox","No Dox",3.2416341407345,10,0.476941191953709,2.59924721596998
"103_TGACACCGTATTATGCCGCT","103","0 Dox","No Dox",6.75619661521373,8,-1.71657255907626,2.27129506943982
"103_TGACACCGTATTATTCGCCT","103","0 Dox","No Dox",5.32792937557564,4,-1.90280226488681,1.28078746674817
"103_TGACACCGTATTCTCGCCTC","103","0 Dox","No Dox",11.1056324549267,8,-1.42393974085421,0.892534970028813
"103_TGACACCGTATTGCTAAGGA","103","0 Dox","No Dox",23.7263831729664,10,-3.14107016344638,-3.35294890524584
"103_TGACCATGAAAACATAGCCT","103","0 Dox","No Dox",2.3170320974558,4,-1.5304320218143,2.65553688882154
"103_TGACCATGAAACCTCACCAG","103","0 Dox","No Dox",2.03246904819604,3,-1.69043258448214,-0.368933798090999
"103_TGACCATGAAAGCAACAGTA","103","0 Dox","No Dox",0.425436618835756,1,-1.16950467844577,2.84117627023023
"103_TGACCATGAACCGCCGATAA","103","0 Dox","No Dox",0,0,-1.69311050196261,2.09553432343763
"103_TGACCATGAACGGTTGGCTA","103","0 Dox","No Dox",13.5458187556423,6,-2.17167834063143,0.568058012707646
"103_TGACCATGAAGAGCGGAACT","103","0 Dox","No Dox",7.25754874948708,4,-1.55620960016818,2.25185513375562
"103_TGACCATGAATGACAGAGGT","103","0 Dox","No Dox",13.8207344362982,5,-2.84784296770663,-1.49020910383898
"103_TGACCATGAATGCAGGCTAC","103","0 Dox","No Dox",15.6301580127191,6,-0.426374709802577,-3.37782216192919
"103_TGACCATGAATTACCGGACC","103","0 Dox","No Dox",2.2571001413036,7,-1.51958636065097,1.66540002702039
"103_TGACCATGAATTATGCCGCT","103","0 Dox","No Dox",1.4395762225172,2,-2.54012707491488,-0.893942178504054
"103_TGACCATGAATTATTCGCCT","103","0 Dox","No Dox",5.32580867045067,4,-2.52694872637362,-2.07052666069705
"103_TGACCATGAATTCTCGCCTC","103","0 Dox","No Dox",8.63093826405216,8,-0.39244107027621,-3.22971010328967
"103_TGACCATGAATTGCTAAGGA","103","0 Dox","No Dox",13.075655105544,6,-2.37607840319247,-0.271018506304805
"103_TGATGGAGAAACCTCACCAG","103","0.01 Dox","Dox Induced",2409.92123716138,1588,3.8482826588574,1.45983362077039
"103_TGATGGAGAAAGGCGGATCA","103","0.01 Dox","Dox Induced",364.521831762959,424,-2.82664946337313,-2.53416776777941
"103_TGATGGAGAACAGGCTCCAA","103","0.01 Dox","Dox Induced",1475.05894019216,1081,-0.408201730447719,0.567236660702641
"103_TGATGGAGAACCGCCGATAA","103","0.01 Dox","Dox Induced",3315.72998350703,1309,2.95240643004804,1.04911422608655
"103_TGATGGAGAAGAATGAACGT","103","0.01 Dox","Dox Induced",35.945675471359,36,-1.87512854357333,2.07905125497144
"103_TGATGGAGAAGAGCGGAACT","103","0.01 Dox","Dox Induced",3012.69319828588,2080,4.07421454171567,-0.476659537570064
"103_TGATGGAGAATGACAGAGGT","103","0.01 Dox","Dox Induced",2088.79648792725,2833,3.47639604787259,1.15422034142774
"103_TGATGGAGAATGCAGGCTAC","103","0.01 Dox","Dox Induced",804.538972828679,641,-3.36387947817416,-3.23440563799578
"103_TGATGGAGAATTACCGGACC","103","0.01 Dox","Dox Induced",54.0941351915174,103,-1.80911186953158,-0.669199289099757
"103_TGATGGAGAATTATGCCGCT","103","0.01 Dox","Dox Induced",4689.42005292084,1981,3.15124150494962,1.22519945977491
"103_TGATGGAGAATTCTCGCCTC","103","0.01 Dox","Dox Induced",173.180632773661,200,-1.19235566874118,1.86390805123609
"103_TGATGGAGAATTGCTAAGGA","103","0.01 Dox","Dox Induced",1044.00239057722,1652,1.82713963965802,-0.137330771700923
"103_TTAGGCATCCAACATAGCCT","103","0 Dox","No Dox",4.7848246571107,2,-1.67698720713229,-0.148062707202022
"103_TTAGGCATCCACCTCACCAG","103","0 Dox","No Dox",4.98383053081894,5,-1.01792958994479,2.11947774766248
"103_TTAGGCATCCAGGCGGATCA","103","0 Dox","No Dox",1.95305281662799,2,-1.46053389330477,-0.113111616389339
"103_TTAGGCATCCCCGCCGATAA","103","0 Dox","No Dox",0,0,-1.40909127016635,2.35760092614454
"103_TTAGGCATCCCGGTTGGCTA","103","0 Dox","No Dox",2.28227316037989,1,0.529752933782628,2.57239985345166
"103_TTAGGCATCCGAATGAACGT","103","0 Dox","No Dox",2.60146255197224,2,-1.85414603968234,1.46350264428418
"103_TTAGGCATCCGAGCGGAACT","103","0 Dox","No Dox",4.70424107598776,1,-2.45127180834384,-0.183117033259456
"103_TTAGGCATCCTGACAGAGGT","103","0 Dox","No Dox",5.70213901865529,5,-2.0558374287662,0.380175589306767
"103_TTAGGCATCCTGCAGGCTAC","103","0 Dox","No Dox",1.64953933063982,1,-1.57017878313632,2.70415043710035
"103_TTAGGCATCCTTACCGGACC","103","0 Dox","No Dox",8.82474965991377,6,-1.48826841135592,1.66292643426221
"103_TTAGGCATCCTTATGCCGCT","103","0 Dox","No Dox",2.34783763575849,1,-0.193342006402919,-3.20890700937945
"103_TTAGGCATCCTTATTCGCCT","103","0 Dox","No Dox",4.2730604900405,4,-1.48349145670504,0.0269007670716599
"103_TTAGGCATCCTTGCTAAGGA","103","0 Dox","No Dox",1.77336159673835,1,-1.43853644152255,2.76364588616651
"103_TTATGGCCTTAACATAGCCT","103","0 Dox","No Dox",2.41419843812155,5,-1.66322973986239,2.37119984505933
"103_TTATGGCCTTCCGCCGATAA","103","0 Dox","No Dox",1.2840867163193,1,-1.35698465128512,-3.06862092138964
"103_TTATGGCCTTCGGTTGGCTA","103","0 Dox","No Dox",7.97186787934618,4,-0.929742610650966,-0.623835922495906
"103_TTATGGCCTTGAATGAACGT","103","0 Dox","No Dox",8.9616280831362,10,-1.71043757219882,1.35608863709729
"103_TTATGGCCTTGAGCGGAACT","103","0 Dox","No Dox",5.80520337790985,4,-1.7967665555057,2.44175648568433
"103_TTATGGCCTTTGACAGAGGT","103","0 Dox","No Dox",4.82057012161016,2,-1.8182189824161,-2.44208485008914
"103_TTATGGCCTTTGCAGGCTAC","103","0 Dox","No Dox",6.67098930347472,3,-3.5378291966495,-1.98044034959513
"103_TTATGGCCTTTTACCGGACC","103","0 Dox","No Dox",1.40365576517964,4,-2.52878836412997,-1.77210758747298
"103_TTATGGCCTTTTATGCCGCT","103","0 Dox","No Dox",6.03814551104438,3,-2.10658148546786,0.462853430493291
"103_TTATGGCCTTTTATTCGCCT","103","0 Dox","No Dox",0.946644583745352,1,-2.20201805849642,0.151116012318547
"103_TTATGGCCTTTTCTCGCCTC","103","0 Dox","No Dox",3.22918282591223,3,-2.16563586016268,1.71412730096143
"103_TTATGGCCTTTTGCTAAGGA","103","0 Dox","No Dox",9.55518751493549,5,-1.54890421648593,2.91410660622876
"103_TTCCAGCTATCAGGCTCCAA","103","0.1 Dox","Dox Induced",5787.17151676266,986,3.26421245316892,0.568808792813237
"103_TTCCAGCTATCCGCCGATAA","103","0.1 Dox","Dox Induced",1674.70025140508,1436,-0.377371347146938,1.05858850358289
"103_TTCCAGCTATCGGTTGGCTA","103","0.1 Dox","Dox Induced",1791.89667969492,685,0.298220002454808,1.9975874411897
"103_TTCCAGCTATGAGCGGAACT","103","0.1 Dox","Dox Induced",364.273333463113,596,1.80384730677038,-0.144342900530879
"103_TTCCAGCTATTTATGCCGCT","103","0.1 Dox","Dox Induced",7762.38964908391,1524,4.39226456860929,1.23721527932447
"103_TTCCAGCTATTTATTCGCCT","103","0.1 Dox","Dox Induced",2315.72327627627,1251,0.659381830495885,2.30201387284559
"103_TTCCAGCTATTTCTCGCCTC","103","0.1 Dox","Dox Induced",853.513103403415,1274,-0.69279245157809,1.25071477769178
"103_TTCCGTGCTGACCTCACCAG","103","0.1 Dox","Dox Induced",1595.8324559654,861,0.330109917921117,2.31944870827955
"103_TTCCGTGCTGAGCAACAGTA","103","0.1 Dox","Dox Induced",122.511659720082,160,-3.28899935503573,-3.41868209959704
"103_TTCCGTGCTGCCGCCGATAA","103","0.1 Dox","Dox Induced",18.2227305266515,9,-1.56747010965914,2.87522482751172
"103_TTCCGTGCTGCGGTTGGCTA","103","0.1 Dox","Dox Induced",1722.06938799062,1071,0.235280477804234,2.1371092784242
"103_TTCCGTGCTGGAATGAACGT","103","0.1 Dox","Dox Induced",11415.4722738773,5718,3.98311468343168,1.28043746827405
"103_TTCCGTGCTGTGACAGAGGT","103","0.1 Dox","Dox Induced",7908.66054838154,1836,3.22908481339841,0.665163754208501
"103_TTCCGTGCTGTGCAGGCTAC","103","0.1 Dox","Dox Induced",3963.70441220775,1743,4.13109942654996,-0.504177333132808
"103_TTCCGTGCTGTTATGCCGCT","103","0.1 Dox","Dox Induced",846.379868174271,509,-0.0557849766787979,2.3080933081941
"103_TTCCGTGCTGTTATTCGCCT","103","0.1 Dox","Dox Induced",74.8560823973213,58,1.88859992603689,-0.0808542978926345
"103_TTCCGTGCTGTTCTCGCCTC","103","0.1 Dox","Dox Induced",818.277552184513,729,1.46878340224653,-0.14460015417773
"103_TTCCGTGCTGTTGCTAAGGA","103","0.1 Dox","Dox Induced",6023.2556107272,3095,-1.0082288147983,-1.5063685339852
"103_TTCGCACGCAAACATAGCCT","103","1 Dox","Dox Induced",8589.47410840057,4482,3.06128110865979,-1.20568448425967
"103_TTCGCACGCAACCTCACCAG","103","1 Dox","Dox Induced",1805.10794592887,948,1.39576580504804,-0.0543826830549881
"103_TTCGCACGCAAGCAACAGTA","103","1 Dox","Dox Induced",147.277473156192,99,3.65887018422513,-0.448075414912288
"103_TTCGCACGCACCGCCGATAA","103","1 Dox","Dox Induced",1052.36742827319,383,0.211658918661168,2.20212888596814
"103_TTCGCACGCACGGTTGGCTA","103","1 Dox","Dox Induced",461.353448548983,694,-0.503351009088466,-0.693905235545222
"103_TTCGCACGCAGAATGAACGT","103","1 Dox","Dox Induced",95.7197849988816,171,-0.701565063196132,-0.391293050067012
"103_TTCGCACGCAGAGCGGAACT","103","1 Dox","Dox Induced",10272.8336899325,3329,4.33663245419889,1.14389967797559
"103_TTCGCACGCATGCAGGCTAC","103","1 Dox","Dox Induced",128.304859235053,64,-1.23411897440524,1.74249386666578
"103_TTCGCACGCATTATGCCGCT","103","1 Dox","Dox Induced",2783.48770553706,1687,3.94425162057309,-0.13408887507159
"103_TTCGCACGCATTATTCGCCT","103","1 Dox","Dox Induced",6436.15065251759,1791,3.82690223435788,1.42791962502759
"103_TTCGCACGCATTCTCGCCTC","103","1 Dox","Dox Induced",2346.90594966746,1309,-0.36138752718539,-3.39152526976306
"103_TTCGCACGCATTGCTAAGGA","103","1 Dox","Dox Induced",3268.21327909188,463,3.77659496049314,0.532268522961552
"103_TTGTCTGCAAAACATAGCCT","103","0.1 Dox","Dox Induced",38.9735819279793,71,0.474092805189183,2.58113217232984
"103_TTGTCTGCAACAGGCTCCAA","103","0.1 Dox","Dox Induced",2354.70911733444,1696,2.86657419185071,-0.216650010363643
"103_TTGTCTGCAACCGCCGATAA","103","0.1 Dox","Dox Induced",2537.79661170203,666,3.70551797131925,-0.262226105944698
"103_TTGTCTGCAACGGTTGGCTA","103","0.1 Dox","Dox Induced",1563.11590936,494,-2.56608275194735,-1.20600950838763
"103_TTGTCTGCAAGAATGAACGT","103","0.1 Dox","Dox Induced",2296.10683195572,1568,0.168667876524022,1.80096936105054
"103_TTGTCTGCAATGACAGAGGT","103","0.1 Dox","Dox Induced",2323.56526494954,646,0.12101861218839,1.99190449593824
"103_TTGTCTGCAATGCAGGCTAC","103","0.1 Dox","Dox Induced",749.988313084165,254,-2.17257097979159,1.62110066293042
"103_TTGTCTGCAATTATTCGCCT","103","0.1 Dox","Dox Induced",1121.1728665777,374,-3.20855263491244,-3.459305764453
"103_TTGTCTGCAATTCTCGCCTC","103","0.1 Dox","Dox Induced",387.271754171903,159,-2.52487591524691,-1.03656578184802
"105_CAAGGACATCTAGGTGGCGA","105","1 Dox","Dox Induced",6692.09313709263,1998,2.84551902989774,-0.144295932070796
"105_CAAGGACATCTAGTTAGGCT","105","1 Dox","Dox Induced",1144.21779503643,858,-2.86486319323153,-2.92107522608477
"105_CAAGGACATCTCTGCAACAA","105","1 Dox","Dox Induced",898.02388684412,639,-2.80779389162631,-2.57516586901385
"105_CAAGGACATCTGCATCATAC","105","1 Dox","Dox Induced",2361.08143708668,1029,2.79143949727445,-0.369928003565852
"105_CAAGGACATCTGGCCTTAAT","105","1 Dox","Dox Induced",4386.90021129022,859,3.87872859219938,-0.258565546290462
"105_CCGACGCATTCCGGAGCTAA","105","1 Dox","Dox Induced",4001.93365873212,1170,2.78720923642545,1.26372313378614
"105_CCGACGCATTCCGTGTTACT","105","1 Dox","Dox Induced",20.4746314203093,23,0.872179710668614,-0.00717294336992946
"105_CCGACGCATTCGACGCAGAA","105","1 Dox","Dox Induced",278.994429598894,164,-2.12442091723056,0.37861442445081
"105_CCGACGCATTTAGGTGGCGA","105","1 Dox","Dox Induced",1304.88208180183,517,0.496197306913426,2.17342185853284
"105_CCGACGCATTTAGTTAGGCT","105","1 Dox","Dox Induced",4735.55185190502,1312,4.36044450978666,0.151720045788701
"105_CCGACGCATTTTCAGGAGAT","105","1 Dox","Dox Induced",1832.17291373891,378,0.268559300703099,2.00265216706556
"105_CGGAGAGTCACCGGAGCTAA","105","0.1 Dox","Dox Induced",210.194139476797,71,-1.44726947565646,-2.09940606476504
"105_CGGAGAGTCATGCATCATAC","105","0.1 Dox","Dox Induced",111.45403100339,197,-1.32667759676547,-1.93881225706774
"105_CGGCAAGCTACCGTGTTACT","105","0.01 Dox","Dox Induced",926.710655127057,703,-0.452357089715907,0.729114292843755
"105_CGGCAAGCTACGACGCAGAA","105","0.01 Dox","Dox Induced",657.337055898643,419,-2.05972555895419,0.251336573346074
"105_CGGCAAGCTACTATCTAGTG","105","0.01 Dox","Dox Induced",855.236745844279,621,-3.28004578371615,-2.57303798319537
"105_CGGCAAGCTAGCACAGTATT","105","0.01 Dox","Dox Induced",5337.14333849054,2425,3.7742966053906,1.36023354409498
"105_CGGCAAGCTATAGGTGGCGA","105","0.01 Dox","Dox Induced",5054.06407758111,1729,3.16310521344571,-1.19652062775332
"105_CGGCAAGCTATAGTTAGGCT","105","0.01 Dox","Dox Induced",986.02509114005,967,-0.571929013925502,-0.0709252369566604
"105_CGGCAAGCTATCTGCAACAA","105","0.01 Dox","Dox Induced",18.1838852296532,30,-0.197764194208095,-3.1282076847716
"105_CTGCAAGTGCTACAACTAGC","105","1 Dox","Dox Induced",2186.12742700997,1053,0.113244616788915,1.52244543908399
"105_CTGCAAGTGCTAGGTGGCGA","105","1 Dox","Dox Induced",2748.95082650065,1243,1.93748108426957,-0.00729906679827419
"105_CTGCAAGTGCTAGTTAGGCT","105","1 Dox","Dox Induced",156.094834669013,68,-3.23952511568637,-2.39768058182437
"105_CTGCAAGTGCTCTGCAACAA","105","1 Dox","Dox Induced",9369.78939639064,3218,3.25369402150541,0.338688253148015
"105_CTGCAAGTGCTGCATCATAC","105","1 Dox","Dox Induced",11230.4277293764,3722,3.32197161893277,-1.11685264231402
"105_CTGCAAGTGCTTACAACACG","105","1 Dox","Dox Induced",1487.95095750299,577,2.7195965884152,-0.303406239764278
"105_GATGGACGCTCCGGAGCTAA","105","0.01 Dox","Dox Induced",3840.0237190498,1263,3.1471529839459,-1.29721084357936
"105_GATGGACGCTCGACGCAGAA","105","0.01 Dox","Dox Induced",2480.29789698477,1604,-1.31650952120394,-3.08816683413226
"105_GATGGACGCTTACAACTAGC","105","0.01 Dox","Dox Induced",5146.58869806159,4832,4.48095318059354,0.738753317578252
"105_GATGGACGCTTAGGTGGCGA","105","0.01 Dox","Dox Induced",6734.27894086908,3250,4.05324467400937,-0.501941205279414
"105_GATGGACGCTTGGCCTTAAT","105","0.01 Dox","Dox Induced",415.994598102864,201,-1.415547883707,-0.653039218203609
"105_GATGGACGCTTTACAACACG","105","0.01 Dox","Dox Induced",8168.05272287779,2189,4.46537753323942,0.755628107769902
"105_GGAAGGTACGCCATCTCCGT","105","1 Dox","Dox Induced",1182.43485606565,1000,-0.333703315454433,0.0998971450166062
"105_GGAAGGTACGCCGGAGCTAA","105","1 Dox","Dox Induced",6190.90246795472,1585,3.99175819138913,0.0923887479142502
"105_GGAAGGTACGCGACGCAGAA","105","1 Dox","Dox Induced",1053.14670997804,405,2.09214379674672,0.273358939869817
"105_GGAAGGTACGTAGGTGGCGA","105","1 Dox","Dox Induced",6228.09346104629,2495,3.74257405976682,1.11552739022535
"105_GGCAATCCTCCCATCTCCGT","105","0.01 Dox","Dox Induced",6337.81555761667,1809,4.25784274320035,1.17731737969678
"105_GGCAATCCTCCCGTGTTACT","105","0.01 Dox","Dox Induced",3948.17379407113,1914,3.08764275292783,-1.35330674173075
"105_GGCAATCCTCTGCATCATAC","105","0.01 Dox","Dox Induced",1975.7001428475,1080,3.76299020032316,1.49032401917737
"105_GGCAATCCTCTGGCCTTAAT","105","0.01 Dox","Dox Induced",4608.95985268863,1852,3.79701276997953,0.684821604474004
"105_TAGAGAGATGCCATCTCCGT","105","1 Dox","Dox Induced",230.196079608254,594,1.54514172057538,-0.189657093302791
"105_TAGAGAGATGCCGGAGCTAA","105","1 Dox","Dox Induced",1122.6219722531,322,-1.16341594477267,-3.09945297362048
"105_TAGAGAGATGCGACGCAGAA","105","1 Dox","Dox Induced",35.6588739823419,14,-2.79191759844393,-1.44519429029662
"105_TAGAGAGATGTACAACTAGC","105","1 Dox","Dox Induced",5022.20670813674,8263,3.50509604195981,-0.787871421591823
"105_TAGAGAGATGTCTGCAACAA","105","1 Dox","Dox Induced",1178.45112067495,755,3.3131126997891,-0.274839402453487
"105_TAGAGAGATGTTCAGGAGAT","105","1 Dox","Dox Induced",3199.51200870908,852,4.06232019643216,-0.378912688510005
"105_TAGATCTCTCCCATCTCCGT","105","0.1 Dox","Dox Induced",1022.25076643771,680,0.423637354177525,1.85512637971204
"105_TAGATCTCTCCCGGAGCTAA","105","0.1 Dox","Dox Induced",33.6780531526732,13,-2.4268467785892,-0.565330983416621
"105_TAGATCTCTCTAGGTGGCGA","105","0.1 Dox","Dox Induced",753.410681146771,390,-0.477326905923793,2.03975725053113
"105_TAGATCTCTCTTCAGGAGAT","105","0.1 Dox","Dox Induced",1285.64209681344,344,2.59133672098546,-0.191323400752132
"105_TAGCTCCAGACCGTGTTACT","105","0.1 Dox","Dox Induced",9784.4075053128,2655,4.5631012556973,1.17370915292066
"105_TAGCTCCAGACTCTTATTCG","105","0.1 Dox","Dox Induced",2244.54604476234,4127,4.31576105336576,1.43527126191419
"105_TAGCTCCAGATAGGTGGCGA","105","0.1 Dox","Dox Induced",68.1739504949017,33,-3.21070507784457,-2.24574571968753
"105_TAGCTCCAGATGCATCATAC","105","0.1 Dox","Dox Induced",2928.90788453138,3862,2.2860843179646,0.734735010846074
"105_TAGCTCCAGATGGCCTTAAT","105","0.1 Dox","Dox Induced",11756.3333336562,1355,4.52958031873136,1.52098870156568
"105_TAGCTCCAGATTCAGGAGAT","105","0.1 Dox","Dox Induced",113.515194322707,190,-3.0421712758121,-2.02948665739733
"105_TCCGGATTCGCCATCTCCGT","105","0.01 Dox","Dox Induced",616.254278015821,309,-3.27269390841098,-3.6216124308272
"105_TCCGGATTCGCCGGAGCTAA","105","0.01 Dox","Dox Induced",8118.23330398341,2449,4.2235552905026,1.55129241822522
"105_TCCGGATTCGCCGTGTTACT","105","0.01 Dox","Dox Induced",3210.91765310064,1714,3.66402646283536,-0.352405787722652
"105_TCCGGATTCGCGACGCAGAA","105","0.01 Dox","Dox Induced",209.514184167618,431,-1.47351244707675,0.101130961163457
"105_TCCGGATTCGTAGGTGGCGA","105","0.01 Dox","Dox Induced",896.201138753019,398,-2.43584135790438,-0.265008212344234
"105_TCCGGATTCGTCTGCAACAA","105","0.01 Dox","Dox Induced",177.740873681258,108,-2.39388111849398,-0.482624889628474
"105_TCCGGATTCGTGGCCTTAAT","105","0.01 Dox","Dox Induced",2117.70422467533,554,-0.230462110238979,1.06975459931653
"105_TCCGGATTCGTTACAACACG","105","0.01 Dox","Dox Induced",3343.8752092443,1527,-1.33635524530978,-1.38072449089724
"105_TCCGGATTCGTTCAGGAGAT","105","0.01 Dox","Dox Induced",3132.73896695667,3898,3.1617306111279,0.837953327877934
"105_TCCGGATTCGTTCTCTGATC","105","0.01 Dox","Dox Induced",4826.02313755172,3383,2.40273111442952,1.3662147509889
"105_TCGTGAAGCGCCGGAGCTAA","105","0 Dox","No Dox",10.057125921507,5,-2.36426762362094,-0.265233994738643
"105_TCGTGAAGCGCCGTGTTACT","105","0 Dox","No Dox",29.588171514494,5,-1.23057297487826,-1.14955908180911
"105_TCGTGAAGCGCGACGCAGAA","105","0 Dox","No Dox",0.73968836740071,1,-3.72466257830233,-1.7733128082915
"105_TCGTGAAGCGCTATCTAGTG","105","0 Dox","No Dox",0,0,-1.48517111559481,-2.12587675573069
"105_TCGTGAAGCGCTCTTATTCG","105","0 Dox","No Dox",0.360693803160883,1,-1.71000818033786,2.40724825738233
"105_TCGTGAAGCGTACAACTAGC","105","0 Dox","No Dox",23.2198515317674,11,-2.61650303621859,-1.02554470421511
"105_TCGTGAAGCGTAGTTAGGCT","105","0 Dox","No Dox",2.91387231661476,1,-1.53443626185031,-2.98261118056018
"105_TCGTGAAGCGTCTGCAACAA","105","0 Dox","No Dox",3.04754322604967,1,-1.58103112001986,-0.304035545603816
"105_TCGTGAAGCGTGCATCATAC","105","0 Dox","No Dox",12.4061448060883,6,2.84575071315198,1.22932767747205
"105_TCGTGAAGCGTTACAACACG","105","0 Dox","No Dox",4.6512195054893,7,-1.55995086451144,-0.456562043444698
"105_TCGTGAAGCGTTCAGGAGAT","105","0 Dox","No Dox",1.21982080809503,2,-1.48439983149142,2.0371279704408
"105_TCTGCGTTAACCGTGTTACT","105","1 Dox","Dox Induced",4182.66256177415,1281,3.38067527989774,-0.0135787737532302
"105_TCTGCGTTAACGACGCAGAA","105","1 Dox","Dox Induced",1147.21374419878,204,-0.515239989953944,1.80755424378675
"105_TCTGCGTTAATACAACTAGC","105","1 Dox","Dox Induced",1432.10718022085,443,3.57576414327054,-0.240426541583125
"105_TCTGCGTTAATAGGTGGCGA","105","1 Dox","Dox Induced",670.512748292031,111,1.7819490967217,-0.18569004656512
"105_TCTGCGTTAATGCATCATAC","105","1 Dox","Dox Induced",2598.25419959407,907,-0.067865407663295,2.03416681168836
"105_TCTGCGTTAATTACAACACG","105","1 Dox","Dox Induced",4357.19941315779,1267,2.30945719162851,1.4488437163667
"105_TGACACCGTACCATCTCCGT","105","0 Dox","No Dox",0.382628235231252,1,-1.60768512507052,0.781527041180547
"105_TGACACCGTACCGGAGCTAA","105","0 Dox","No Dox",4.82226024501318,8,-2.36501387377352,-1.97517484547335
"105_TGACACCGTACCGTGTTACT","105","0 Dox","No Dox",8.43722646012888,9,-1.06802920122714,1.69236183045667
"105_TGACACCGTACGACGCAGAA","105","0 Dox","No Dox",3.19674021902245,6,-0.338569677072475,-2.83048403383929
"105_TGACACCGTACTCTTATTCG","105","0 Dox","No Dox",3.56995058414038,11,-1.80665925760836,2.73549055932325
"105_TGACACCGTATACAACTAGC","105","0 Dox","No Dox",13.9363877709123,21,-1.4956248166141,0.424996374829228
"105_TGACACCGTATAGGTGGCGA","105","0 Dox","No Dox",4.2669966319565,5,-1.84715465326876,-2.30792755009371
"105_TGACACCGTATAGTTAGGCT","105","0 Dox","No Dox",1.28276178394569,3,-1.88483313341708,2.12518381951612
"105_TGACACCGTATCTGCAACAA","105","0 Dox","No Dox",1.34615768472308,2,-1.34420374651522,0.446429489834721
"105_TGACACCGTATGCATCATAC","105","0 Dox","No Dox",9.46452109699399,14,-1.37575868387789,2.1396293628053
"105_TGACACCGTATGGCCTTAAT","105","0 Dox","No Dox",3.44411136478913,4,-1.58011416216464,2.38248753426832
"105_TGACACCGTATTACAACACG","105","0 Dox","No Dox",3.18040241692779,9,-1.00802449007601,2.69377207635206
"105_TGACACCGTATTCTCTGATC","105","0 Dox","No Dox",1.08919766595823,3,0.345902406972936,2.62354588387769
"105_TGACCATGAACCGGAGCTAA","105","0 Dox","No Dox",10.9431097562254,5,-0.446149862008998,-3.39773774267871
"105_TGACCATGAACGACGCAGAA","105","0 Dox","No Dox",0,0,-1.38343147059054,-1.4469517034455
"105_TGACCATGAACTATCTAGTG","105","0 Dox","No Dox",0,0,-1.21176651735873,0.922945021374638
"105_TGACCATGAATACAACTAGC","105","0 Dox","No Dox",30.8742250374069,10,-1.33507565279574,-1.56200780095298
"105_TGACCATGAATCTGCAACAA","105","0 Dox","No Dox",16.2540343293321,3,-1.90390232821078,-2.3599667561217
"105_TGACCATGAATGCATCATAC","105","0 Dox","No Dox",14.2484401111251,5,-3.21198157091708,-2.07001200439173
"105_TGACCATGAATGGCCTTAAT","105","0 Dox","No Dox",2.19373704713356,2,-2.0097735287723,2.10577702401441
"105_TGACCATGAATTACAACACG","105","0 Dox","No Dox",6.14504976365241,3,-2.31408432741732,-0.709228636042659
"105_TGACCATGAATTCTCTGATC","105","0 Dox","No Dox",1.26226261911726,1,-0.426695859628627,-2.743853927867
"105_TGATGGAGAACCATCTCCGT","105","0.01 Dox","Dox Induced",6694.77139606114,1951,4.46112700681119,0.812771080716069
"105_TGATGGAGAACCGGAGCTAA","105","0.01 Dox","Dox Induced",8212.36898351123,2091,4.52936621884733,0.844361780865605
"105_TGATGGAGAACCGTGTTACT","105","0.01 Dox","Dox Induced",2265.81361230674,1898,-0.897116220193813,1.50553274033826
"105_TGATGGAGAACGACGCAGAA","105","0.01 Dox","Dox Induced",224.377783352529,475,-1.01557186861605,1.88016867516797
"105_TGATGGAGAACTATCTAGTG","105","0.01 Dox","Dox Induced",1154.24440987875,820,-3.17393234987826,-3.2565240872069
"105_TGATGGAGAAGCACAGTATT","105","0.01 Dox","Dox Induced",1089.31189064835,645,-3.25468233843417,-3.61929476381976
"105_TGATGGAGAATACAACTAGC","105","0.01 Dox","Dox Induced",218.587859482924,190,-1.29573682566256,2.18715548394483
"105_TGATGGAGAATAGGTGGCGA","105","0.01 Dox","Dox Induced",575.452850461177,498,-2.79032162447543,-2.44215303780276
"105_TGATGGAGAATAGTTAGGCT","105","0.01 Dox","Dox Induced",872.826483461652,800,-2.87211922426791,-2.65617460133273
"105_TGATGGAGAATGGCCTTAAT","105","0.01 Dox","Dox Induced",324.663236104728,169,0.418538772863438,2.5714719283418
"105_TGATGGAGAATTCAGGAGAT","105","0.01 Dox","Dox Induced",1899.07253602832,1726,-1.26582125444979,-1.8127802622481
"105_TTAGGCATCCCCGGAGCTAA","105","0 Dox","No Dox",0,0,-3.63825920839877,-1.1528408539458
"105_TTAGGCATCCCCGTGTTACT","105","0 Dox","No Dox",0,0,-1.6000953080234,2.20042514680188
"105_TTAGGCATCCCGACGCAGAA","105","0 Dox","No Dox",0,0,-2.5051200749454,-0.119728566424434
"105_TTAGGCATCCCTATCTAGTG","105","0 Dox","No Dox",0,0,-1.36442712565036,-1.40922632934291
"105_TTAGGCATCCCTCTTATTCG","105","0 Dox","No Dox",1.16153321542121,1,1.28327747563749,-0.166550875918452
"105_TTAGGCATCCTAGGTGGCGA","105","0 Dox","No Dox",0,0,-3.37532118578524,-2.08403012277323
"105_TTAGGCATCCTAGTTAGGCT","105","0 Dox","No Dox",1.02282719573259,1,-0.620524680810878,0.796191452725346
"105_TTAGGCATCCTCTGCAACAA","105","0 Dox","No Dox",0,0,-1.79264978190036,-2.23671478153903
"105_TTAGGCATCCTGCATCATAC","105","0 Dox","No Dox",0.975034979683798,1,-1.59676221628756,2.73636507867139
"105_TTAGGCATCCTGGCCTTAAT","105","0 Dox","No Dox",0,0,-1.96074227114291,-2.22240930916506
"105_TTAGGCATCCTTCAGGAGAT","105","0 Dox","No Dox",0.628340864154391,1,-1.64188531656832,2.56603789208692
"105_TTAGGCATCCTTCTCTGATC","105","0 Dox","No Dox",0,0,-1.52428821344943,2.15948796151441
"105_TTATGGCCTTCCATCTCCGT","105","0 Dox","No Dox",0,0,-3.25285462160678,-3.40416002394397
"105_TTATGGCCTTCCGTGTTACT","105","0 Dox","No Dox",3.27828822190215,1,-1.42814306040377,-2.12931427480418
"105_TTATGGCCTTCGACGCAGAA","105","0 Dox","No Dox",0,0,-2.5664050938663,-0.96930170180041
"105_TTATGGCCTTCTCTTATTCG","105","0 Dox","No Dox",7.24518087802409,5,-2.3560345532474,0.378430126889165
"105_TTATGGCCTTTACAACTAGC","105","0 Dox","No Dox",16.464464882915,6,-1.27103832979769,-1.48476532222468
"105_TTATGGCCTTTAGTTAGGCT","105","0 Dox","No Dox",4.18734672836102,2,-1.4132387997684,2.18704771874707
"105_TTATGGCCTTTCTGCAACAA","105","0 Dox","No Dox",4.29933612987744,1,-1.9219434620914,-2.32034629704196
"105_TTATGGCCTTTGCATCATAC","105","0 Dox","No Dox",1.68659203135388,3,-2.65217093248934,-1.29485544683177
"105_TTATGGCCTTTGGCCTTAAT","105","0 Dox","No Dox",1.25398272875798,1,-1.59429315348239,2.07352709649366
"105_TTATGGCCTTTTCAGGAGAT","105","0 Dox","No Dox",6.20395977046536,2,-2.41954544802279,-0.259777666346614
"105_TTATGGCCTTTTCTCTGATC","105","0 Dox","No Dox",0,0,-2.63109329958529,-1.05157977463443
"105_TTCCAGCTATTACAACTAGC","105","0.1 Dox","Dox Induced",933.200541976445,2071,-0.318610704141566,-2.95961737753588
"105_TTCCAGCTATTAGGTGGCGA","105","0.1 Dox","Dox Induced",2751.59415213332,1459,2.25102273504167,1.4842019069032
"105_TTCCAGCTATTGCATCATAC","105","0.1 Dox","Dox Induced",325.962493957972,329,-2.10713747759433,1.74907708047193
"105_TTCCAGCTATTTCAGGAGAT","105","0.1 Dox","Dox Induced",6767.27921842587,2178,4.37614294270902,0.251126049740727
"105_TTCCGTGCTGCCGGAGCTAA","105","0.1 Dox","Dox Induced",579.201670256962,197,-1.93462303896517,2.00889611123365
"105_TTCCGTGCTGCTCTTATTCG","105","0.1 Dox","Dox Induced",1538.88685711383,1481,-1.88142708559603,-1.89420521380145
"105_TTCCGTGCTGTGGCCTTAAT","105","0.1 Dox","Dox Induced",6.92714273083601,2,-1.26521972437472,-1.66610995707798
"105_TTCCGTGCTGTTACAACACG","105","0.1 Dox","Dox Induced",14081.3781162098,3171,4.53878852109342,1.60640668748182
"105_TTCGCACGCACCGTGTTACT","105","1 Dox","Dox Induced",2910.0600503692,1553,3.62926050404935,1.05540871499341
"105_TTCGCACGCATACAACTAGC","105","1 Dox","Dox Induced",1382.15386402083,478,-2.33392218371005,-1.01127064348895
"105_TTCGCACGCATTCAGGAGAT","105","1 Dox","Dox Induced",206.45537727024,49,-1.59680227060885,1.33347940324109
"105_TTGTCTGCAATACAACTAGC","105","0.1 Dox","Dox Induced",2398.71611145793,2100,2.36137794832616,1.40342712281507
"105_TTGTCTGCAATAGTTAGGCT","105","0.1 Dox","Dox Induced",5777.25123773491,1826,3.12518664578824,-1.28429266931254
