"cell_id","plate","Dox_Concentration","Dox_Group","GFP_fluorescence","GFP_raw_counts","GFP_normalized"
"101_CAAGGACATCAGCCTTAGCG","101","1 Dox","Dox Induced",21498,2687,3256.40568891748
"101_CAAGGACATCAGCTTAGAGG","101","1 Dox","Dox Induced",399,294,88.8732264387369
"101_CAAGGACATCATGTCCACCG","101","1 Dox","Dox Induced",13861,2137,1988.60687699776
"101_CAAGGACATCCCAAGCTCAG","101","1 Dox","Dox Induced",13055,3356,2745.01657762752
"101_CAAGGACATCCCGGATTAAT","101","1 Dox","Dox Induced",4519,1229,1097.28653435839
"101_CAAGGACATCCTCAATGCTC","101","1 Dox","Dox Induced",2795,8,12.6001878974026
"101_CAAGGACATCGAAGTGACTC","101","1 Dox","Dox Induced",2980,780,453.692202734851
"101_CAAGGACATCTAATCACCAC","101","1 Dox","Dox Induced",74,4,4.55655262828182
"101_CAAGGACATCTGGCGCATCT","101","1 Dox","Dox Induced",2522,682,607.542530691342
"101_CAAGGACATCTTACGGAGTC","101","1 Dox","Dox Induced",11963,1556,1516.86736404465
"101_CAAGGACATCTTATCGCTGG","101","1 Dox","Dox Induced",767,358,287.533267025092
"101_CAAGGACATCTTCTCCATTC","101","1 Dox","Dox Induced",3874,749,618.80967457804
"101_CAAGGACATCTTCTTGAGTG","101","1 Dox","Dox Induced",10396,2286,2725.77481148582
"101_CAAGGACATCTTGACAGCCT","101","1 Dox","Dox Induced",11166,1191,2837.58143877287
"101_CAAGGACATCTTGTCGATAG","101","1 Dox","Dox Induced",9071,773,390.625935971907
"101_CCGACGCATTAGCCTTAGCG","101","1 Dox","Dox Induced",34085,4240,3369.14239386797
"101_CCGACGCATTATGTCCACCG","101","1 Dox","Dox Induced",142,138,74.5144393369158
"101_CCGACGCATTCAAGAGCTGG","101","1 Dox","Dox Induced",3326,793,1108.92920615654
"101_CCGACGCATTCCAAGCTCAG","101","1 Dox","Dox Induced",12755,2938,4393.46927317364
"101_CCGACGCATTCCGGATTAAT","101","1 Dox","Dox Induced",19444,3170,3606.69741834657
"101_CCGACGCATTCTCAATGCTC","101","1 Dox","Dox Induced",904,223,272.240867150317
"101_CCGACGCATTGAAGTGACTC","101","1 Dox","Dox Induced",506,436,289.596894179937
"101_CCGACGCATTTAATCACCAC","101","1 Dox","Dox Induced",11532,1418,1027.86997881401
"101_CCGACGCATTTGGCGCATCT","101","1 Dox","Dox Induced",7676,1057,954.958373799037
"101_CCGACGCATTTTACGGAGTC","101","1 Dox","Dox Induced",5600,1327,1431.63919967487
"101_CCGACGCATTTTATCGCTGG","101","1 Dox","Dox Induced",13219,348,295.018993772092
"101_CCGACGCATTTTCTCCATTC","101","1 Dox","Dox Induced",14830,2086,2006.31543815959
"101_CCGACGCATTTTCTTGAGTG","101","1 Dox","Dox Induced",12266,1616,1327.36702096598
"101_CCGACGCATTTTGACAGCCT","101","1 Dox","Dox Induced",25376,2267,5479.56468864705
"101_CCGACGCATTTTGTCGATAG","101","1 Dox","Dox Induced",282,228,143.328703875116
"101_CGGAGAGTCAAGCCTTAGCG","101","0.1 Dox","Dox Induced",5674,1155,1068.63798573647
"101_CGGAGAGTCAAGCTTAGAGG","101","0.1 Dox","Dox Induced",2460,986,535.870020893509
"101_CGGAGAGTCAATGTCCACCG","101","0.1 Dox","Dox Induced",365,506,305.833663879236
"101_CGGAGAGTCACAAGAGCTGG","101","0.1 Dox","Dox Induced",5247,789,1099.1109070027
"101_CGGAGAGTCACCAAGCTCAG","101","0.1 Dox","Dox Induced",6083,1524,1905.69725187692
"101_CGGAGAGTCACCGGATTAAT","101","0.1 Dox","Dox Induced",6966,1717,1196.64295297999
"101_CGGAGAGTCACTCAATGCTC","101","0.1 Dox","Dox Induced",272,731,521.593266110488
"101_CGGAGAGTCAGAAGTGACTC","101","0.1 Dox","Dox Induced",727,540,545.396092463024
"101_CGGAGAGTCATAATCACCAC","101","0.1 Dox","Dox Induced",8897,2188,1889.32637770144
"101_CGGAGAGTCATGGCGCATCT","101","0.1 Dox","Dox Induced",9483,4276,2984.8747975919
"101_CGGAGAGTCATTACGGAGTC","101","0.1 Dox","Dox Induced",108,468,310.737929907305
"101_CGGAGAGTCATTATCGCTGG","101","0.1 Dox","Dox Induced",42726,2232,2890.54848040443
"101_CGGAGAGTCATTCTCCATTC","101","0.1 Dox","Dox Induced",11220,2016,1671.28633019823
"101_CGGAGAGTCATTCTTGAGTG","101","0.1 Dox","Dox Induced",408,337,157.478634816665
"101_CGGAGAGTCATTGACAGCCT","101","0.1 Dox","Dox Induced",8741,2708,3708.23525563448
"101_CGGAGAGTCATTGTCGATAG","101","0.1 Dox","Dox Induced",126,94,105.625354944915
"101_CGGCAAGCTAAGCCTTAGCG","101","0.01 Dox","Dox Induced",4152,1979,1901.16202971556
"101_CGGCAAGCTAAGCTTAGAGG","101","0.01 Dox","Dox Induced",3612,1025,686.020185295656
"101_CGGCAAGCTAATGTCCACCG","101","0.01 Dox","Dox Induced",240,191,113.673740728175
"101_CGGCAAGCTACAAGAGCTGG","101","0.01 Dox","Dox Induced",5062,1195,1070.8749521568
"101_CGGCAAGCTACCAAGCTCAG","101","0.01 Dox","Dox Induced",781,235,190.070633581998
"101_CGGCAAGCTACCGGATTAAT","101","0.01 Dox","Dox Induced",3048,1524,1106.77300344101
"101_CGGCAAGCTACTCAATGCTC","101","0.01 Dox","Dox Induced",16555,1123,1070.66515858745
"101_CGGCAAGCTAGAAGTGACTC","101","0.01 Dox","Dox Induced",201,394,175.601604153743
"101_CGGCAAGCTATGGCGCATCT","101","0.01 Dox","Dox Induced",3343,2268,1715.01100496795
"101_CGGCAAGCTATTACGGAGTC","101","0.01 Dox","Dox Induced",9864,1809,1301.70609487722
"101_CGGCAAGCTATTCTCCATTC","101","0.01 Dox","Dox Induced",12787,2701,2267.39312419418
"101_CGGCAAGCTATTCTTGAGTG","101","0.01 Dox","Dox Induced",4835,1876,1713.88115186311
"101_CGGCAAGCTATTGACAGCCT","101","0.01 Dox","Dox Induced",98,10,10.8720253600183
"101_CGGCAAGCTATTGTCGATAG","101","0.01 Dox","Dox Induced",5272,1828,1025.46981756175
"101_CTGCAAGTGCAGCCTTAGCG","101","1 Dox","Dox Induced",573,280,213.795257783376
"101_CTGCAAGTGCATGTCCACCG","101","1 Dox","Dox Induced",7463,3162,2699.92346411804
"101_CTGCAAGTGCCAAGAGCTGG","101","1 Dox","Dox Induced",668,131,452.924606205292
"101_CTGCAAGTGCCCAAGCTCAG","101","1 Dox","Dox Induced",9044,2663,2746.29581143171
"101_CTGCAAGTGCCCGGATTAAT","101","1 Dox","Dox Induced",93,68,46.5147092656292
"101_CTGCAAGTGCCTCAATGCTC","101","1 Dox","Dox Induced",13125,2186,2723.24664529042
"101_CTGCAAGTGCGAAGTGACTC","101","1 Dox","Dox Induced",3552,1322,473.776744808252
"101_CTGCAAGTGCTAATCACCAC","101","1 Dox","Dox Induced",1158,1946,2858.94415780193
"101_CTGCAAGTGCTGGCGCATCT","101","1 Dox","Dox Induced",21079,3920,6840.76143635055
"101_CTGCAAGTGCTTACGGAGTC","101","1 Dox","Dox Induced",18620,2498,2644.15145187346
"101_CTGCAAGTGCTTATCGCTGG","101","1 Dox","Dox Induced",1184,417,335.194827996595
"101_CTGCAAGTGCTTCTCCATTC","101","1 Dox","Dox Induced",17008,2748,3399.70552049028
"101_CTGCAAGTGCTTCTTGAGTG","101","1 Dox","Dox Induced",22652,1276,920.349988250748
"101_CTGCAAGTGCTTGACAGCCT","101","1 Dox","Dox Induced",15709,2014,2438.5453455141
"101_CTGCAAGTGCTTGTCGATAG","101","1 Dox","Dox Induced",9310,1126,962.21453014776
"101_GATGGACGCTAGCCTTAGCG","101","0.01 Dox","Dox Induced",5956,1484,1447.01353177463
"101_GATGGACGCTATGTCCACCG","101","0.01 Dox","Dox Induced",616,909,397.439987817404
"101_GATGGACGCTCAAGAGCTGG","101","0.01 Dox","Dox Induced",3048,780,626.840690275527
"101_GATGGACGCTCCAAGCTCAG","101","0.01 Dox","Dox Induced",26678,3923,6781.07480866547
"101_GATGGACGCTCCGGATTAAT","101","0.01 Dox","Dox Induced",353,97,83.6324517736792
"101_GATGGACGCTCTCAATGCTC","101","0.01 Dox","Dox Induced",670,314,171.894472733959
"101_GATGGACGCTGAAGTGACTC","101","0.01 Dox","Dox Induced",11127,3413,2051.98769536914
"101_GATGGACGCTTAATCACCAC","101","0.01 Dox","Dox Induced",750,218,267.296001247251
"101_GATGGACGCTTGGCGCATCT","101","0.01 Dox","Dox Induced",113,58,63.1660445517535
"101_GATGGACGCTTTACGGAGTC","101","0.01 Dox","Dox Induced",3166,1773,1138.89303230971
"101_GATGGACGCTTTATCGCTGG","101","0.01 Dox","Dox Induced",4195,980,870.817499223456
"101_GATGGACGCTTTCTCCATTC","101","0.01 Dox","Dox Induced",18319,2260,1325.34955837193
"101_GATGGACGCTTTGACAGCCT","101","0.01 Dox","Dox Induced",8577,2240,1618.09585572881
"101_GATGGACGCTTTGTCGATAG","101","0.01 Dox","Dox Induced",5501,2437,1452.01338923537
"101_GGAAGGTACGAGCCTTAGCG","101","1 Dox","Dox Induced",4012,2401,1649.60410846245
"101_GGAAGGTACGAGCTTAGAGG","101","1 Dox","Dox Induced",3676,1328,629.535430449314
"101_GGAAGGTACGATGTCCACCG","101","1 Dox","Dox Induced",5955,1321,629.079612986367
"101_GGAAGGTACGCAAGAGCTGG","101","1 Dox","Dox Induced",17026,1970,1892.34861924696
"101_GGAAGGTACGCCAAGCTCAG","101","1 Dox","Dox Induced",4123,684,548.22011134384
"101_GGAAGGTACGCCGGATTAAT","101","1 Dox","Dox Induced",32739,2768,2325.78954130293
"101_GGAAGGTACGCTCAATGCTC","101","1 Dox","Dox Induced",631,87,70.2762948449862
"101_GGAAGGTACGGAAGTGACTC","101","1 Dox","Dox Induced",2267,391,294.472107066008
"101_GGAAGGTACGTAATCACCAC","101","1 Dox","Dox Induced",563,113,84.7324076587474
"101_GGAAGGTACGTGGCGCATCT","101","1 Dox","Dox Induced",524,170,118.870480975816
"101_GGAAGGTACGTTATCGCTGG","101","1 Dox","Dox Induced",2036,1153,1088.48424062098
"101_GGAAGGTACGTTCTCCATTC","101","1 Dox","Dox Induced",224,87,71.4111758479972
"101_GGAAGGTACGTTCTTGAGTG","101","1 Dox","Dox Induced",1372,595,472.949801687255
"101_GGAAGGTACGTTGACAGCCT","101","1 Dox","Dox Induced",1107,293,217.522606444148
"101_GGAAGGTACGTTGTCGATAG","101","1 Dox","Dox Induced",5555,1536,1183.39843888188
"101_GGCAATCCTCAGCCTTAGCG","101","0.01 Dox","Dox Induced",984,363,520.296737092984
"101_GGCAATCCTCAGCTTAGAGG","101","0.01 Dox","Dox Induced",1505,2004,1298.79557255399
"101_GGCAATCCTCCAAGAGCTGG","101","0.01 Dox","Dox Induced",2326,926,2340.78811770712
"101_GGCAATCCTCCCAAGCTCAG","101","0.01 Dox","Dox Induced",6698,1476,993.148516357077
"101_GGCAATCCTCGAAGTGACTC","101","0.01 Dox","Dox Induced",2264,889,404.987474510631
"101_GGCAATCCTCTAATCACCAC","101","0.01 Dox","Dox Induced",113,62,68.7546741003335
"101_GGCAATCCTCTGGCGCATCT","101","0.01 Dox","Dox Induced",4289,1131,835.382394712331
"101_GGCAATCCTCTTACGGAGTC","101","0.01 Dox","Dox Induced",22178,3080,2001.01275043961
"101_GGCAATCCTCTTCTCCATTC","101","0.01 Dox","Dox Induced",7348,1559,1315.59021395023
"101_GGCAATCCTCTTCTTGAGTG","101","0.01 Dox","Dox Induced",6197,890,549.156838800138
"101_GGCAATCCTCTTGACAGCCT","101","0.01 Dox","Dox Induced",2117,887,1150.76519855928
"101_GGCAATCCTCTTGTCGATAG","101","0.01 Dox","Dox Induced",142,11,6.89252071118163
"101_TACGCTACTAAGCTTAGAGG","101","0.01 Dox","Dox Induced",132,99,40.9467999675882
"101_TACGCTACTAATGTCCACCG","101","0.01 Dox","Dox Induced",515,1235,453.991977994969
"101_TACGCTACTACAAGAGCTGG","101","0.01 Dox","Dox Induced",18050,2628,5611.88799329826
"101_TACGCTACTACCAAGCTCAG","101","0.01 Dox","Dox Induced",1735,390,475.927888827567
"101_TACGCTACTACCGGATTAAT","101","0.01 Dox","Dox Induced",339,281,339.175937593483
"101_TACGCTACTACTCAATGCTC","101","0.01 Dox","Dox Induced",9160,4812,5356.30251247098
"101_TACGCTACTAGAAGTGACTC","101","0.01 Dox","Dox Induced",2213,2870,1534.57065466497
"101_TACGCTACTATGGCGCATCT","101","0.01 Dox","Dox Induced",25955,2344,3115.55002020679
"101_TACGCTACTATTCTCCATTC","101","0.01 Dox","Dox Induced",20672,2211,2402.71456117203
"101_TACGCTACTATTCTTGAGTG","101","0.01 Dox","Dox Induced",20040,940,575.725028667826
"101_TACGCTACTATTGACAGCCT","101","0.01 Dox","Dox Induced",13307,2904,3069.87122000557
"101_TACGCTACTATTGTCGATAG","101","0.01 Dox","Dox Induced",586,196,98.7036584003769
"101_TAGAGAGATGAGCCTTAGCG","101","Control","No Dox",13,14,7.28549932882255
"101_TAGAGAGATGATGTCCACCG","101","Control","No Dox",-19,10,4.33874261074723
"101_TAGAGAGATGCAAGAGCTGG","101","Control","No Dox",-2,1,0.653391440422969
"101_TAGAGAGATGCCAAGCTCAG","101","Control","No Dox",2,5,3.30521898153898
"101_TAGAGAGATGCCGGATTAAT","101","Control","No Dox",-6,5,2.13046629154378
"101_TAGAGAGATGCTCAATGCTC","101","Control","No Dox",7,5,4.81032175462027
"101_TAGAGAGATGGAAGTGACTC","101","Control","No Dox",27,9,4.16675107463865
"101_TAGAGAGATGTTACGGAGTC","101","Control","No Dox",9,6,4.47237551543148
"101_TAGAGAGATGTTATCGCTGG","101","Control","No Dox",1,6,5.10612550884851
"101_TAGAGAGATGTTCTCCATTC","101","Control","No Dox",8,8,5.12221742159312
"101_TAGAGAGATGTTCTTGAGTG","101","Control","No Dox",-13,13,6.52921032183352
"101_TAGAGAGATGTTGACAGCCT","101","Control","No Dox",10,4,4.28503126902358
"101_TAGAGAGATGTTGTCGATAG","101","Control","No Dox",-5,11,13.2382684935476
"101_TAGATCTCTCAGCCTTAGCG","101","0.1 Dox","Dox Induced",10205,3731,3891.68503204772
"101_TAGATCTCTCAGCTTAGAGG","101","0.1 Dox","Dox Induced",2149,687,323.710553777588
"101_TAGATCTCTCCAAGAGCTGG","101","0.1 Dox","Dox Induced",6215,52,58.8753693925932
"101_TAGATCTCTCCCAAGCTCAG","101","0.1 Dox","Dox Induced",33543,2406,4391.94658276336
"101_TAGATCTCTCCCGGATTAAT","101","0.1 Dox","Dox Induced",36916,2934,3926.13906776078
"101_TAGATCTCTCCTCAATGCTC","101","0.1 Dox","Dox Induced",27736,1593,2791.89098945388
"101_TAGATCTCTCGAAGTGACTC","101","0.1 Dox","Dox Induced",6096,1055,869.714191590397
"101_TAGATCTCTCTAATCACCAC","101","0.1 Dox","Dox Induced",110,59,60.7681895890205
"101_TAGATCTCTCTGGCGCATCT","101","0.1 Dox","Dox Induced",188,204,154.767086075355
"101_TAGATCTCTCTTACGGAGTC","101","0.1 Dox","Dox Induced",28848,2813,2723.66372576493
"101_TAGATCTCTCTTATCGCTGG","101","0.1 Dox","Dox Induced",7712,267,188.423859715855
"101_TAGATCTCTCTTCTCCATTC","101","0.1 Dox","Dox Induced",6504,1409,974.23408956546
"101_TAGATCTCTCTTGACAGCCT","101","0.1 Dox","Dox Induced",16432,1675,1345.00699649945
"101_TAGATCTCTCTTGTCGATAG","101","0.1 Dox","Dox Induced",16023,4342,3030.89742663827
"101_TAGCTCCAGAATGTCCACCG","101","0.1 Dox","Dox Induced",99,45,25.9865239078489
"101_TAGCTCCAGACAAGAGCTGG","101","0.1 Dox","Dox Induced",19476,824,1601.00294762775
"101_TAGCTCCAGACCGGATTAAT","101","0.1 Dox","Dox Induced",449,409,391.659458781059
"101_TAGCTCCAGACTCAATGCTC","101","0.1 Dox","Dox Induced",3239,876,1019.19400746944
"101_TAGCTCCAGAGAAGTGACTC","101","0.1 Dox","Dox Induced",631,611,444.121865493054
"101_TAGCTCCAGATAATCACCAC","101","0.1 Dox","Dox Induced",5390,588,436.332320049461
"101_TAGCTCCAGATGGCGCATCT","101","0.1 Dox","Dox Induced",152,22,14.1105993750518
"101_TAGCTCCAGATTACGGAGTC","101","0.1 Dox","Dox Induced",6352,1536,721.118706442319
"101_TAGCTCCAGATTATCGCTGG","101","0.1 Dox","Dox Induced",10677,2000,1084.72159145029
"101_TAGCTCCAGATTCTCCATTC","101","0.1 Dox","Dox Induced",384,235,134.722658563082
"101_TAGCTCCAGATTCTTGAGTG","101","0.1 Dox","Dox Induced",14297,2524,1614.28305199938
"101_TAGCTCCAGATTGACAGCCT","101","0.1 Dox","Dox Induced",15105,4254,4280.00838881101
"101_TAGCTCCAGATTGTCGATAG","101","0.1 Dox","Dox Induced",18390,3176,2925.95606540357
"101_TCCGGATTCGAGCCTTAGCG","101","0.01 Dox","Dox Induced",13936,2437,4525.21634552858
"101_TCCGGATTCGAGCTTAGAGG","101","0.01 Dox","Dox Induced",1094,194,79.100158484845
"101_TCCGGATTCGATGTCCACCG","101","0.01 Dox","Dox Induced",14702,2745,7297.64143108771
"101_TCCGGATTCGCAAGAGCTGG","101","0.01 Dox","Dox Induced",2743,1111,1214.44288617655
"101_TCCGGATTCGCCAAGCTCAG","101","0.01 Dox","Dox Induced",1180,790,1002.45559334933
"101_TCCGGATTCGCCGGATTAAT","101","0.01 Dox","Dox Induced",1193,244,242.156928704442
"101_TCCGGATTCGCTCAATGCTC","101","0.01 Dox","Dox Induced",233,155,123.768132612237
"101_TCCGGATTCGGAAGTGACTC","101","0.01 Dox","Dox Induced",13920,1887,1684.06213662784
"101_TCCGGATTCGTAATCACCAC","101","0.01 Dox","Dox Induced",478,487,731.236509796684
"101_TCCGGATTCGTGGCGCATCT","101","0.01 Dox","Dox Induced",745,283,240.602523194808
"101_TCCGGATTCGTTACGGAGTC","101","0.01 Dox","Dox Induced",351,422,238.295040668598
"101_TCCGGATTCGTTATCGCTGG","101","0.01 Dox","Dox Induced",10498,1251,1028.49918080131
"101_TCCGGATTCGTTCTCCATTC","101","0.01 Dox","Dox Induced",269,99,101.471297832666
"101_TCCGGATTCGTTCTTGAGTG","101","0.01 Dox","Dox Induced",26122,3219,3286.2688998947
"101_TCCGGATTCGTTGTCGATAG","101","0.01 Dox","Dox Induced",121,104,110.306478923561
"101_TCGTGAAGCGAGCCTTAGCG","101","0 Dox","No Dox",-7,7,6.9507321036756
"101_TCGTGAAGCGAGCTTAGAGG","101","0 Dox","No Dox",46,3,1.92402461906405
"101_TCGTGAAGCGCAAGAGCTGG","101","0 Dox","No Dox",6,6,6.41680234640309
"101_TCGTGAAGCGCCAAGCTCAG","101","0 Dox","No Dox",-42,4,8.82955752775957
"101_TCGTGAAGCGCCGGATTAAT","101","0 Dox","No Dox",18,3,2.67003147092113
"101_TCGTGAAGCGCTCAATGCTC","101","0 Dox","No Dox",25,5,9.09375476424325
"101_TCGTGAAGCGGAAGTGACTC","101","0 Dox","No Dox",4,3,2.95985680388868
"101_TCGTGAAGCGTAATCACCAC","101","0 Dox","No Dox",38,0,0
"101_TCGTGAAGCGTGGCGCATCT","101","0 Dox","No Dox",-10,6,6.59143017676958
"101_TCGTGAAGCGTTACGGAGTC","101","0 Dox","No Dox",10,6,6.16947520242465
"101_TCGTGAAGCGTTCTCCATTC","101","0 Dox","No Dox",19,4,2.30901792929903
"101_TCGTGAAGCGTTCTTGAGTG","101","0 Dox","No Dox",2,7,7.35185416317191
"101_TCGTGAAGCGTTGACAGCCT","101","0 Dox","No Dox",9,1,0.780693707834952
"101_TCGTGAAGCGTTGTCGATAG","101","0 Dox","No Dox",7,2,2.83275596996671
"101_TCTGCGTTAAAGCCTTAGCG","101","1 Dox","Dox Induced",1336,580,203.967169725496
"101_TCTGCGTTAACCAAGCTCAG","101","1 Dox","Dox Induced",6150,823,1232.81420819715
"101_TCTGCGTTAACCGGATTAAT","101","1 Dox","Dox Induced",620,1099,1314.59686629558
"101_TCTGCGTTAACTCAATGCTC","101","1 Dox","Dox Induced",1490,470,526.126904898123
"101_TCTGCGTTAAGAAGTGACTC","101","1 Dox","Dox Induced",14134,2803,2419.2139162071
"101_TCTGCGTTAATAATCACCAC","101","1 Dox","Dox Induced",191,545,575.386366215718
"101_TCTGCGTTAATGGCGCATCT","101","1 Dox","Dox Induced",36555,3654,4632.48741042204
"101_TCTGCGTTAATTACGGAGTC","101","1 Dox","Dox Induced",20785,1419,2258.04720424931
"101_TCTGCGTTAATTATCGCTGG","101","1 Dox","Dox Induced",4457,1739,1324.66747192583
"101_TCTGCGTTAATTCTCCATTC","101","1 Dox","Dox Induced",1076,300,411.546681907121
"101_TCTGCGTTAATTGACAGCCT","101","1 Dox","Dox Induced",4443,404,756.067792593336
"101_TCTGCGTTAATTGTCGATAG","101","1 Dox","Dox Induced",4777,471,863.764504910651
"101_TGACACCGTAAGCCTTAGCG","101","0 Dox","No Dox",29,38,18.2669001982776
"101_TGACACCGTAAGCTTAGAGG","101","0 Dox","No Dox",12,3,3.0791111333381
"101_TGACACCGTAATGTCCACCG","101","0 Dox","No Dox",-9,16,10.0898270005035
"101_TGACACCGTACAAGAGCTGG","101","0 Dox","No Dox",26,0,0
"101_TGACACCGTACCAAGCTCAG","101","0 Dox","No Dox",-2,18,15.2155918850458
"101_TGACACCGTACCGGATTAAT","101","0 Dox","No Dox",-20,16,10.9955188783579
"101_TGACACCGTACTCAATGCTC","101","0 Dox","No Dox",-5,6,12.9265970916292
"101_TGACACCGTAGAAGTGACTC","101","0 Dox","No Dox",-14,11,9.52779823717281
"101_TGACACCGTATAATCACCAC","101","0 Dox","No Dox",-5,7,8.17776884215894
"101_TGACACCGTATGGCGCATCT","101","0 Dox","No Dox",-11,12,6.97731824592769
"101_TGACACCGTATTACGGAGTC","101","0 Dox","No Dox",25,16,10.0370030566009
"101_TGACACCGTATTATCGCTGG","101","0 Dox","No Dox",3,8,3.26977878124914
"101_TGACACCGTATTCTCCATTC","101","0 Dox","No Dox",21,14,4.71120243009594
"101_TGACACCGTATTGACAGCCT","101","0 Dox","No Dox",-17,10,10.3369154660495
"101_TGACACCGTATTGTCGATAG","101","0 Dox","No Dox",-31,10,7.73253973875419
"101_TGACCATGAAAGCCTTAGCG","101","0 Dox","No Dox",-3,5,2.27812966554253
"101_TGACCATGAAAGCTTAGAGG","101","0 Dox","No Dox",0,5,3.26358934189373
"101_TGACCATGAAATGTCCACCG","101","0 Dox","No Dox",-31,11,16.0033993868249
"101_TGACCATGAACAAGAGCTGG","101","0 Dox","No Dox",25,0,0
"101_TGACCATGAACCAAGCTCAG","101","0 Dox","No Dox",34,1,1.23558055249199
"101_TGACCATGAACCGGATTAAT","101","0 Dox","No Dox",-11,4,1.4985514309749
"101_TGACCATGAACTCAATGCTC","101","0 Dox","No Dox",17,4,5.13751804137344
"101_TGACCATGAAGAAGTGACTC","101","0 Dox","No Dox",10,3,1.62955296554091
"101_TGACCATGAATAATCACCAC","101","0 Dox","No Dox",28,1,0.614411439402696
"101_TGACCATGAATGGCGCATCT","101","0 Dox","No Dox",19,4,2.42224241895536
"101_TGACCATGAATTACGGAGTC","101","0 Dox","No Dox",10,8,6.50436092748008
"101_TGACCATGAATTATCGCTGG","101","0 Dox","No Dox",27,1,0.327972463252778
"101_TGACCATGAATTCTCCATTC","101","0 Dox","No Dox",2,5,4.15142422492169
"101_TGACCATGAATTCTTGAGTG","101","0 Dox","No Dox",14,5,2.3308563688342
"101_TGACCATGAATTGACAGCCT","101","0 Dox","No Dox",24,5,6.21525186042837
"101_TGACCATGAATTGTCGATAG","101","0 Dox","No Dox",-15,3,4.13971099584789
"101_TGATGGAGAAAGCCTTAGCG","101","0.01 Dox","Dox Induced",8811,1132,1348.58044007369
"101_TGATGGAGAAAGCTTAGAGG","101","0.01 Dox","Dox Induced",1800,836,434.525457107318
"101_TGATGGAGAACAAGAGCTGG","101","0.01 Dox","Dox Induced",6832,3741,5256.01760867691
"101_TGATGGAGAACCAAGCTCAG","101","0.01 Dox","Dox Induced",2550,1823,1847.87471804507
"101_TGATGGAGAACCGGATTAAT","101","0.01 Dox","Dox Induced",5293,1957,1291.96177552321
"101_TGATGGAGAACTCAATGCTC","101","0.01 Dox","Dox Induced",4798,780,1606.12990083748
"101_TGATGGAGAAGAAGTGACTC","101","0.01 Dox","Dox Induced",21717,2289,1287.10509954866
"101_TGATGGAGAATAATCACCAC","101","0.01 Dox","Dox Induced",5350,2286,3890.41757040657
"101_TGATGGAGAATGGCGCATCT","101","0.01 Dox","Dox Induced",2266,462,313.831221867352
"101_TGATGGAGAATTACGGAGTC","101","0.01 Dox","Dox Induced",296,26,14.3973946610066
"101_TGATGGAGAATTATCGCTGG","101","0.01 Dox","Dox Induced",3047,990,608.381846842673
"101_TGATGGAGAATTCTCCATTC","101","0.01 Dox","Dox Induced",2786,546,246.118536632737
"101_TGATGGAGAATTCTTGAGTG","101","0.01 Dox","Dox Induced",4213,1594,1352.4802703276
"101_TGATGGAGAATTGACAGCCT","101","0.01 Dox","Dox Induced",2546,515,581.571413900497
"101_TGATGGAGAATTGTCGATAG","101","0.01 Dox","Dox Induced",2216,1231,712.458719738764
"101_TTAGGCATCCAGCTTAGAGG","101","0 Dox","No Dox",-12,3,2.84979386659391
"101_TTAGGCATCCATGTCCACCG","101","0 Dox","No Dox",-16,3,3.42992051753185
"101_TTAGGCATCCCAAGAGCTGG","101","0 Dox","No Dox",-9,0,0
"101_TTAGGCATCCCCAAGCTCAG","101","0 Dox","No Dox",12,4,4.97045452360895
"101_TTAGGCATCCCCGGATTAAT","101","0 Dox","No Dox",16,1,0.734459083333716
"101_TTAGGCATCCCTCAATGCTC","101","0 Dox","No Dox",-17,1,1.17833066602775
"101_TTAGGCATCCGAAGTGACTC","101","0 Dox","No Dox",34,3,3.13907645236468
"101_TTAGGCATCCTAATCACCAC","101","0 Dox","No Dox",-16,1,0.985944224258245
"101_TTAGGCATCCTGGCGCATCT","101","0 Dox","No Dox",-16,3,3.0183643895242
"101_TTAGGCATCCTTACGGAGTC","101","0 Dox","No Dox",-11,6,5.70432587338577
"101_TTAGGCATCCTTATCGCTGG","101","0 Dox","No Dox",-17,3,1.70735717738671
"101_TTAGGCATCCTTCTCCATTC","101","0 Dox","No Dox",-11,0,0
"101_TTAGGCATCCTTGACAGCCT","101","0 Dox","No Dox",-30,1,1.13122456948596
"101_TTAGGCATCCTTGTCGATAG","101","0 Dox","No Dox",13,2,2.64210534901568
"101_TTATGGCCTTAGCCTTAGCG","101","0 Dox","No Dox",0,10,4.78956950690757
"101_TTATGGCCTTAGCTTAGAGG","101","0 Dox","No Dox",-13,5,4.99268195635127
"101_TTATGGCCTTATGTCCACCG","101","0 Dox","No Dox",9,2,2.35980702982284
"101_TTATGGCCTTCAAGAGCTGG","101","0 Dox","No Dox",7,4,4.0146941963791
"101_TTATGGCCTTCCAAGCTCAG","101","0 Dox","No Dox",-21,6,6.96868830550684
"101_TTATGGCCTTCTCAATGCTC","101","0 Dox","No Dox",-8,4,5.01724125928422
"101_TTATGGCCTTGAAGTGACTC","101","0 Dox","No Dox",2,3,2.64864111550072
"101_TTATGGCCTTTGGCGCATCT","101","0 Dox","No Dox",31,8,7.61046140016867
"101_TTATGGCCTTTTACGGAGTC","101","0 Dox","No Dox",-3,5,3.91489045279116
"101_TTATGGCCTTTTATCGCTGG","101","0 Dox","No Dox",8,2,0.572120917658691
"101_TTATGGCCTTTTCTCCATTC","101","0 Dox","No Dox",22,4,3.18606415572624
"101_TTATGGCCTTTTCTTGAGTG","101","0 Dox","No Dox",9,7,4.9050127990281
"101_TTATGGCCTTTTGACAGCCT","101","0 Dox","No Dox",-12,1,0.522764209281533
"101_TTATGGCCTTTTGTCGATAG","101","0 Dox","No Dox",3,4,4.19094277050363
"101_TTCCAGCTATAGCCTTAGCG","101","0.1 Dox","Dox Induced",9318,660,421.290796347651
"101_TTCCAGCTATAGCTTAGAGG","101","0.1 Dox","Dox Induced",5520,1097,540.432659803002
"101_TTCCAGCTATATGTCCACCG","101","0.1 Dox","Dox Induced",17957,5911,7726.19525005806
"101_TTCCAGCTATCAAGAGCTGG","101","0.1 Dox","Dox Induced",318,33,29.7552522224998
"101_TTCCAGCTATCCAAGCTCAG","101","0.1 Dox","Dox Induced",677,447,207.212648627093
"101_TTCCAGCTATCCGGATTAAT","101","0.1 Dox","Dox Induced",97,33,15.0664834153332
"101_TTCCAGCTATCTCAATGCTC","101","0.1 Dox","Dox Induced",2288,698,336.022914597419
"101_TTCCAGCTATTAATCACCAC","101","0.1 Dox","Dox Induced",435,118,69.9382483198903
"101_TTCCAGCTATTGGCGCATCT","101","0.1 Dox","Dox Induced",24333,4785,4075.2607560784
"101_TTCCAGCTATTTACGGAGTC","101","0.1 Dox","Dox Induced",249,533,413.569308609222
"101_TTCCAGCTATTTCTCCATTC","101","0.1 Dox","Dox Induced",787,654,247.05278139269
"101_TTCCAGCTATTTGACAGCCT","101","0.1 Dox","Dox Induced",14763,1866,1051.87775621312
"101_TTCCAGCTATTTGTCGATAG","101","0.1 Dox","Dox Induced",968,1104,679.679552035624
"101_TTCCGTGCTGAGCCTTAGCG","101","0.1 Dox","Dox Induced",379,23,17.8672827387231
"101_TTCCGTGCTGAGCTTAGAGG","101","0.1 Dox","Dox Induced",205,425,196.303743921944
"101_TTCCGTGCTGATGTCCACCG","101","0.1 Dox","Dox Induced",1253,776,472.746081324134
"101_TTCCGTGCTGCAAGAGCTGG","101","0.1 Dox","Dox Induced",134,76,55.9114190449669
"101_TTCCGTGCTGCCAAGCTCAG","101","0.1 Dox","Dox Induced",364,215,158.897103081203
"101_TTCCGTGCTGCCGGATTAAT","101","0.1 Dox","Dox Induced",1545,779,584.722797126595
"101_TTCCGTGCTGCTCAATGCTC","101","0.1 Dox","Dox Induced",1855,1567,1377.6632470231
"101_TTCCGTGCTGGAAGTGACTC","101","0.1 Dox","Dox Induced",593,1695,2432.95653090791
"101_TTCCGTGCTGTAATCACCAC","101","0.1 Dox","Dox Induced",2669,286,247.933953405023
"101_TTCCGTGCTGTGGCGCATCT","101","0.1 Dox","Dox Induced",13258,1027,825.016487838809
"101_TTCCGTGCTGTTACGGAGTC","101","0.1 Dox","Dox Induced",6726,1430,855.868812568775
"101_TTCCGTGCTGTTATCGCTGG","101","0.1 Dox","Dox Induced",827,556,243.037845292075
"101_TTCCGTGCTGTTCTTGAGTG","101","0.1 Dox","Dox Induced",6635,3188,1718.53823170569
"101_TTCCGTGCTGTTGACAGCCT","101","0.1 Dox","Dox Induced",129,237,129.884562955843
"101_TTCCGTGCTGTTGTCGATAG","101","0.1 Dox","Dox Induced",7852,3428,6180.27703566323
"101_TTCGCACGCAAGCCTTAGCG","101","1 Dox","Dox Induced",12468,1450,778.290128064357
"101_TTCGCACGCAAGCTTAGAGG","101","1 Dox","Dox Induced",20674,2450,1341.6155247698
"101_TTCGCACGCAATGTCCACCG","101","1 Dox","Dox Induced",93,135,272.186629508893
"101_TTCGCACGCACAAGAGCTGG","101","1 Dox","Dox Induced",18200,1225,3167.84928427665
"101_TTCGCACGCACCAAGCTCAG","101","1 Dox","Dox Induced",24248,1578,3618.36194966943
"101_TTCGCACGCACCGGATTAAT","101","1 Dox","Dox Induced",8612,645,969.851164010509
"101_TTCGCACGCACTCAATGCTC","101","1 Dox","Dox Induced",12056,1563,3383.05478080525
"101_TTCGCACGCAGAAGTGACTC","101","1 Dox","Dox Induced",17740,1965,1447.16676916014
"101_TTCGCACGCATGGCGCATCT","101","1 Dox","Dox Induced",329,1766,2036.3999096785
"101_TTCGCACGCATTACGGAGTC","101","1 Dox","Dox Induced",4395,2472,1330.64296487024
"101_TTCGCACGCATTATCGCTGG","101","1 Dox","Dox Induced",1192,137,97.5287366358518
"101_TTCGCACGCATTCTCCATTC","101","1 Dox","Dox Induced",176,5,9.74492324800747
"101_TTCGCACGCATTCTTGAGTG","101","1 Dox","Dox Induced",6306,715,585.46768130898
"101_TTCGCACGCATTGACAGCCT","101","1 Dox","Dox Induced",4132,1045,1671.10246795982
"101_TTCGCACGCATTGTCGATAG","101","1 Dox","Dox Induced",2794,706,1168.1885058774
"101_TTGTCTGCAAAGCCTTAGCG","101","0.1 Dox","Dox Induced",5934,2013,2952.88811366215
"101_TTGTCTGCAAATGTCCACCG","101","0.1 Dox","Dox Induced",10974,128,208.530597588193
"101_TTGTCTGCAACAAGAGCTGG","101","0.1 Dox","Dox Induced",4418,381,902.280664000805
"101_TTGTCTGCAACCAAGCTCAG","101","0.1 Dox","Dox Induced",17910,3006,3239.85822577218
"101_TTGTCTGCAACCGGATTAAT","101","0.1 Dox","Dox Induced",3325,2068,2485.20085297303
"101_TTGTCTGCAACTCAATGCTC","101","0.1 Dox","Dox Induced",9813,2030,1283.0666153901
"101_TTGTCTGCAAGAAGTGACTC","101","0.1 Dox","Dox Induced",6050,1406,1047.29405452482
"101_TTGTCTGCAATGGCGCATCT","101","0.1 Dox","Dox Induced",19908,3459,3073.95827338718
"101_TTGTCTGCAATTACGGAGTC","101","0.1 Dox","Dox Induced",7333,2290,4031.19306199929
"101_TTGTCTGCAATTATCGCTGG","101","0.1 Dox","Dox Induced",2281,1364,1137.74054327998
"101_TTGTCTGCAATTCTTGAGTG","101","0.1 Dox","Dox Induced",13087,2651,3224.35276777977
"101_TTGTCTGCAATTGACAGCCT","101","0.1 Dox","Dox Induced",1283,565,602.859450568579
"101_TTGTCTGCAATTGTCGATAG","101","0.1 Dox","Dox Induced",14803,1310,1657.1890071219
"103_CAAGGACATCACCTCACCAG","103","1 Dox","Dox Induced",9809,1238,1205.03678555242
"103_CAAGGACATCAGCAACAGTA","103","1 Dox","Dox Induced",4913,349,639.785779930921
"103_CAAGGACATCAGGCGGATCA","103","1 Dox","Dox Induced",5330,484,667.781929560618
"103_CAAGGACATCCCGCCGATAA","103","1 Dox","Dox Induced",2435,689,1542.53452556717
"103_CAAGGACATCCGGTTGGCTA","103","1 Dox","Dox Induced",1106,480,686.83839920712
"103_CAAGGACATCGAATGAACGT","103","1 Dox","Dox Induced",8881,1369,2126.67140815869
"103_CAAGGACATCGAGCGGAACT","103","1 Dox","Dox Induced",5349,772,601.159174573609
"103_CAAGGACATCTGACAGAGGT","103","1 Dox","Dox Induced",7772,890,1804.71543059607
"103_CAAGGACATCTGCAGGCTAC","103","1 Dox","Dox Induced",122,221,155.647441357617
"103_CAAGGACATCTTATGCCGCT","103","1 Dox","Dox Induced",6397,891,1805.27350852173
"103_CAAGGACATCTTATTCGCCT","103","1 Dox","Dox Induced",2148,446,821.526349817343
"103_CAAGGACATCTTCTCGCCTC","103","1 Dox","Dox Induced",1994,466,563.754902344929
"103_CAAGGACATCTTGCTAAGGA","103","1 Dox","Dox Induced",5503,1224,3205.5632734502
"103_CCGACGCATTACCTCACCAG","103","1 Dox","Dox Induced",3431,1627,1407.68930246073
"103_CCGACGCATTCCGCCGATAA","103","1 Dox","Dox Induced",8358,1774,2226.58632699294
"103_CCGACGCATTCGGTTGGCTA","103","1 Dox","Dox Induced",9600,811,506.233862453802
"103_CCGACGCATTGAATGAACGT","103","1 Dox","Dox Induced",17422,1718,2884.75459587708
"103_CCGACGCATTGAGCGGAACT","103","1 Dox","Dox Induced",4229,1536,947.540404335275
"103_CCGACGCATTTGACAGAGGT","103","1 Dox","Dox Induced",2474,1456,1294.31518886183
"103_CCGACGCATTTGCAGGCTAC","103","1 Dox","Dox Induced",5163,700,709.75201895451
"103_CCGACGCATTTTATGCCGCT","103","1 Dox","Dox Induced",1071,157,570.419993720638
"103_CCGACGCATTTTATTCGCCT","103","1 Dox","Dox Induced",198,453,514.176585714672
"103_CCGACGCATTTTCTCGCCTC","103","1 Dox","Dox Induced",281,100,148.359772100988
"103_CGGAGAGTCAACCTCACCAG","103","0.1 Dox","Dox Induced",10090,1669,5880.92150125605
"103_CGGAGAGTCAAGGCGGATCA","103","0.1 Dox","Dox Induced",4998,2444,2885.87248322542
"103_CGGAGAGTCACCGCCGATAA","103","0.1 Dox","Dox Induced",5293,1954,4179.62823635307
"103_CGGAGAGTCAGAATGAACGT","103","0.1 Dox","Dox Induced",30695,3387,3288.91470204474
"103_CGGAGAGTCATGACAGAGGT","103","0.1 Dox","Dox Induced",19955,845,1470.85313169931
"103_CGGAGAGTCATGCAGGCTAC","103","0.1 Dox","Dox Induced",5285,3041,5346.03681918749
"103_CGGAGAGTCATTACCGGACC","103","0.1 Dox","Dox Induced",15021,2745,1756.10205194634
"103_CGGAGAGTCATTATGCCGCT","103","0.1 Dox","Dox Induced",447,237,613.149471802985
"103_CGGAGAGTCATTATTCGCCT","103","0.1 Dox","Dox Induced",1921,656,792.260657710948
"103_CGGAGAGTCATTCTCGCCTC","103","0.1 Dox","Dox Induced",10545,3151,7069.33666900997
"103_CGGAGAGTCATTGCTAAGGA","103","0.1 Dox","Dox Induced",2846,629,1027.71654969717
"103_CGGCAAGCTAAACATAGCCT","103","0.01 Dox","Dox Induced",7739,3387,3813.42799589346
"103_CGGCAAGCTAACCTCACCAG","103","0.01 Dox","Dox Induced",11251,1747,7618.37116546572
"103_CGGCAAGCTAAGCAACAGTA","103","0.01 Dox","Dox Induced",30790,1626,6045.57386931765
"103_CGGCAAGCTAAGGCGGATCA","103","0.01 Dox","Dox Induced",2092,258,475.110374473943
"103_CGGCAAGCTACCGCCGATAA","103","0.01 Dox","Dox Induced",960,235,145.862105251569
"103_CGGCAAGCTAGAATGAACGT","103","0.01 Dox","Dox Induced",24341,5479,4911.33113103944
"103_CGGCAAGCTAGAGCGGAACT","103","0.01 Dox","Dox Induced",3013,2092,3310.44994975225
"103_CGGCAAGCTATGACAGAGGT","103","0.01 Dox","Dox Induced",109,286,149.852522665004
"103_CGGCAAGCTATGCAGGCTAC","103","0.01 Dox","Dox Induced",294,137,189.331187579755
"103_CGGCAAGCTATTCTCGCCTC","103","0.01 Dox","Dox Induced",1012,1397,1108.61089564869
"103_CGGCAAGCTATTGCTAAGGA","103","0.01 Dox","Dox Induced",12115,1786,4743.33419144557
"103_CTGCAAGTGCAACATAGCCT","103","1 Dox","Dox Induced",165,193,196.726911425293
"103_CTGCAAGTGCACCTCACCAG","103","1 Dox","Dox Induced",1265,132,437.728257764921
"103_CTGCAAGTGCCCGCCGATAA","103","1 Dox","Dox Induced",938,456,1411.4170453916
"103_CTGCAAGTGCGAATGAACGT","103","1 Dox","Dox Induced",7874,1459,991.547704585094
"103_CTGCAAGTGCTGACAGAGGT","103","1 Dox","Dox Induced",589,328,594.350906299754
"103_CTGCAAGTGCTGCAGGCTAC","103","1 Dox","Dox Induced",362,112,154.349261785037
"103_CTGCAAGTGCTTACCGGACC","103","1 Dox","Dox Induced",243,128,58.5253919073423
"103_CTGCAAGTGCTTATGCCGCT","103","1 Dox","Dox Induced",6409,1023,643.472395111801
"103_CTGCAAGTGCTTATTCGCCT","103","1 Dox","Dox Induced",23172,956,2277.71460614387
"103_CTGCAAGTGCTTGCTAAGGA","103","1 Dox","Dox Induced",17884,2426,7033.33764601068
"103_GATGGACGCTAACATAGCCT","103","0.01 Dox","Dox Induced",999,406,266.955629939079
"103_GATGGACGCTACCTCACCAG","103","0.01 Dox","Dox Induced",999,637,399.351075172837
"103_GATGGACGCTAGCAACAGTA","103","0.01 Dox","Dox Induced",316,105,360.55654719715
"103_GATGGACGCTCCGCCGATAA","103","0.01 Dox","Dox Induced",9361,2265,6176.76538850185
"103_GATGGACGCTCGGTTGGCTA","103","0.01 Dox","Dox Induced",7123,1247,2626.77145916886
"103_GATGGACGCTGAATGAACGT","103","0.01 Dox","Dox Induced",758,212,195.907612744107
"103_GATGGACGCTGAGCGGAACT","103","0.01 Dox","Dox Induced",1314,1625,4687.47422665795
"103_GATGGACGCTTGACAGAGGT","103","0.01 Dox","Dox Induced",31776,3908,5946.06233525372
"103_GATGGACGCTTGCAGGCTAC","103","0.01 Dox","Dox Induced",12641,2136,1899.83207347878
"103_GATGGACGCTTTATGCCGCT","103","0.01 Dox","Dox Induced",2352,304,489.740018380361
"103_GATGGACGCTTTCTCGCCTC","103","0.01 Dox","Dox Induced",1370,508,478.757324376961
"103_GGAAGGTACGAACATAGCCT","103","1 Dox","Dox Induced",19745,4124,4872.44851673084
"103_GGAAGGTACGACCTCACCAG","103","1 Dox","Dox Induced",1068,95,193.662538663747
"103_GGAAGGTACGCCGCCGATAA","103","1 Dox","Dox Induced",1470,432,774.570098439269
"103_GGAAGGTACGCGGTTGGCTA","103","1 Dox","Dox Induced",23703,2446,3130.41411763766
"103_GGAAGGTACGGAATGAACGT","103","1 Dox","Dox Induced",1569,802,435.372711395256
"103_GGAAGGTACGTGACAGAGGT","103","1 Dox","Dox Induced",2656,397,511.622977049391
"103_GGAAGGTACGTGCAGGCTAC","103","1 Dox","Dox Induced",10186,1398,2260.11350256267
"103_GGAAGGTACGTTATGCCGCT","103","1 Dox","Dox Induced",12782,2608,9841.48903987797
"103_GGAAGGTACGTTATTCGCCT","103","1 Dox","Dox Induced",2419,1206,1463.44160408446
"103_GGAAGGTACGTTCTCGCCTC","103","1 Dox","Dox Induced",384,101,149.186781477244
"103_GGCAATCCTCACCTCACCAG","103","0.01 Dox","Dox Induced",17381,1604,4159.65961342756
"103_GGCAATCCTCAGGCGGATCA","103","0.01 Dox","Dox Induced",9263,439,1948.95003026785
"103_GGCAATCCTCCAGGCTCCAA","103","0.01 Dox","Dox Induced",88,5,8.80853963279027
"103_GGCAATCCTCCCGCCGATAA","103","0.01 Dox","Dox Induced",316,103,128.739485611162
"103_GGCAATCCTCGAATGAACGT","103","0.01 Dox","Dox Induced",26549,2808,3103.60105711648
"103_GGCAATCCTCGAGCGGAACT","103","0.01 Dox","Dox Induced",26213,2255,4422.10430193258
"103_GGCAATCCTCTGACAGAGGT","103","0.01 Dox","Dox Induced",2662,2077,5135.44895402194
"103_GGCAATCCTCTGCAGGCTAC","103","0.01 Dox","Dox Induced",473,163,288.844912498397
"103_GGCAATCCTCTTACCGGACC","103","0.01 Dox","Dox Induced",21164,3374,3689.76895962435
"103_GGCAATCCTCTTATTCGCCT","103","0.01 Dox","Dox Induced",3808,545,664.066679711047
"103_GGCAATCCTCTTCTCGCCTC","103","0.01 Dox","Dox Induced",128,104,115.681546444235
"103_GGCAATCCTCTTGCTAAGGA","103","0.01 Dox","Dox Induced",394,365,580.355154503263
"103_TACGCTACTAAGCAACAGTA","103","0.01 Dox","Dox Induced",22365,1671,5108.4862776287
"103_TACGCTACTAAGGCGGATCA","103","0.01 Dox","Dox Induced",2128,1324,1186.35659023085
"103_TACGCTACTACAGGCTCCAA","103","0.01 Dox","Dox Induced",3242,429,1434.36571554434
"103_TACGCTACTACCGCCGATAA","103","0.01 Dox","Dox Induced",1502,1515,1897.2543921594
"103_TACGCTACTACGGTTGGCTA","103","0.01 Dox","Dox Induced",138,34,67.3192164307802
"103_TACGCTACTAGAATGAACGT","103","0.01 Dox","Dox Induced",3307,1004,966.535582896758
"103_TACGCTACTAGAGCGGAACT","103","0.01 Dox","Dox Induced",4977,1698,9742.41629479857
"103_TACGCTACTATGACAGAGGT","103","0.01 Dox","Dox Induced",13287,694,1385.96497578768
"103_TACGCTACTATTACCGGACC","103","0.01 Dox","Dox Induced",31030,1139,1184.56993050601
"103_TACGCTACTATTATTCGCCT","103","0.01 Dox","Dox Induced",268,259,477.080572618884
"103_TACGCTACTATTCTCGCCTC","103","0.01 Dox","Dox Induced",17530,2707,4490.38899117528
"103_TACGCTACTATTGCTAAGGA","103","0.01 Dox","Dox Induced",9738,2031,2503.65024454464
"103_TAGAGAGATGACCTCACCAG","103","Control","No Dox",15,6,6.01283061886526
"103_TAGAGAGATGAGCAACAGTA","103","Control","No Dox",5,7,6.09620993689021
"103_TAGAGAGATGCCGCCGATAA","103","Control","No Dox",1,2,3.54657917800054
"103_TAGAGAGATGCGGTTGGCTA","103","Control","No Dox",-9,2,2.79785480936926
"103_TAGAGAGATGGAATGAACGT","103","Control","No Dox",0,3,2.59449179292051
"103_TAGAGAGATGGAGCGGAACT","103","Control","No Dox",1,1,1.51098547702435
"103_TAGAGAGATGTGACAGAGGT","103","Control","No Dox",15,5,6.10917614278502
"103_TAGAGAGATGTGCAGGCTAC","103","Control","No Dox",-36,6,6.48678026688543
"103_TAGAGAGATGTTATGCCGCT","103","Control","No Dox",-6,5,10.1707529260626
"103_TAGAGAGATGTTATTCGCCT","103","Control","No Dox",34,3,4.43287205529252
"103_TAGAGAGATGTTGCTAAGGA","103","Control","No Dox",-12,7,4.61817745145498
"103_TAGATCTCTCACCTCACCAG","103","0.1 Dox","Dox Induced",848,455,973.497286171675
"103_TAGATCTCTCCAGGCTCCAA","103","0.1 Dox","Dox Induced",23047,2978,7869.63104862389
"103_TAGATCTCTCCGGTTGGCTA","103","0.1 Dox","Dox Induced",45931,1049,2213.26054510758
"103_TAGATCTCTCGAATGAACGT","103","0.1 Dox","Dox Induced",342,160,116.22107998992
"103_TAGATCTCTCTGACAGAGGT","103","0.1 Dox","Dox Induced",2618,1464,3544.63034058316
"103_TAGATCTCTCTGCAGGCTAC","103","0.1 Dox","Dox Induced",19197,7086,30225.6775719706
"103_TAGATCTCTCTTACCGGACC","103","0.1 Dox","Dox Induced",4423,2408,1769.71252850132
"103_TAGATCTCTCTTATTCGCCT","103","0.1 Dox","Dox Induced",12985,971,2381.50154751279
"103_TAGATCTCTCTTCTCGCCTC","103","0.1 Dox","Dox Induced",7255,1107,1776.44735957155
"103_TAGCTCCAGAACCTCACCAG","103","0.1 Dox","Dox Induced",15937,800,3279.77342516554
"103_TAGCTCCAGAGAATGAACGT","103","0.1 Dox","Dox Induced",5896,5774,6917.67667565308
"103_TAGCTCCAGAGAGCGGAACT","103","0.1 Dox","Dox Induced",1671,189,995.304245206627
"103_TAGCTCCAGATGACAGAGGT","103","0.1 Dox","Dox Induced",901,850,644.508775320727
"103_TAGCTCCAGATGCAGGCTAC","103","0.1 Dox","Dox Induced",3207,501,1190.48077530488
"103_TCCGGATTCGACCTCACCAG","103","0.01 Dox","Dox Induced",8963,2484,5920.69952110662
"103_TCCGGATTCGAGCAACAGTA","103","0.01 Dox","Dox Induced",202,304,310.44671750768
"103_TCCGGATTCGAGGCGGATCA","103","0.01 Dox","Dox Induced",405,93,86.9663099775761
"103_TCCGGATTCGCCGCCGATAA","103","0.01 Dox","Dox Induced",3753,315,574.626883360728
"103_TCCGGATTCGCGGTTGGCTA","103","0.01 Dox","Dox Induced",13543,2208,6183.78358094619
"103_TCCGGATTCGGAATGAACGT","103","0.01 Dox","Dox Induced",577,950,723.975057236355
"103_TCCGGATTCGGAGCGGAACT","103","0.01 Dox","Dox Induced",4623,772,672.434300413864
"103_TCCGGATTCGTGACAGAGGT","103","0.01 Dox","Dox Induced",19271,1711,4411.20031452721
"103_TCCGGATTCGTTATGCCGCT","103","0.01 Dox","Dox Induced",7814,1300,2153.61016739203
"103_TCCGGATTCGTTATTCGCCT","103","0.01 Dox","Dox Induced",1833,1425,1796.11307526489
"103_TCCGGATTCGTTCTCGCCTC","103","0.01 Dox","Dox Induced",7090,1990,4255.05744800391
"103_TCGTGAAGCGAACATAGCCT","103","0 Dox","No Dox",37,6,34.7244019612707
"103_TCGTGAAGCGAGGCGGATCA","103","0 Dox","No Dox",25,5,7.26692006834697
"103_TCGTGAAGCGCGGTTGGCTA","103","0 Dox","No Dox",-10,3,10.2212525043503
"103_TCGTGAAGCGGAATGAACGT","103","0 Dox","No Dox",-6,4,4.5324652504951
"103_TCGTGAAGCGGAGCGGAACT","103","0 Dox","No Dox",5,3,17.94056191984
"103_TCGTGAAGCGTGACAGAGGT","103","0 Dox","No Dox",-5,3,9.16954305623657
"103_TCGTGAAGCGTGCAGGCTAC","103","0 Dox","No Dox",0,1,2.19166456561753
"103_TCGTGAAGCGTTACCGGACC","103","0 Dox","No Dox",6,4,2.07700601884973
"103_TCGTGAAGCGTTATTCGCCT","103","0 Dox","No Dox",5,2,4.13658775041455
"103_TCGTGAAGCGTTCTCGCCTC","103","0 Dox","No Dox",-6,4,4.75372211570801
"103_TCGTGAAGCGTTGCTAAGGA","103","0 Dox","No Dox",1,4,2.32464919743584
"103_TCTGCGTTAAAGCAACAGTA","103","1 Dox","Dox Induced",2267,1574,1072.55927154307
"103_TCTGCGTTAACAGGCTCCAA","103","1 Dox","Dox Induced",16673,954,1797.41955842095
"103_TCTGCGTTAACCGCCGATAA","103","1 Dox","Dox Induced",7368,700,1730.25370020796
"103_TCTGCGTTAACGGTTGGCTA","103","1 Dox","Dox Induced",5585,2199,2896.74595605319
"103_TCTGCGTTAAGAATGAACGT","103","1 Dox","Dox Induced",3165,1470,1094.99380475001
"103_TCTGCGTTAAGAGCGGAACT","103","1 Dox","Dox Induced",5664,1399,1401.47470752746
"103_TCTGCGTTAATGACAGAGGT","103","1 Dox","Dox Induced",16960,1338,1591.10020128595
"103_TCTGCGTTAATGCAGGCTAC","103","1 Dox","Dox Induced",1286,249,605.806062000364
"103_TCTGCGTTAATTATGCCGCT","103","1 Dox","Dox Induced",1135,9,8.32223568913637
"103_TCTGCGTTAATTATTCGCCT","103","1 Dox","Dox Induced",4566,1905,2937.10610206714
"103_TCTGCGTTAATTCTCGCCTC","103","1 Dox","Dox Induced",3035,707,1142.39277426057
"103_TCTGCGTTAATTGCTAAGGA","103","1 Dox","Dox Induced",6756,1271,4201.83547554567
"103_TGACACCGTAAACATAGCCT","103","0 Dox","No Dox",-6,10,7.91966263115804
"103_TGACACCGTAACCTCACCAG","103","0 Dox","No Dox",20,6,8.68177386542402
"103_TGACACCGTAAGCAACAGTA","103","0 Dox","No Dox",-28,5,3.05388898311355
"103_TGACACCGTAAGGCGGATCA","103","0 Dox","No Dox",21,8,3.2755870829075
"103_TGACACCGTACAGGCTCCAA","103","0 Dox","No Dox",9,4,2.36992354614156
"103_TGACACCGTACCGCCGATAA","103","0 Dox","No Dox",6,13,20.1842632379373
"103_TGACACCGTACGGTTGGCTA","103","0 Dox","No Dox",36,12,12.8424911234923
"103_TGACACCGTAGAGCGGAACT","103","0 Dox","No Dox",-14,12,8.96269635332589
"103_TGACACCGTATGCAGGCTAC","103","0 Dox","No Dox",18,9,16.5101954273801
"103_TGACACCGTATTACCGGACC","103","0 Dox","No Dox",5,10,3.2416341407345
"103_TGACACCGTATTATGCCGCT","103","0 Dox","No Dox",-4,8,6.75619661521373
"103_TGACACCGTATTATTCGCCT","103","0 Dox","No Dox",-7,4,5.32792937557564
"103_TGACACCGTATTCTCGCCTC","103","0 Dox","No Dox",1,8,11.1056324549267
"103_TGACACCGTATTGCTAAGGA","103","0 Dox","No Dox",-19,10,23.7263831729664
"103_TGACCATGAAAACATAGCCT","103","0 Dox","No Dox",13,4,2.3170320974558
"103_TGACCATGAAACCTCACCAG","103","0 Dox","No Dox",0,3,2.03246904819604
"103_TGACCATGAAAGCAACAGTA","103","0 Dox","No Dox",47,1,0.425436618835756
"103_TGACCATGAACCGCCGATAA","103","0 Dox","No Dox",-2,0,0
"103_TGACCATGAACGGTTGGCTA","103","0 Dox","No Dox",3,6,13.5458187556423
"103_TGACCATGAAGAGCGGAACT","103","0 Dox","No Dox",-5,4,7.25754874948708
"103_TGACCATGAATGACAGAGGT","103","0 Dox","No Dox",-8,5,13.8207344362982
"103_TGACCATGAATGCAGGCTAC","103","0 Dox","No Dox",0,6,15.6301580127191
"103_TGACCATGAATTACCGGACC","103","0 Dox","No Dox",7,7,2.2571001413036
"103_TGACCATGAATTATGCCGCT","103","0 Dox","No Dox",-9,2,1.4395762225172
"103_TGACCATGAATTATTCGCCT","103","0 Dox","No Dox",0,4,5.32580867045067
"103_TGACCATGAATTCTCGCCTC","103","0 Dox","No Dox",3,8,8.63093826405216
"103_TGACCATGAATTGCTAAGGA","103","0 Dox","No Dox",-21,6,13.075655105544
"103_TGATGGAGAAACCTCACCAG","103","0.01 Dox","Dox Induced",28775,1588,2409.92123716138
"103_TGATGGAGAAAGGCGGATCA","103","0.01 Dox","Dox Induced",1226,424,364.521831762959
"103_TGATGGAGAACAGGCTCCAA","103","0.01 Dox","Dox Induced",2471,1081,1475.05894019216
"103_TGATGGAGAACCGCCGATAA","103","0.01 Dox","Dox Induced",9246,1309,3315.72998350703
"103_TGATGGAGAAGAATGAACGT","103","0.01 Dox","Dox Induced",187,36,35.945675471359
"103_TGATGGAGAAGAGCGGAACT","103","0.01 Dox","Dox Induced",18736,2080,3012.69319828588
"103_TGATGGAGAATGACAGAGGT","103","0.01 Dox","Dox Induced",12255,2833,2088.79648792725
"103_TGATGGAGAATGCAGGCTAC","103","0.01 Dox","Dox Induced",3995,641,804.538972828679
"103_TGATGGAGAATTACCGGACC","103","0.01 Dox","Dox Induced",365,103,54.0941351915174
"103_TGATGGAGAATTATGCCGCT","103","0.01 Dox","Dox Induced",40219,1981,4689.42005292084
"103_TGATGGAGAATTCTCGCCTC","103","0.01 Dox","Dox Induced",581,200,173.180632773661
"103_TGATGGAGAATTGCTAAGGA","103","0.01 Dox","Dox Induced",8514,1652,1044.00239057722
"103_TTAGGCATCCAACATAGCCT","103","0 Dox","No Dox",8,2,4.7848246571107
"103_TTAGGCATCCACCTCACCAG","103","0 Dox","No Dox",27,5,4.98383053081894
"103_TTAGGCATCCAGGCGGATCA","103","0 Dox","No Dox",-7,2,1.95305281662799
"103_TTAGGCATCCCCGCCGATAA","103","0 Dox","No Dox",13,0,0
"103_TTAGGCATCCCGGTTGGCTA","103","0 Dox","No Dox",7,1,2.28227316037989
"103_TTAGGCATCCGAATGAACGT","103","0 Dox","No Dox",28,2,2.60146255197224
"103_TTAGGCATCCGAGCGGAACT","103","0 Dox","No Dox",25,1,4.70424107598776
"103_TTAGGCATCCTGACAGAGGT","103","0 Dox","No Dox",3,5,5.70213901865529
"103_TTAGGCATCCTGCAGGCTAC","103","0 Dox","No Dox",-3,1,1.64953933063982
"103_TTAGGCATCCTTACCGGACC","103","0 Dox","No Dox",-2,6,8.82474965991377
"103_TTAGGCATCCTTATGCCGCT","103","0 Dox","No Dox",-21,1,2.34783763575849
"103_TTAGGCATCCTTATTCGCCT","103","0 Dox","No Dox",-5,4,4.2730604900405
"103_TTAGGCATCCTTGCTAAGGA","103","0 Dox","No Dox",13,1,1.77336159673835
"103_TTATGGCCTTAACATAGCCT","103","0 Dox","No Dox",-6,5,2.41419843812155
"103_TTATGGCCTTCCGCCGATAA","103","0 Dox","No Dox",19,1,1.2840867163193
"103_TTATGGCCTTCGGTTGGCTA","103","0 Dox","No Dox",29,4,7.97186787934618
"103_TTATGGCCTTGAATGAACGT","103","0 Dox","No Dox",-8,10,8.9616280831362
"103_TTATGGCCTTGAGCGGAACT","103","0 Dox","No Dox",5,4,5.80520337790985
"103_TTATGGCCTTTGACAGAGGT","103","0 Dox","No Dox",32,2,4.82057012161016
"103_TTATGGCCTTTGCAGGCTAC","103","0 Dox","No Dox",-13,3,6.67098930347472
"103_TTATGGCCTTTTACCGGACC","103","0 Dox","No Dox",-10,4,1.40365576517964
"103_TTATGGCCTTTTATGCCGCT","103","0 Dox","No Dox",-8,3,6.03814551104438
"103_TTATGGCCTTTTATTCGCCT","103","0 Dox","No Dox",32,1,0.946644583745352
"103_TTATGGCCTTTTCTCGCCTC","103","0 Dox","No Dox",0,3,3.22918282591223
"103_TTATGGCCTTTTGCTAAGGA","103","0 Dox","No Dox",17,5,9.55518751493549
"103_TTCCAGCTATCAGGCTCCAA","103","0.1 Dox","Dox Induced",16029,986,5787.17151676266
"103_TTCCAGCTATCCGCCGATAA","103","0.1 Dox","Dox Induced",4105,1436,1674.70025140508
"103_TTCCAGCTATCGGTTGGCTA","103","0.1 Dox","Dox Induced",3899,685,1791.89667969492
"103_TTCCAGCTATGAGCGGAACT","103","0.1 Dox","Dox Induced",5572,596,364.273333463113
"103_TTCCAGCTATTTATGCCGCT","103","0.1 Dox","Dox Induced",25393,1524,7762.38964908391
"103_TTCCAGCTATTTATTCGCCT","103","0.1 Dox","Dox Induced",16510,1251,2315.72327627627
"103_TTCCAGCTATTTCTCGCCTC","103","0.1 Dox","Dox Induced",3074,1274,853.513103403415
"103_TTCCGTGCTGACCTCACCAG","103","0.1 Dox","Dox Induced",6841,861,1595.8324559654
"103_TTCCGTGCTGAGCAACAGTA","103","0.1 Dox","Dox Induced",420,160,122.511659720082
"103_TTCCGTGCTGCCGCCGATAA","103","0.1 Dox","Dox Induced",87,9,18.2227305266515
"103_TTCCGTGCTGCGGTTGGCTA","103","0.1 Dox","Dox Induced",9306,1071,1722.06938799062
"103_TTCCGTGCTGGAATGAACGT","103","0.1 Dox","Dox Induced",11115,5718,11415.4722738773
"103_TTCCGTGCTGTGACAGAGGT","103","0.1 Dox","Dox Induced",8883,1836,7908.66054838154
"103_TTCCGTGCTGTGCAGGCTAC","103","0.1 Dox","Dox Induced",12774,1743,3963.70441220775
"103_TTCCGTGCTGTTATGCCGCT","103","0.1 Dox","Dox Induced",2625,509,846.379868174271
"103_TTCCGTGCTGTTATTCGCCT","103","0.1 Dox","Dox Induced",2330,58,74.8560823973213
"103_TTCCGTGCTGTTCTCGCCTC","103","0.1 Dox","Dox Induced",2365,729,818.277552184513
"103_TTCCGTGCTGTTGCTAAGGA","103","0.1 Dox","Dox Induced",10415,3095,6023.2556107272
"103_TTCGCACGCAAACATAGCCT","103","1 Dox","Dox Induced",12057,4482,8589.47410840057
"103_TTCGCACGCAACCTCACCAG","103","1 Dox","Dox Induced",4572,948,1805.10794592887
"103_TTCGCACGCAAGCAACAGTA","103","1 Dox","Dox Induced",4580,99,147.277473156192
"103_TTCGCACGCACCGCCGATAA","103","1 Dox","Dox Induced",5695,383,1052.36742827319
"103_TTCGCACGCACGGTTGGCTA","103","1 Dox","Dox Induced",1434,694,461.353448548983
"103_TTCGCACGCAGAATGAACGT","103","1 Dox","Dox Induced",662,171,95.7197849988816
"103_TTCGCACGCAGAGCGGAACT","103","1 Dox","Dox Induced",14053,3329,10272.8336899325
"103_TTCGCACGCATGCAGGCTAC","103","1 Dox","Dox Induced",87,64,128.304859235053
"103_TTCGCACGCATTATGCCGCT","103","1 Dox","Dox Induced",13859,1687,2783.48770553706
"103_TTCGCACGCATTATTCGCCT","103","1 Dox","Dox Induced",12299,1791,6436.15065251759
"103_TTCGCACGCATTCTCGCCTC","103","1 Dox","Dox Induced",4752,1309,2346.90594966746
"103_TTCGCACGCATTGCTAAGGA","103","1 Dox","Dox Induced",3460,463,3268.21327909188
"103_TTGTCTGCAAAACATAGCCT","103","0.1 Dox","Dox Induced",177,71,38.9735819279793
"103_TTGTCTGCAACAGGCTCCAA","103","0.1 Dox","Dox Induced",19944,1696,2354.70911733444
"103_TTGTCTGCAACCGCCGATAA","103","0.1 Dox","Dox Induced",4540,666,2537.79661170203
"103_TTGTCTGCAACGGTTGGCTA","103","0.1 Dox","Dox Induced",259,494,1563.11590936
"103_TTGTCTGCAAGAATGAACGT","103","0.1 Dox","Dox Induced",13400,1568,2296.10683195572
"103_TTGTCTGCAATGACAGAGGT","103","0.1 Dox","Dox Induced",8618,646,2323.56526494954
"103_TTGTCTGCAATGCAGGCTAC","103","0.1 Dox","Dox Induced",3337,254,749.988313084165
"103_TTGTCTGCAATTATTCGCCT","103","0.1 Dox","Dox Induced",540,374,1121.1728665777
"103_TTGTCTGCAATTCTCGCCTC","103","0.1 Dox","Dox Induced",542,159,387.271754171903
"105_CAAGGACATCTAGGTGGCGA","105","1 Dox","Dox Induced",2410,1998,6692.09313709263
"105_CAAGGACATCTAGTTAGGCT","105","1 Dox","Dox Induced",9046,858,1144.21779503643
"105_CAAGGACATCTCTGCAACAA","105","1 Dox","Dox Induced",4771,639,898.02388684412
"105_CAAGGACATCTGCATCATAC","105","1 Dox","Dox Induced",9956,1029,2361.08143708668
"105_CAAGGACATCTGGCCTTAAT","105","1 Dox","Dox Induced",13888,859,4386.90021129022
"105_CCGACGCATTCCGGAGCTAA","105","1 Dox","Dox Induced",16441,1170,4001.93365873212
"105_CCGACGCATTCCGTGTTACT","105","1 Dox","Dox Induced",110,23,20.4746314203093
"105_CCGACGCATTCGACGCAGAA","105","1 Dox","Dox Induced",220,164,278.994429598894
"105_CCGACGCATTTAGGTGGCGA","105","1 Dox","Dox Induced",10596,517,1304.88208180183
"105_CCGACGCATTTAGTTAGGCT","105","1 Dox","Dox Induced",23991,1312,4735.55185190502
"105_CCGACGCATTTTCAGGAGAT","105","1 Dox","Dox Induced",4997,378,1832.17291373891
"105_CGGAGAGTCACCGGAGCTAA","105","0.1 Dox","Dox Induced",104,71,210.194139476797
"105_CGGAGAGTCATGCATCATAC","105","0.1 Dox","Dox Induced",95,197,111.45403100339
"105_CGGCAAGCTACCGTGTTACT","105","0.01 Dox","Dox Induced",809,703,926.710655127057
"105_CGGCAAGCTACGACGCAGAA","105","0.01 Dox","Dox Induced",730,419,657.337055898643
"105_CGGCAAGCTACTATCTAGTG","105","0.01 Dox","Dox Induced",2792,621,855.236745844279
"105_CGGCAAGCTAGCACAGTATT","105","0.01 Dox","Dox Induced",14533,2425,5337.14333849054
"105_CGGCAAGCTATAGGTGGCGA","105","0.01 Dox","Dox Induced",5278,1729,5054.06407758111
"105_CGGCAAGCTATAGTTAGGCT","105","0.01 Dox","Dox Induced",826,967,986.02509114005
"105_CGGCAAGCTATCTGCAACAA","105","0.01 Dox","Dox Induced",137,30,18.1838852296532
"105_CTGCAAGTGCTACAACTAGC","105","1 Dox","Dox Induced",11616,1053,2186.12742700997
"105_CTGCAAGTGCTAGGTGGCGA","105","1 Dox","Dox Induced",10979,1243,2748.95082650065
"105_CTGCAAGTGCTAGTTAGGCT","105","1 Dox","Dox Induced",247,68,156.094834669013
"105_CTGCAAGTGCTCTGCAACAA","105","1 Dox","Dox Induced",19613,3218,9369.78939639064
"105_CTGCAAGTGCTGCATCATAC","105","1 Dox","Dox Induced",16131,3722,11230.4277293764
"105_CTGCAAGTGCTTACAACACG","105","1 Dox","Dox Induced",3296,577,1487.95095750299
"105_GATGGACGCTCCGGAGCTAA","105","0.01 Dox","Dox Induced",4234,1263,3840.0237190498
"105_GATGGACGCTCGACGCAGAA","105","0.01 Dox","Dox Induced",132,1604,2480.29789698477
"105_GATGGACGCTTACAACTAGC","105","0.01 Dox","Dox Induced",15044,4832,5146.58869806159
"105_GATGGACGCTTAGGTGGCGA","105","0.01 Dox","Dox Induced",8691,3250,6734.27894086908
"105_GATGGACGCTTGGCCTTAAT","105","0.01 Dox","Dox Induced",339,201,415.994598102864
"105_GATGGACGCTTTACAACACG","105","0.01 Dox","Dox Induced",32133,2189,8168.05272287779
"105_GGAAGGTACGCCATCTCCGT","105","1 Dox","Dox Induced",4999,1000,1182.43485606565
"105_GGAAGGTACGCCGGAGCTAA","105","1 Dox","Dox Induced",13256,1585,6190.90246795472
"105_GGAAGGTACGCGACGCAGAA","105","1 Dox","Dox Induced",1014,405,1053.14670997804
"105_GGAAGGTACGTAGGTGGCGA","105","1 Dox","Dox Induced",12221,2495,6228.09346104629
"105_GGCAATCCTCCCATCTCCGT","105","0.01 Dox","Dox Induced",13836,1809,6337.81555761667
"105_GGCAATCCTCCCGTGTTACT","105","0.01 Dox","Dox Induced",3411,1914,3948.17379407113
"105_GGCAATCCTCTGCATCATAC","105","0.01 Dox","Dox Induced",10395,1080,1975.7001428475
"105_GGCAATCCTCTGGCCTTAAT","105","0.01 Dox","Dox Induced",4235,1852,4608.95985268863
"105_TAGAGAGATGCCATCTCCGT","105","1 Dox","Dox Induced",3087,594,230.196079608254
"105_TAGAGAGATGCCGGAGCTAA","105","1 Dox","Dox Induced",154,322,1122.6219722531
"105_TAGAGAGATGCGACGCAGAA","105","1 Dox","Dox Induced",83,14,35.6588739823419
"105_TAGAGAGATGTACAACTAGC","105","1 Dox","Dox Induced",9631,8263,5022.20670813674
"105_TAGAGAGATGTCTGCAACAA","105","1 Dox","Dox Induced",2937,755,1178.45112067495
"105_TAGAGAGATGTTCAGGAGAT","105","1 Dox","Dox Induced",5232,852,3199.51200870908
"105_TAGATCTCTCCCATCTCCGT","105","0.1 Dox","Dox Induced",7556,680,1022.25076643771
"105_TAGATCTCTCCCGGAGCTAA","105","0.1 Dox","Dox Induced",125,13,33.6780531526732
"105_TAGATCTCTCTAGGTGGCGA","105","0.1 Dox","Dox Induced",1264,390,753.410681146771
"105_TAGATCTCTCTTCAGGAGAT","105","0.1 Dox","Dox Induced",5903,344,1285.64209681344
"105_TAGCTCCAGACCGTGTTACT","105","0.1 Dox","Dox Induced",28076,2655,9784.4075053128
"105_TAGCTCCAGACTCTTATTCG","105","0.1 Dox","Dox Induced",21057,4127,2244.54604476234
"105_TAGCTCCAGATAGGTGGCGA","105","0.1 Dox","Dox Induced",147,33,68.1739504949017
"105_TAGCTCCAGATGCATCATAC","105","0.1 Dox","Dox Induced",5251,3862,2928.90788453138
"105_TAGCTCCAGATGGCCTTAAT","105","0.1 Dox","Dox Induced",25675,1355,11756.3333336562
"105_TAGCTCCAGATTCAGGAGAT","105","0.1 Dox","Dox Induced",463,190,113.515194322707
"105_TCCGGATTCGCCATCTCCGT","105","0.01 Dox","Dox Induced",3467,309,616.254278015821
"105_TCCGGATTCGCCGGAGCTAA","105","0.01 Dox","Dox Induced",32116,2449,8118.23330398341
"105_TCCGGATTCGCCGTGTTACT","105","0.01 Dox","Dox Induced",12607,1714,3210.91765310064
"105_TCCGGATTCGCGACGCAGAA","105","0.01 Dox","Dox Induced",990,431,209.514184167618
"105_TCCGGATTCGTAGGTGGCGA","105","0.01 Dox","Dox Induced",156,398,896.201138753019
"105_TCCGGATTCGTCTGCAACAA","105","0.01 Dox","Dox Induced",268,108,177.740873681258
"105_TCCGGATTCGTGGCCTTAAT","105","0.01 Dox","Dox Induced",3201,554,2117.70422467533
"105_TCCGGATTCGTTACAACACG","105","0.01 Dox","Dox Induced",3836,1527,3343.8752092443
"105_TCCGGATTCGTTCAGGAGAT","105","0.01 Dox","Dox Induced",41784,3898,3132.73896695667
"105_TCCGGATTCGTTCTCTGATC","105","0.01 Dox","Dox Induced",17795,3383,4826.02313755172
"105_TCGTGAAGCGCCGGAGCTAA","105","0 Dox","No Dox",28,5,10.057125921507
"105_TCGTGAAGCGCCGTGTTACT","105","0 Dox","No Dox",-6,5,29.588171514494
"105_TCGTGAAGCGCGACGCAGAA","105","0 Dox","No Dox",-4,1,0.73968836740071
"105_TCGTGAAGCGCTATCTAGTG","105","0 Dox","No Dox",10,0,0
"105_TCGTGAAGCGCTCTTATTCG","105","0 Dox","No Dox",0,1,0.360693803160883
"105_TCGTGAAGCGTACAACTAGC","105","0 Dox","No Dox",-19,11,23.2198515317674
"105_TCGTGAAGCGTAGTTAGGCT","105","0 Dox","No Dox",-17,1,2.91387231661476
"105_TCGTGAAGCGTCTGCAACAA","105","0 Dox","No Dox",-3,1,3.04754322604967
"105_TCGTGAAGCGTGCATCATAC","105","0 Dox","No Dox",9,6,12.4061448060883
"105_TCGTGAAGCGTTACAACACG","105","0 Dox","No Dox",27,7,4.6512195054893
"105_TCGTGAAGCGTTCAGGAGAT","105","0 Dox","No Dox",27,2,1.21982080809503
"105_TCTGCGTTAACCGTGTTACT","105","1 Dox","Dox Induced",7928,1281,4182.66256177415
"105_TCTGCGTTAACGACGCAGAA","105","1 Dox","Dox Induced",1962,204,1147.21374419878
"105_TCTGCGTTAATACAACTAGC","105","1 Dox","Dox Induced",5706,443,1432.10718022085
"105_TCTGCGTTAATAGGTGGCGA","105","1 Dox","Dox Induced",3339,111,670.512748292031
"105_TCTGCGTTAATGCATCATAC","105","1 Dox","Dox Induced",8841,907,2598.25419959407
"105_TCTGCGTTAATTACAACACG","105","1 Dox","Dox Induced",24332,1267,4357.19941315779
"105_TGACACCGTACCATCTCCGT","105","0 Dox","No Dox",2,1,0.382628235231252
"105_TGACACCGTACCGGAGCTAA","105","0 Dox","No Dox",20,8,4.82226024501318
"105_TGACACCGTACCGTGTTACT","105","0 Dox","No Dox",11,9,8.43722646012888
"105_TGACACCGTACGACGCAGAA","105","0 Dox","No Dox",2,6,3.19674021902245
"105_TGACACCGTACTCTTATTCG","105","0 Dox","No Dox",35,11,3.56995058414038
"105_TGACACCGTATACAACTAGC","105","0 Dox","No Dox",2,21,13.9363877709123
"105_TGACACCGTATAGGTGGCGA","105","0 Dox","No Dox",18,5,4.2669966319565
"105_TGACACCGTATAGTTAGGCT","105","0 Dox","No Dox",-17,3,1.28276178394569
"105_TGACACCGTATCTGCAACAA","105","0 Dox","No Dox",7,2,1.34615768472308
"105_TGACACCGTATGCATCATAC","105","0 Dox","No Dox",-7,14,9.46452109699399
"105_TGACACCGTATGGCCTTAAT","105","0 Dox","No Dox",23,4,3.44411136478913
"105_TGACACCGTATTACAACACG","105","0 Dox","No Dox",-20,9,3.18040241692779
"105_TGACACCGTATTCTCTGATC","105","0 Dox","No Dox",-21,3,1.08919766595823
"105_TGACCATGAACCGGAGCTAA","105","0 Dox","No Dox",33,5,10.9431097562254
"105_TGACCATGAACGACGCAGAA","105","0 Dox","No Dox",-4,0,0
"105_TGACCATGAACTATCTAGTG","105","0 Dox","No Dox",46,0,0
"105_TGACCATGAATACAACTAGC","105","0 Dox","No Dox",14,10,30.8742250374069
"105_TGACCATGAATCTGCAACAA","105","0 Dox","No Dox",-11,3,16.2540343293321
"105_TGACCATGAATGCATCATAC","105","0 Dox","No Dox",-6,5,14.2484401111251
"105_TGACCATGAATGGCCTTAAT","105","0 Dox","No Dox",10,2,2.19373704713356
"105_TGACCATGAATTACAACACG","105","0 Dox","No Dox",18,3,6.14504976365241
"105_TGACCATGAATTCTCTGATC","105","0 Dox","No Dox",27,1,1.26226261911726
"105_TGATGGAGAACCATCTCCGT","105","0.01 Dox","Dox Induced",23646,1951,6694.77139606114
"105_TGATGGAGAACCGGAGCTAA","105","0.01 Dox","Dox Induced",26416,2091,8212.36898351123
"105_TGATGGAGAACCGTGTTACT","105","0.01 Dox","Dox Induced",4670,1898,2265.81361230674
"105_TGATGGAGAACGACGCAGAA","105","0.01 Dox","Dox Induced",875,475,224.377783352529
"105_TGATGGAGAACTATCTAGTG","105","0.01 Dox","Dox Induced",4626,820,1154.24440987875
"105_TGATGGAGAAGCACAGTATT","105","0.01 Dox","Dox Induced",1827,645,1089.31189064835
"105_TGATGGAGAATACAACTAGC","105","0.01 Dox","Dox Induced",313,190,218.587859482924
"105_TGATGGAGAATAGGTGGCGA","105","0.01 Dox","Dox Induced",543,498,575.452850461177
"105_TGATGGAGAATAGTTAGGCT","105","0.01 Dox","Dox Induced",3034,800,872.826483461652
"105_TGATGGAGAATGGCCTTAAT","105","0.01 Dox","Dox Induced",678,169,324.663236104728
"105_TGATGGAGAATTCAGGAGAT","105","0.01 Dox","Dox Induced",5171,1726,1899.07253602832
"105_TTAGGCATCCCCGGAGCTAA","105","0 Dox","No Dox",4,0,0
"105_TTAGGCATCCCCGTGTTACT","105","0 Dox","No Dox",-28,0,0
"105_TTAGGCATCCCGACGCAGAA","105","0 Dox","No Dox",19,0,0
"105_TTAGGCATCCCTATCTAGTG","105","0 Dox","No Dox",-4,0,0
"105_TTAGGCATCCCTCTTATTCG","105","0 Dox","No Dox",13,1,1.16153321542121
"105_TTAGGCATCCTAGGTGGCGA","105","0 Dox","No Dox",11,0,0
"105_TTAGGCATCCTAGTTAGGCT","105","0 Dox","No Dox",29,1,1.02282719573259
"105_TTAGGCATCCTCTGCAACAA","105","0 Dox","No Dox",4,0,0
"105_TTAGGCATCCTGCATCATAC","105","0 Dox","No Dox",-2,1,0.975034979683798
"105_TTAGGCATCCTGGCCTTAAT","105","0 Dox","No Dox",-37,0,0
"105_TTAGGCATCCTTCAGGAGAT","105","0 Dox","No Dox",9,1,0.628340864154391
"105_TTAGGCATCCTTCTCTGATC","105","0 Dox","No Dox",15,0,0
"105_TTATGGCCTTCCATCTCCGT","105","0 Dox","No Dox",-4,0,0
"105_TTATGGCCTTCCGTGTTACT","105","0 Dox","No Dox",-5,1,3.27828822190215
"105_TTATGGCCTTCGACGCAGAA","105","0 Dox","No Dox",17,0,0
"105_TTATGGCCTTCTCTTATTCG","105","0 Dox","No Dox",19,5,7.24518087802409
"105_TTATGGCCTTTACAACTAGC","105","0 Dox","No Dox",-3,6,16.464464882915
"105_TTATGGCCTTTAGTTAGGCT","105","0 Dox","No Dox",-5,2,4.18734672836102
"105_TTATGGCCTTTCTGCAACAA","105","0 Dox","No Dox",-1,1,4.29933612987744
"105_TTATGGCCTTTGCATCATAC","105","0 Dox","No Dox",-9,3,1.68659203135388
"105_TTATGGCCTTTGGCCTTAAT","105","0 Dox","No Dox",-2,1,1.25398272875798
"105_TTATGGCCTTTTCAGGAGAT","105","0 Dox","No Dox",12,2,6.20395977046536
"105_TTATGGCCTTTTCTCTGATC","105","0 Dox","No Dox",-18,0,0
"105_TTCCAGCTATTACAACTAGC","105","0.1 Dox","Dox Induced",943,2071,933.200541976445
"105_TTCCAGCTATTAGGTGGCGA","105","0.1 Dox","Dox Induced",29395,1459,2751.59415213332
"105_TTCCAGCTATTGCATCATAC","105","0.1 Dox","Dox Induced",2021,329,325.962493957972
"105_TTCCAGCTATTTCAGGAGAT","105","0.1 Dox","Dox Induced",10458,2178,6767.27921842587
"105_TTCCGTGCTGCCGGAGCTAA","105","0.1 Dox","Dox Induced",649,197,579.201670256962
"105_TTCCGTGCTGCTCTTATTCG","105","0.1 Dox","Dox Induced",800,1481,1538.88685711383
"105_TTCCGTGCTGTGGCCTTAAT","105","0.1 Dox","Dox Induced",153,2,6.92714273083601
"105_TTCCGTGCTGTTACAACACG","105","0.1 Dox","Dox Induced",36619,3171,14081.3781162098
"105_TTCGCACGCACCGTGTTACT","105","1 Dox","Dox Induced",18086,1553,2910.0600503692
"105_TTCGCACGCATACAACTAGC","105","1 Dox","Dox Induced",823,478,1382.15386402083
"105_TTCGCACGCATTCAGGAGAT","105","1 Dox","Dox Induced",604,49,206.45537727024
"105_TTGTCTGCAATACAACTAGC","105","0.1 Dox","Dox Induced",22636,2100,2398.71611145793
"105_TTGTCTGCAATAGTTAGGCT","105","0.1 Dox","Dox Induced",5058,1826,5777.25123773491
