cells,Exp
C13_1,KO
D13_1,KO
L13_1,KO
N13_1,KO
O13_1,KO
B14_1,KO
D14_1,KO
H14_1,KO
K14_1,KO
L14_1,KO
O14_1,KO
D15_1,KO
I15_1,KO
K15_1,KO
O15_1,KO
C16_1,KO
D16_1,KO
H16_1,KO
J16_1,KO
L16_1,KO
N16_1,KO
P16_1,KO
A17_1,KO
B17_1,KO
C17_1,KO
G17_1,KO
H17_1,KO
L17_1,KO
O17_1,KO
A18_1,KO
B18_1,KO
I18_1,KO
M18_1,KO
N18_1,KO
O18_1,KO
P18_1,KO
A19_1,KO
B19_1,KO
C19_1,KO
G19_1,KO
H19_1,KO
I19_1,KO
J19_1,KO
L19_1,KO
N19_1,KO
A20_1,KO
B20_1,KO
C20_1,KO
G20_1,KO
I20_1,KO
J20_1,KO
L20_1,KO
M20_1,KO
O20_1,KO
P20_1,KO
B21_1,KO
C21_1,KO
D21_1,KO
G21_1,KO
H21_1,KO
N21_1,KO
O21_1,KO
P21_1,KO
G22_1,KO
H22_1,KO
J22_1,KO
O22_1,KO
D23_1,KO
H23_1,KO
I23_1,KO
J23_1,KO
B24_1,KO
C24_1,KO
D24_1,KO
G24_1,KO
K24_1,KO
A13_2,KO
B13_2,KO
C13_2,KO
D13_2,KO
E13_2,KO
F13_2,KO
K13_2,KO
L13_2,KO
M13_2,KO
N13_2,KO
O13_2,KO
P13_2,KO
B14_2,KO
C14_2,KO
D14_2,KO
E14_2,KO
F14_2,KO
G14_2,KO
H14_2,KO
I14_2,KO
J14_2,KO
K14_2,KO
L14_2,KO
M14_2,KO
O14_2,KO
A15_2,KO
C15_2,KO
E15_2,KO
K15_2,KO
M15_2,KO
N15_2,KO
O15_2,KO
P15_2,KO
A16_2,KO
B16_2,KO
C16_2,KO
E16_2,KO
G16_2,KO
H16_2,KO
I16_2,KO
J16_2,KO
K16_2,KO
L16_2,KO
M16_2,KO
N16_2,KO
O16_2,KO
P16_2,KO
A17_2,KO
B17_2,KO
C17_2,KO
D17_2,KO
E17_2,KO
F17_2,KO
G17_2,KO
I17_2,KO
M17_2,KO
N17_2,KO
O17_2,KO
P17_2,KO
A18_2,KO
C18_2,KO
E18_2,KO
F18_2,KO
G18_2,KO
H18_2,KO
I18_2,KO
J18_2,KO
K18_2,KO
L18_2,KO
M18_2,KO
N18_2,KO
O18_2,KO
A19_2,KO
C19_2,KO
D19_2,KO
F19_2,KO
I19_2,KO
K19_2,KO
L19_2,KO
M19_2,KO
N19_2,KO
O19_2,KO
P19_2,KO
A20_2,KO
B20_2,KO
C20_2,KO
D20_2,KO
E20_2,KO
H20_2,KO
I20_2,KO
J20_2,KO
L20_2,KO
N20_2,KO
O20_2,KO
P20_2,KO
A21_2,KO
B21_2,KO
C21_2,KO
D21_2,KO
E21_2,KO
F21_2,KO
G21_2,KO
H21_2,KO
I21_2,KO
J21_2,KO
K21_2,KO
L21_2,KO
M21_2,KO
N21_2,KO
O21_2,KO
P21_2,KO
A22_2,KO
B22_2,KO
C22_2,KO
D22_2,KO
E22_2,KO
F22_2,KO
H22_2,KO
I22_2,KO
J22_2,KO
K22_2,KO
L22_2,KO
M22_2,KO
N22_2,KO
O22_2,KO
B23_2,KO
C23_2,KO
D23_2,KO
E23_2,KO
G23_2,KO
H23_2,KO
I23_2,KO
L23_2,KO
M23_2,KO
N23_2,KO
B24_2,KO
C24_2,KO
D24_2,KO
E24_2,KO
H24_2,KO
J24_2,KO
K24_2,KO
M24_2,KO
A13_3,KO
B13_3,KO
C13_3,KO
D13_3,KO
E13_3,KO
F13_3,KO
G13_3,KO
I13_3,KO
K13_3,KO
L13_3,KO
M13_3,KO
N13_3,KO
O13_3,KO
P13_3,KO
A14_3,KO
B14_3,KO
C14_3,KO
E14_3,KO
F14_3,KO
G14_3,KO
H14_3,KO
J14_3,KO
K14_3,KO
M14_3,KO
N14_3,KO
O14_3,KO
P14_3,KO
C15_3,KO
E15_3,KO
H15_3,KO
I15_3,KO
J15_3,KO
K15_3,KO
M15_3,KO
N15_3,KO
O15_3,KO
A16_3,KO
B16_3,KO
D16_3,KO
E16_3,KO
F16_3,KO
H16_3,KO
I16_3,KO
J16_3,KO
K16_3,KO
L16_3,KO
N16_3,KO
O16_3,KO
P16_3,KO
A17_3,KO
B17_3,KO
C17_3,KO
D17_3,KO
F17_3,KO
J17_3,KO
K17_3,KO
L17_3,KO
N17_3,KO
O17_3,KO
P17_3,KO
A18_3,KO
C18_3,KO
E18_3,KO
G18_3,KO
H18_3,KO
I18_3,KO
J18_3,KO
K18_3,KO
L18_3,KO
M18_3,KO
O18_3,KO
P18_3,KO
C19_3,KO
D19_3,KO
E19_3,KO
F19_3,KO
G19_3,KO
H19_3,KO
I19_3,KO
J19_3,KO
K19_3,KO
L19_3,KO
M19_3,KO
N19_3,KO
O19_3,KO
B20_3,KO
C20_3,KO
D20_3,KO
E20_3,KO
F20_3,KO
G20_3,KO
H20_3,KO
I20_3,KO
J20_3,KO
K20_3,KO
M20_3,KO
O20_3,KO
P20_3,KO
B21_3,KO
C21_3,KO
D21_3,KO
F21_3,KO
G21_3,KO
H21_3,KO
I21_3,KO
J21_3,KO
K21_3,KO
L21_3,KO
M21_3,KO
N21_3,KO
O21_3,KO
P21_3,KO
A22_3,KO
D22_3,KO
F22_3,KO
G22_3,KO
I22_3,KO
J22_3,KO
L22_3,KO
N22_3,KO
O22_3,KO
B23_3,KO
D23_3,KO
E23_3,KO
F23_3,KO
H23_3,KO
I23_3,KO
J23_3,KO
K23_3,KO
L23_3,KO
M23_3,KO
O23_3,KO
C24_3,KO
D24_3,KO
E24_3,KO
F24_3,KO
G24_3,KO
H24_3,KO
I24_3,KO
J24_3,KO
K24_3,KO
L24_3,KO
M24_3,KO
N24_3,KO
O24_3,KO
B1_1,WT
C1_1,WT
D1_1,WT
G1_1,WT
J1_1,WT
M1_1,WT
O1_1,WT
B2_1,WT
H2_1,WT
I2_1,WT
J2_1,WT
L2_1,WT
M2_1,WT
N2_1,WT
O2_1,WT
B3_1,WT
D3_1,WT
G3_1,WT
H3_1,WT
I3_1,WT
J3_1,WT
N3_1,WT
O3_1,WT
A4_1,WT
B4_1,WT
D4_1,WT
G4_1,WT
H4_1,WT
I4_1,WT
J4_1,WT
K4_1,WT
M4_1,WT
N4_1,WT
O4_1,WT
B5_1,WT
C5_1,WT
D5_1,WT
G5_1,WT
H5_1,WT
J5_1,WT
L5_1,WT
N5_1,WT
O5_1,WT
A6_1,WT
B6_1,WT
C6_1,WT
D6_1,WT
H6_1,WT
I6_1,WT
J6_1,WT
K6_1,WT
L6_1,WT
M6_1,WT
N6_1,WT
O6_1,WT
A7_1,WT
B7_1,WT
C7_1,WT
D7_1,WT
G7_1,WT
H7_1,WT
K7_1,WT
N7_1,WT
B8_1,WT
C8_1,WT
D8_1,WT
G8_1,WT
H8_1,WT
I8_1,WT
J8_1,WT
K8_1,WT
L8_1,WT
M8_1,WT
N8_1,WT
O8_1,WT
A9_1,WT
G9_1,WT
H9_1,WT
I9_1,WT
J9_1,WT
K9_1,WT
L9_1,WT
M9_1,WT
O9_1,WT
C10_1,WT
D10_1,WT
G10_1,WT
H10_1,WT
J10_1,WT
M10_1,WT
N10_1,WT
O10_1,WT
B11_1,WT
C11_1,WT
D11_1,WT
G11_1,WT
H11_1,WT
I11_1,WT
J11_1,WT
K11_1,WT
L11_1,WT
M11_1,WT
N11_1,WT
O11_1,WT
B12_1,WT
G12_1,WT
H12_1,WT
I12_1,WT
K12_1,WT
L12_1,WT
M12_1,WT
N12_1,WT
O12_1,WT
A1_2,WT
B1_2,WT
E1_2,WT
G1_2,WT
H1_2,WT
I1_2,WT
J1_2,WT
L1_2,WT
M1_2,WT
A2_2,WT
C2_2,WT
D2_2,WT
E2_2,WT
G2_2,WT
H2_2,WT
I2_2,WT
J2_2,WT
K2_2,WT
M2_2,WT
N2_2,WT
O2_2,WT
P2_2,WT
B3_2,WT
C3_2,WT
D3_2,WT
G3_2,WT
H3_2,WT
I3_2,WT
K3_2,WT
M3_2,WT
O3_2,WT
A4_2,WT
B4_2,WT
C4_2,WT
D4_2,WT
G4_2,WT
I4_2,WT
J4_2,WT
M4_2,WT
N4_2,WT
P4_2,WT
A5_2,WT
B5_2,WT
C5_2,WT
D5_2,WT
E5_2,WT
G5_2,WT
H5_2,WT
J5_2,WT
L5_2,WT
M5_2,WT
O5_2,WT
P5_2,WT
A6_2,WT
B6_2,WT
C6_2,WT
E6_2,WT
G6_2,WT
H6_2,WT
I6_2,WT
J6_2,WT
K6_2,WT
M6_2,WT
N6_2,WT
O6_2,WT
A7_2,WT
B7_2,WT
C7_2,WT
D7_2,WT
F7_2,WT
H7_2,WT
I7_2,WT
J7_2,WT
K7_2,WT
L7_2,WT
M7_2,WT
N7_2,WT
O7_2,WT
P7_2,WT
A8_2,WT
B8_2,WT
C8_2,WT
D8_2,WT
E8_2,WT
F8_2,WT
H8_2,WT
I8_2,WT
J8_2,WT
L8_2,WT
M8_2,WT
N8_2,WT
O8_2,WT
P8_2,WT
B9_2,WT
C9_2,WT
D9_2,WT
E9_2,WT
F9_2,WT
H9_2,WT
I9_2,WT
J9_2,WT
K9_2,WT
L9_2,WT
N9_2,WT
O9_2,WT
P9_2,WT
A10_2,WT
B10_2,WT
C10_2,WT
D10_2,WT
E10_2,WT
F10_2,WT
G10_2,WT
I10_2,WT
J10_2,WT
K10_2,WT
L10_2,WT
M10_2,WT
N10_2,WT
O10_2,WT
C11_2,WT
E11_2,WT
G11_2,WT
H11_2,WT
I11_2,WT
J11_2,WT
K11_2,WT
N11_2,WT
A12_2,WT
B12_2,WT
C12_2,WT
D12_2,WT
E12_2,WT
F12_2,WT
G12_2,WT
H12_2,WT
I12_2,WT
J12_2,WT
K12_2,WT
L12_2,WT
M12_2,WT
A1_3,WT
C1_3,WT
D1_3,WT
E1_3,WT
G1_3,WT
K1_3,WT
M1_3,WT
N1_3,WT
O1_3,WT
P1_3,WT
A2_3,WT
B2_3,WT
D2_3,WT
F2_3,WT
G2_3,WT
H2_3,WT
I2_3,WT
J2_3,WT
K2_3,WT
M2_3,WT
N2_3,WT
O2_3,WT
P2_3,WT
B3_3,WT
C3_3,WT
D3_3,WT
F3_3,WT
G3_3,WT
H3_3,WT
I3_3,WT
L3_3,WT
N3_3,WT
A4_3,WT
B4_3,WT
C4_3,WT
D4_3,WT
G4_3,WT
H4_3,WT
I4_3,WT
J4_3,WT
K4_3,WT
L4_3,WT
M4_3,WT
N4_3,WT
P4_3,WT
B5_3,WT
C5_3,WT
D5_3,WT
E5_3,WT
F5_3,WT
G5_3,WT
H5_3,WT
I5_3,WT
J5_3,WT
L5_3,WT
N5_3,WT
O5_3,WT
P5_3,WT
A6_3,WT
B6_3,WT
C6_3,WT
D6_3,WT
G6_3,WT
I6_3,WT
J6_3,WT
K6_3,WT
L6_3,WT
M6_3,WT
O6_3,WT
P6_3,WT
A7_3,WT
B7_3,WT
C7_3,WT
D7_3,WT
E7_3,WT
F7_3,WT
G7_3,WT
H7_3,WT
I7_3,WT
J7_3,WT
M7_3,WT
N7_3,WT
O7_3,WT
P7_3,WT
A8_3,WT
B8_3,WT
C8_3,WT
D8_3,WT
F8_3,WT
G8_3,WT
H8_3,WT
I8_3,WT
J8_3,WT
K8_3,WT
M8_3,WT
N8_3,WT
O8_3,WT
P8_3,WT
A9_3,WT
C9_3,WT
D9_3,WT
E9_3,WT
F9_3,WT
G9_3,WT
H9_3,WT
I9_3,WT
J9_3,WT
L9_3,WT
P9_3,WT
A10_3,WT
B10_3,WT
D10_3,WT
E10_3,WT
F10_3,WT
H10_3,WT
J10_3,WT
L10_3,WT
O10_3,WT
A11_3,WT
B11_3,WT
C11_3,WT
D11_3,WT
E11_3,WT
G11_3,WT
H11_3,WT
I11_3,WT
K11_3,WT
M11_3,WT
N11_3,WT
O11_3,WT
A12_3,WT
B12_3,WT
D12_3,WT
E12_3,WT
F12_3,WT
G12_3,WT
H12_3,WT
I12_3,WT
J12_3,WT
K12_3,WT
L12_3,WT
N12_3,WT
O12_3,WT