Cell_ID,activity
B1_1,2.1976826728605214
C1_1,7.373665867805559
D1_1,4.244432677329689
G1_1,3.661479680737083
J1_1,4.197208820471472
M1_1,4.539418219093352
O1_1,3.2574509081906733
B2_1,0.662900348153541
H2_1,4.6511894527478
I2_1,3.60255712319945
J2_1,2.7235818325226773
L2_1,8.394293134021654
M2_1,3.2929500647713854
N2_1,6.555829476320975
O2_1,4.056981137882435
B3_1,5.309540564911531
D3_1,9.532013270230154
G3_1,3.7371205055138206
H3_1,4.444869985224051
I3_1,2.58548638518076
J3_1,2.7808806091210716
N3_1,7.338981155861481
O3_1,5.195951047214372
A4_1,4.321728344348653
B4_1,6.390367418337501
D4_1,9.04502063649904
G4_1,2.7387480770426245
H4_1,6.697237916382168
I4_1,1.293659675937238
J4_1,2.6700848119019
K4_1,4.205106676752634
M4_1,5.345674657807291
N4_1,11.295280068859066
O4_1,4.89511157411667
B5_1,4.0119552978727056
C5_1,5.717816709713428
D5_1,12.334929995585048
G5_1,2.9212993822399094
H5_1,4.509248351018633
J5_1,1.9647898840158906
L5_1,8.182100287767053
N5_1,5.358698788929773
O5_1,3.1037174809234873
A6_1,7.671466245562091
B6_1,1.9535911107108879
C6_1,5.823875954074253
D6_1,12.32692514653595
H6_1,4.544184039690324
I6_1,1.3550885206044343
J6_1,0.8620135349175755
K6_1,10.995844064168763
L6_1,6.678869231970646
M6_1,8.65982635344736
N6_1,5.138388909869797
O6_1,1.6884342885374193
A7_1,1.993944886803534
B7_1,6.3288158540559545
C7_1,9.078750095076048
D7_1,14.162143378311953
G7_1,4.723799514838051
H7_1,4.6385670941222426
K7_1,8.51189893394349
N7_1,6.642788496912205
B8_1,3.452847112650174
C8_1,8.294338312839475
D8_1,8.569886345686578
G8_1,1.3371033329146464
H8_1,5.677706384213417
I8_1,0.4140188919554573
J8_1,4.895736064264252
K8_1,20.727066271546597
L8_1,4.882222581257571
M8_1,5.919275389139221
N8_1,9.636692173994325
O8_1,4.358842048649328
A9_1,1.2280393847976498
G9_1,3.425333240292504
H9_1,2.6723787401256662
I9_1,0.2867455585340025
J9_1,5.026334684154045
K9_1,10.392511818336875
L9_1,8.210794129857266
M9_1,5.93135536893238
O9_1,1.702999593169528
C10_1,10.277510229407914
D10_1,8.848912094468545
G10_1,4.88849941513043
H10_1,5.824299084722561
J10_1,1.7009148108673569
M10_1,10.453527265074884
N10_1,9.453891680892577
O10_1,3.722315208130505
B11_1,3.3223460519736387
C11_1,4.722343788555062
D11_1,4.492341633298101
G11_1,6.6501134110257
H11_1,4.134091551946787
I11_1,1.7183843121046465
J11_1,3.0872900743125227
K11_1,12.723182682486204
L11_1,7.547167704011016
M11_1,8.938380428736417
N11_1,4.550777308715538
O11_1,3.985851941649813
B12_1,6.097276857690555
G12_1,2.796283710114727
H12_1,3.923544296314187
I12_1,3.213036239685637
K12_1,6.985687662171772
L12_1,7.3857781145573975
M12_1,5.574923256609274
N12_1,6.883218316339864
O12_1,11.256738119159264
C13_1,1.034078126104386
D13_1,1.3141912003818885
L13_1,7.452493170721791
N13_1,4.817330243304195
O13_1,0.5747398251044153
B14_1,1.642842616327742
D14_1,1.0363678424681633
H14_1,0.5194364470582347
K14_1,5.174772370926546
L14_1,9.642118598615077
O14_1,4.247553843671577
D15_1,3.303195798724313
I15_1,0.2818848581225058
K15_1,0.6698835662764119
O15_1,3.400196318473025
C16_1,0.9306857112176474
D16_1,0.6834063332892004
H16_1,2.4089807136996564
J16_1,1.898353545497423
L16_1,2.362532023530131
N16_1,4.78669930553658
P16_1,1.9275503033061647
A17_1,0.809397243163712
B17_1,2.2331990499946914
C17_1,3.9078714383635877
G17_1,3.4054552782918983
H17_1,3.595535315331787
L17_1,9.930813292954324
O17_1,0.7108673855915879
A18_1,6.360117592989985
B18_1,3.309861024936342
I18_1,0.751523429427095
M18_1,7.919002087829405
N18_1,5.179034919467444
O18_1,0.11816512799232555
P18_1,5.230404680073371
A19_1,2.658449746887173
B19_1,2.3242004661117166
C19_1,1.551389447568782
G19_1,1.6091293608041366
H19_1,4.650762629499307
I19_1,1.333787591425129
J19_1,1.074153061791757
L19_1,2.2481300322232425
N19_1,2.648494365692645
A20_1,6.817768351346381
B20_1,2.4101522382397693
C20_1,5.8179959291762975
G20_1,0.6254358267155894
I20_1,1.3293988383805548
J20_1,0.3395958921767137
L20_1,7.724436247135371
M20_1,3.7118939252145404
O20_1,4.782297856196253
P20_1,0.24071487310294398
B21_1,3.3997196826096086
C21_1,2.0254788747782273
D21_1,5.413157401453999
G21_1,2.1002000665693514
H21_1,0.44296023389956757
N21_1,4.224147806657342
O21_1,6.526000939390104
P21_1,1.6009695617130058
G22_1,2.1260834253837873
H22_1,0.3579936607592534
J22_1,0.13705857159239354
O22_1,6.629410287248433
D23_1,2.843983151093275
H23_1,1.7075097387410627
I23_1,1.5719561838809202
J23_1,3.6247027541202117
B24_1,2.5991439390968036
C24_1,5.023256584619538
D24_1,4.260202186833116
G24_1,5.523789584053352
K24_1,5.835736378823308
A1_2,0.25317817572807677
B1_2,1.4404250345161544
E1_2,1.6989882319612477
G1_2,2.28325096787309
H1_2,5.051265092775338
I1_2,0.2670349793948412
J1_2,1.8906856132973944
L1_2,2.0357784538601162
M1_2,0.531223516057953
A2_2,0.011891449090516058
C2_2,2.6981886608335524
D2_2,4.094153925962331
E2_2,1.8709379095827428
G2_2,0.35358597599633834
H2_2,5.8117410781051335
I2_2,5.48475204334715
J2_2,2.225017158497563
K2_2,5.444807061910666
M2_2,2.58158046718478
N2_2,0.14161670819540728
O2_2,3.7545763882663854
P2_2,3.51644330238203
B3_2,2.543269455898075
C3_2,2.121094267854124
D3_2,3.1486903909764252
G3_2,1.120308815682857
H3_2,1.94684048822314
I3_2,2.302486884904726
K3_2,0.9240040602337043
M3_2,3.1204202613549694
O3_2,3.407195523885681
A4_2,6.526946849344603
B4_2,0.0034414545971916304
C4_2,3.3291911336840383
D4_2,2.4015648544418444
G4_2,2.1284645119390055
I4_2,0.008122946856838285
J4_2,0.27587256159050955
M4_2,4.162465284187898
N4_2,3.3993263359831776
P4_2,1.40157722991482
A5_2,0.5929177162247824
B5_2,0.15321497103545026
C5_2,2.5673340097916766
D5_2,0.5772349222739602
E5_2,0.09977998328747888
G5_2,2.4610571343664485
H5_2,4.862239987677884
J5_2,1.4498322627001268
L5_2,5.49184460069203
M5_2,1.606481361183712
O5_2,5.333774407774646
P5_2,1.6992124371145603
A6_2,0.9547995207240452
B6_2,2.293573360653273
C6_2,1.6176613577000991
E6_2,4.066271570553548
G6_2,0.4943884632510166
H6_2,2.7090402404286937
I6_2,0.4554529238672097
J6_2,0.10599695847580272
K6_2,2.7907442122799564
M6_2,3.286962750420267
N6_2,3.2048582911055337
O6_2,3.416841594734843
A7_2,2.8448530917935173
B7_2,0.08786144254748189
C7_2,1.9829874381394497
D7_2,2.040201166805115
F7_2,1.237445154629971
H7_2,1.8979007871995897
I7_2,1.2614117985719218
J7_2,1.8065005717589158
K7_2,4.392504594854083
L7_2,3.2686600086116253
M7_2,3.4654682122793328
N7_2,4.225578472768552
O7_2,2.4279599174679696
P7_2,1.9517125377227806
A8_2,0.4849088264372023
B8_2,1.3513008853525355
C8_2,0.2272978977783902
D8_2,0.00012718626833951044
E8_2,0.7083274307517478
F8_2,4.030401527470818
H8_2,3.747876346954507
I8_2,6.211003195726343
J8_2,2.4074617458562555
L8_2,3.65515234261841
M8_2,7.396860943203177
N8_2,2.131900927843519
O8_2,6.923403949092545
P8_2,3.5241030807539495
B9_2,1.746939938237493
C9_2,1.1208669313323267
D9_2,1.771450305045776
E9_2,6.007852550209456
F9_2,3.58144568878199
H9_2,6.642977487412326
I9_2,1.0382746037205455
J9_2,0.7815390936729227
K9_2,3.362904323414252
L9_2,0.975951168981897
N9_2,3.8680042663827914
O9_2,5.07539499659509
P9_2,7.334527654492646
A10_2,4.502199745586359
B10_2,5.871386128844145
C10_2,0.6885872033945319
D10_2,3.1311712461512973
E10_2,1.3943177848697759
F10_2,0.10150489644510109
G10_2,3.973668102662256
I10_2,7.4456263421713444
J10_2,3.7552842250999903
K10_2,3.3769309648925008
L10_2,2.0483921900111586
M10_2,0.6741610741264977
N10_2,1.7664991430724133
O10_2,3.259038993690631
C11_2,22.547426803972513
E11_2,1.0477640935186434
G11_2,3.982145757693565
H11_2,2.1413589853228645
I11_2,4.548214319612324
J11_2,1.3225998437775677
K11_2,7.5337635360651625
N11_2,3.7621688139659653
A12_2,2.604930915053635
B12_2,1.778103174781009
C12_2,2.214348417833616
D12_2,1.9062442571980645
E12_2,2.1015853397212805
F12_2,2.7504506258295636
G12_2,2.3754521250623304
H12_2,0.12894169081966744
I12_2,1.8066134470170143
J12_2,1.367551179319165
K12_2,0.8376514093993044
L12_2,0.8174162152874984
M12_2,2.5836711230575036
A13_2,0.944148047018793
B13_2,0.01138608301671646
C13_2,0.35209307956763475
D13_2,0.050684518454584084
E13_2,0.2252346094665454
F13_2,0.600910638040655
K13_2,0.05462720199561917
L13_2,0.05216405784026887
M13_2,0.04427053236178325
N13_2,1.446357730652002
O13_2,0.4969828142188003
P13_2,0.8280544945283543
B14_2,0.2189312339878419
C14_2,0.10040608460613144
D14_2,0.11467229426193673
E14_2,0.005934098302197152
F14_2,0.0020147947039641824
G14_2,0.13702746384196232
H14_2,0.298148031015404
I14_2,0.0003176028124111091
J14_2,0.13357025598173924
K14_2,0.01361585935125414
L14_2,0.07478643624224963
M14_2,0.10730631116097875
O14_2,0.22685971156708376
A15_2,0.054785231772987546
C15_2,1.1164009487136113
E15_2,0.35597269528558245
K15_2,0.27651992643457163
M15_2,0.1305153459772296
N15_2,0.32774319541423613
O15_2,0.05476632327269006
P15_2,0.4214612783630421
A16_2,0.0867529928173184
B16_2,6.168340105174924e-06
C16_2,0.3232443579973356
E16_2,0.035204276486759944
G16_2,0.18150868526108618
H16_2,0.07356286334694581
I16_2,0.0001625919578142622
J16_2,1.5222875152959532
K16_2,0.24927844847672562
L16_2,0.42209495005527253
M16_2,0.5930402942128143
N16_2,0.028835409758027546
O16_2,0.11467229426193673
P16_2,0.004506264469759864
A17_2,0.00046456698599151567
B17_2,0.06741054489266628
C17_2,0.4670526231897249
D17_2,2.5445696622261176
E17_2,0.21529337331081153
F17_2,0.04831303454748706
G17_2,0.0407459201478223
I17_2,0.5313959455581669
M17_2,0.14695130386727887
N17_2,0.060684734979670904
O17_2,0.3294730656178917
P17_2,1.7209151434640946
A18_2,0.7867679001689615
C18_2,0.4705175169052319
E18_2,0.1706463739388011
F18_2,0.15718237551387143
G18_2,0.09698382804370437
H18_2,5.284677983258398e-05
I18_2,0.060684734979670904
J18_2,0.0008184410274751742
K18_2,0.02331046985091299
L18_2,0.7899592002174187
M18_2,0.21125589598912495
N18_2,0.08404038434793318
O18_2,1.2129404306751346
A19_2,0.5191342162547938
C19_2,0.3283129080119505
D19_2,0.02877930203122186
F19_2,0.3886652854106549
I19_2,0.28609169797208767
K19_2,0.11326344859934648
L19_2,0.26521282817512964
M19_2,0.8277760329114038
N19_2,0.3845105563269322
O19_2,0.01269757259052559
P19_2,0.24213765900476555
A20_2,0.060684734979670904
B20_2,0.021389046797020923
C20_2,2.5356598733966784
D20_2,1.17251707483858
E20_2,1.2011453754636117
H20_2,0.010368830619696776
I20_2,0.0003545139250484087
J20_2,0.010522958688882417
L20_2,0.097924313312152
N20_2,2.021775652427915
O20_2,0.3814485727277055
P20_2,0.16161532564640493
A21_2,0.173214020018516
B21_2,0.11467229426193673
C21_2,0.2696336166131697
D21_2,0.20388323511880294
E21_2,0.00020181755126676097
F21_2,0.20827571898111732
G21_2,0.23169148442878343
H21_2,0.1014142378907838
I21_2,1.401420984681934
J21_2,0.38646327178049333
K21_2,0.33327485214513886
L21_2,0.20190346097510328
M21_2,1.3074020043109706
N21_2,0.08293187820294667
O21_2,0.060684734979670904
P21_2,2.952021594397189
A22_2,0.001907855617834474
B22_2,0.42516168925438214
C22_2,0.3134169670602033
D22_2,0.1485174667554016
E22_2,0.7197625389011897
F22_2,0.21390513974265943
H22_2,0.5948545130660217
I22_2,0.6124573864022964
J22_2,0.20750568853825127
K22_2,0.07573754898213836
L22_2,0.36462138540463557
M22_2,1.006912922210519
N22_2,0.09770217483436623
O22_2,1.5655912056757375
B23_2,0.03746893168979082
C23_2,0.3141496232679587
D23_2,0.09037107317330398
E23_2,1.2153238119028023
G23_2,0.12906364723105185
H23_2,0.025213461985123052
I23_2,0.10830674394665726
L23_2,0.05111207417736837
M23_2,0.0003545139250484087
N23_2,1.1838604860951567
B24_2,0.060684734979670904
C24_2,0.2661623337071698
D24_2,0.014799765976980333
E24_2,0.8343079144662058
H24_2,0.11381816220131509
J24_2,0.1634773595494175
K24_2,4.4686059575669255
M24_2,2.0889251821873236
A1_3,0.13357025598173924
C1_3,1.2001357892189757
D1_3,4.148534830018257
E1_3,0.073561926674144
G1_3,6.90300952005923
K1_3,10.779354454908495
M1_3,3.5821253578369787
N1_3,2.365753448339146
O1_3,0.483400839259037
P1_3,4.471051102738439
A2_3,0.6082819076951146
B2_3,3.029963177025187
D2_3,4.431711466042454
F2_3,3.2391110044720213
G2_3,7.40156324926327
H2_3,5.481958857028591
I2_3,4.965546304738009
J2_3,3.840016136183049
K2_3,11.888375712276156
M2_3,9.45323032246755
N2_3,9.520855220254555
O2_3,3.4166610798642076
P2_3,0.7556211986130792
B3_3,1.5749378959983344
C3_3,0.5969788018455155
D3_3,2.5939636749262323
F3_3,0.8969214202915918
G3_3,5.4989465074075845
H3_3,6.348993387827348
I3_3,2.08951891980049
L3_3,5.301888681267862
N3_3,7.9776708255609625
A4_3,2.1262573258800104
B4_3,5.485150591439876
C4_3,1.33217838561148
D4_3,2.965236492188536
G4_3,4.349692635567201
H4_3,3.270243766184663
I4_3,9.548766374338154
J4_3,5.293660943633731
K4_3,5.080009496070297
L4_3,4.364958925319936
M4_3,3.7475461393912393
N4_3,6.391154906618076
P4_3,1.3264642310250438
B5_3,4.078121608973082
C5_3,2.0717225290542234
D5_3,4.051983370128826
E5_3,4.9542875831115785
F5_3,10.03888549181391
G5_3,0.41078085041808327
H5_3,2.809615138321994
I5_3,8.126071461281049
J5_3,3.1879463838849778
L5_3,12.998129040466557
N5_3,7.369633689489331
O5_3,2.8357585562173413
P5_3,1.2280430066810741
A6_3,3.3323376248738796
B6_3,3.032761651586968
C6_3,1.8365769913421415
D6_3,4.834590633115872
G6_3,6.707911855764655
I6_3,2.924936246110117
J6_3,5.045798578707206
K6_3,10.616111484972325
L6_3,5.06076581338818
M6_3,4.275698979986392
O6_3,1.112687636801041
P6_3,3.4927528691632714
A7_3,0.5816769622934779
B7_3,4.656265247070771
C7_3,3.2318572904376777
D7_3,5.044020257743235
E7_3,0.632158842821058
F7_3,8.655940431617546
G7_3,0.6119373943743687
H7_3,3.9905077704808893
I7_3,6.194882494514559
J7_3,6.111214561317916
M7_3,2.5230784494402645
N7_3,7.413723569166405
O7_3,5.7741034853876565
P7_3,1.9726849660780268
A8_3,0.0232084511240291
B8_3,4.664906001085436
C8_3,6.585997046650401
D8_3,0.47806872778628556
F8_3,2.2685347252047645
G8_3,4.807160626775657
H8_3,5.55680790442641
I8_3,4.929835866197257
J8_3,5.103743603084797
K8_3,7.908374108612776
M8_3,7.82728936940507
N8_3,2.666681476095356
O8_3,0.9588187100149067
P8_3,4.477826556567213
A9_3,1.9300815235409807
C9_3,0.5719304003791302
D9_3,7.285468617824348
E9_3,2.9627870275193127
F9_3,3.2209147736219776
G9_3,3.1472426953410304
H9_3,4.646929847442795
I9_3,4.609017256606997
J9_3,3.045990164331261
L9_3,4.806366334911204
P9_3,2.546761104557117
A10_3,4.511002397221049
B10_3,5.797027202229986
D10_3,1.4874716648324737
E10_3,2.9697943358616676
F10_3,3.2950424289764744
H10_3,1.9296180740921645
J10_3,4.49735872980529
L10_3,6.526560331649026
O10_3,3.5891702210327288
A11_3,3.671902854832577
B11_3,4.149018066959341
C11_3,4.936135087320984
D11_3,4.101943151934775
E11_3,10.351005565135639
G11_3,1.8957248281891634
H11_3,5.995737149249041
I11_3,3.939767244989569
K11_3,5.837468051312779
M11_3,6.659299841064777
N11_3,9.462967197737711
O11_3,1.0750454313076938
A12_3,3.721544091859623
B12_3,5.038957846744999
D12_3,5.115004203449396
E12_3,6.420303404946477
F12_3,5.740202979257833
G12_3,9.28287004292983
H12_3,6.332121848873657
I12_3,2.368335786945706
J12_3,1.4645410566317312
K12_3,11.183805650715271
L12_3,9.609311651423766
N12_3,1.7521801250831612
O12_3,0.9317827707469313
A13_3,0.9975493414818071
B13_3,1.081597811914317
C13_3,0.03642124500642916
D13_3,0.9139731436557627
E13_3,0.3590888160407986
F13_3,1.2461431658415671
G13_3,1.0103212417975131
I13_3,0.0747606095848507
K13_3,1.25304814118332
L13_3,2.4078130516056766
M13_3,2.0272829930952034
N13_3,6.434399920800996
O13_3,1.1125779562852243
P13_3,0.04981422425675179
A14_3,0.8894720919159966
B14_3,0.6985659693306185
C14_3,0.44850544147356075
E14_3,2.0438550800993167
F14_3,6.789126954570119
G14_3,0.6198160520155473
H14_3,0.6369512280374814
J14_3,4.321674665798911
K14_3,3.799988436344418
M14_3,1.2685417080829937
N14_3,2.798969376951334
O14_3,0.2508877980900176
P14_3,1.1647552141750503
C15_3,0.052933371276807244
E15_3,0.9812204477199127
H15_3,1.654814319496333
I15_3,3.2483184782468912
J15_3,0.9902984028645447
K15_3,4.028952253379747
M15_3,0.6739195150872789
N15_3,0.5252442551289999
O15_3,0.6213130312172898
A16_3,0.6121703683702379
B16_3,3.3876638385202718
D16_3,1.296079306498932
E16_3,0.6769835065881586
F16_3,2.007636683269163
H16_3,2.2332608759551675
I16_3,0.2211125667624864
J16_3,2.7644610243844854
K16_3,1.707792372461571
L16_3,1.6709012000995296
N16_3,0.9084969228948511
O16_3,0.5687973134763036
P16_3,0.7107211637624857
A17_3,0.5617098930802502
B17_3,2.2468336461259346
C17_3,2.024425685428948
D17_3,0.28272761266388063
F17_3,1.141619551230317
J17_3,1.2022817312810197
K17_3,4.721595457078261
L17_3,3.7374299447308448
N17_3,1.1306764689546178
O17_3,1.3963080547351945
P17_3,1.8391888249410873
A18_3,2.0059153276249857
C18_3,0.6081639255965609
E18_3,1.3979773520303
G18_3,0.3563902672281059
H18_3,0.6056501455789789
I18_3,2.539735099886242
J18_3,0.9312633864407531
K18_3,0.7696192388681984
L18_3,1.1453782662143457
M18_3,1.732580081313554
O18_3,0.9468635212032783
P18_3,0.6734333688821684
C19_3,0.4518447392118725
D19_3,1.481315422497341
E19_3,3.2281064969307867
F19_3,0.7003221125088211
G19_3,2.0732871217440825
H19_3,0.24000239469396428
I19_3,3.084091257062877
J19_3,0.6497690846699332
K19_3,0.5074668723256646
L19_3,2.850675962422244
M19_3,0.0062064835672289015
N19_3,3.3821117151056557
O19_3,0.10001734860256294
B20_3,0.10465802055434506
C20_3,1.997764279027954
D20_3,3.1213775456344908
E20_3,1.005215109826693
F20_3,1.9593240371164586
G20_3,2.5561333908843675
H20_3,1.1965287161930345
I20_3,1.6020721942216376
J20_3,2.831334785738009
K20_3,3.6549057437820567
M20_3,2.303036276277973
O20_3,5.64512536653551
P20_3,0.5901363267269021
B21_3,0.1632391110919146
C21_3,0.6047909625113167
D21_3,1.0023573135901171
F21_3,4.295295699485852
G21_3,2.9787067384437402
H21_3,1.6076283439920533
I21_3,0.9664062673583758
J21_3,2.5755700328284363
K21_3,3.2686690601492177
L21_3,1.838582574077442
M21_3,1.132944738347695
N21_3,1.678327987859549
O21_3,5.091446979689985
P21_3,1.6174408701079137
A22_3,1.23394644201775
D22_3,1.9610820264912745
F22_3,0.22488773226711545
G22_3,1.8159092478102339
I22_3,0.4139325457789034
J22_3,0.5590565010313584
L22_3,1.3962217905849184
N22_3,1.2478093448196328
O22_3,1.1303325074224695
B23_3,1.7809299296404084
D23_3,1.2863346806762428
E23_3,0.6476532538911058
F23_3,1.6157761331015876
H23_3,0.6933439416876624
I23_3,0.6785542097363572
J23_3,0.34711609116483644
K23_3,0.021444679765137344
L23_3,2.9533345968947424
M23_3,0.6530718669088919
O23_3,3.027407774501681
C24_3,2.5875369680515714
D24_3,0.7899329374247397
E24_3,0.27031850154471765
F24_3,3.9323429435401556
G24_3,2.0282378266256798
H24_3,2.5464806357709797
I24_3,3.781502388273542
J24_3,2.032312692544596
K24_3,3.3657764418070166
L24_3,2.333425074276027
M24_3,3.9964429007287285
N24_3,2.538959015720085
O24_3,0.8981407853643717
