Cell_ID,mitea_activity_targetscan_all
101_CAAGGACATCAGCCTTAGCG,0.30862953860255277
101_CAAGGACATCAGCTTAGAGG,0.13525699517709314
101_CAAGGACATCATGTCCACCG,0.5242900187744375
101_CAAGGACATCCCAAGCTCAG,0.9615571140000365
101_CAAGGACATCCCGGATTAAT,0.2084781810255995
101_CAAGGACATCCTCAATGCTC,3.02427914639268
101_CAAGGACATCGAAGTGACTC,3.749031968827863
101_CAAGGACATCTAATCACCAC,1.8593590116609573
101_CAAGGACATCTGGCGCATCT,0.0019503408094693868
101_CAAGGACATCTTACGGAGTC,0.7878543757631399
101_CAAGGACATCTTATCGCTGG,0.0025470192041950486
101_CAAGGACATCTTCTCCATTC,0.8034170955279751
101_CAAGGACATCTTCTTGAGTG,3.1428846794131906
101_CAAGGACATCTTGACAGCCT,3.8029109917688113
101_CAAGGACATCTTGTCGATAG,0.02991411320749306
101_CCGACGCATTAGCCTTAGCG,0.07051843420119917
101_CCGACGCATTATGTCCACCG,0.04602762003783973
101_CCGACGCATTCAAGAGCTGG,5.109408735144462
101_CCGACGCATTCCAAGCTCAG,0.11680957237501458
101_CCGACGCATTCCGGATTAAT,1.8442860444491425
101_CCGACGCATTCTCAATGCTC,1.2027228970892982
101_CCGACGCATTGAAGTGACTC,0.09856176380451498
101_CCGACGCATTTAATCACCAC,0.0007241948664224681
101_CCGACGCATTTGGCGCATCT,3.0111796382657885
101_CCGACGCATTTTACGGAGTC,4.67385332704191
101_CCGACGCATTTTATCGCTGG,13.775587248836375
101_CCGACGCATTTTCTCCATTC,3.023817968360075
101_CCGACGCATTTTCTTGAGTG,4.0301432083143
101_CCGACGCATTTTGACAGCCT,0.6532030341187944
101_CCGACGCATTTTGTCGATAG,5.314998867076135e-07
101_CGGAGAGTCAAGCCTTAGCG,0.7878277350306827
101_CGGAGAGTCAAGCTTAGAGG,4.59352752597211
101_CGGAGAGTCAATGTCCACCG,0.024776694367750065
101_CGGAGAGTCACAAGAGCTGG,6.036228770871437
101_CGGAGAGTCACCAAGCTCAG,0.9114399677021914
101_CGGAGAGTCACCGGATTAAT,0.9964021528040651
101_CGGAGAGTCACTCAATGCTC,1.9684242350815497
101_CGGAGAGTCAGAAGTGACTC,3.71444465835264
101_CGGAGAGTCATAATCACCAC,1.0529015482945452
101_CGGAGAGTCATGGCGCATCT,1.4211572458945185
101_CGGAGAGTCATTACGGAGTC,0.7245285657382095
101_CGGAGAGTCATTATCGCTGG,0.14047308722059246
101_CGGAGAGTCATTCTCCATTC,0.11675736652782721
101_CGGAGAGTCATTCTTGAGTG,0.019181762723898516
101_CGGAGAGTCATTGACAGCCT,3.0145754547575727
101_CGGAGAGTCATTGTCGATAG,0.11708808593022736
101_CGGCAAGCTAAGCCTTAGCG,0.1359921161618548
101_CGGCAAGCTAAGCTTAGAGG,3.79257441168145
101_CGGCAAGCTAATGTCCACCG,1.340326805976582
101_CGGCAAGCTACAAGAGCTGG,7.318333458717445
101_CGGCAAGCTACCAAGCTCAG,0.0011881254729837912
101_CGGCAAGCTACCGGATTAAT,4.201556175508421
101_CGGCAAGCTACTCAATGCTC,1.2792687002590701
101_CGGCAAGCTAGAAGTGACTC,1.1217443586883555
101_CGGCAAGCTATGGCGCATCT,0.0009617287816217704
101_CGGCAAGCTATTACGGAGTC,1.9583257507936334
101_CGGCAAGCTATTCTCCATTC,3.315846824666752
101_CGGCAAGCTATTCTTGAGTG,3.731612301540479
101_CGGCAAGCTATTGACAGCCT,2.0632990058256016
101_CGGCAAGCTATTGTCGATAG,1.513352379054634
101_CTGCAAGTGCAGCCTTAGCG,0.13333198339184701
101_CTGCAAGTGCATGTCCACCG,1.9267056696980605
101_CTGCAAGTGCCAAGAGCTGG,5.4274108022695176
101_CTGCAAGTGCCCAAGCTCAG,6.723728898086496
101_CTGCAAGTGCCCGGATTAAT,0.0034763071442031656
101_CTGCAAGTGCCTCAATGCTC,4.611100495088348
101_CTGCAAGTGCGAAGTGACTC,0.6915616868092657
101_CTGCAAGTGCTAATCACCAC,0.03447800975435754
101_CTGCAAGTGCTGGCGCATCT,0.4523860448049848
101_CTGCAAGTGCTTACGGAGTC,1.427517250573213
101_CTGCAAGTGCTTATCGCTGG,0.09313305284985099
101_CTGCAAGTGCTTCTCCATTC,0.04602762003783973
101_CTGCAAGTGCTTCTTGAGTG,0.5242208135743712
101_CTGCAAGTGCTTGACAGCCT,0.0018523037512288944
101_CTGCAAGTGCTTGTCGATAG,3.63401275751919
101_GATGGACGCTAGCCTTAGCG,0.4125076864116052
101_GATGGACGCTATGTCCACCG,0.3518538920218607
101_GATGGACGCTCAAGAGCTGG,0.08794071952745686
101_GATGGACGCTCCAAGCTCAG,1.198008362026177
101_GATGGACGCTCCGGATTAAT,0.2931065408685493
101_GATGGACGCTCTCAATGCTC,1.2377695300709086
101_GATGGACGCTGAAGTGACTC,4.0391455846299875
101_GATGGACGCTTAATCACCAC,2.369065485460527
101_GATGGACGCTTGGCGCATCT,0.7042530413248197
101_GATGGACGCTTTACGGAGTC,0.9235693773610041
101_GATGGACGCTTTATCGCTGG,4.1116709259626685
101_GATGGACGCTTTCTCCATTC,0.009050710110154835
101_GATGGACGCTTTGACAGCCT,8.704096808481228
101_GATGGACGCTTTGTCGATAG,0.5050732215332906
101_GGAAGGTACGAGCCTTAGCG,0.023256483878961398
101_GGAAGGTACGAGCTTAGAGG,0.40320551044872166
101_GGAAGGTACGATGTCCACCG,5.905858577771494
101_GGAAGGTACGCAAGAGCTGG,1.5812319147106513
101_GGAAGGTACGCCAAGCTCAG,0.8229862932947543
101_GGAAGGTACGCCGGATTAAT,0.9369228914545532
101_GGAAGGTACGCTCAATGCTC,0.005312500753140619
101_GGAAGGTACGGAAGTGACTC,3.237693885202857
101_GGAAGGTACGTAATCACCAC,2.5371510797294424e-05
101_GGAAGGTACGTGGCGCATCT,13.09621149454076
101_GGAAGGTACGTTATCGCTGG,2.865971916723931
101_GGAAGGTACGTTCTCCATTC,0.038524171920577215
101_GGAAGGTACGTTCTTGAGTG,14.238776394974554
101_GGAAGGTACGTTGACAGCCT,0.3319854535191265
101_GGAAGGTACGTTGTCGATAG,5.83405830475201
101_GGCAATCCTCAGCCTTAGCG,4.278703088182926
101_GGCAATCCTCAGCTTAGAGG,1.5182290523316901
101_GGCAATCCTCCAAGAGCTGG,13.887643820374853
101_GGCAATCCTCCCAAGCTCAG,4.648082255616316
101_GGCAATCCTCGAAGTGACTC,1.7147979585224922
101_GGCAATCCTCTAATCACCAC,0.43191180713099897
101_GGCAATCCTCTGGCGCATCT,2.9238162235246374
101_GGCAATCCTCTTACGGAGTC,0.17866053898314793
101_GGCAATCCTCTTCTCCATTC,0.4895610713098947
101_GGCAATCCTCTTCTTGAGTG,3.94987627046154
101_GGCAATCCTCTTGACAGCCT,1.3004315154092558
101_GGCAATCCTCTTGTCGATAG,0.032064472512632655
101_TACGCTACTAAGCTTAGAGG,0.003994517291742451
101_TACGCTACTAATGTCCACCG,0.9871045645693735
101_TACGCTACTACAAGAGCTGG,8.499267374493321
101_TACGCTACTACCAAGCTCAG,0.0006733959028833735
101_TACGCTACTACCGGATTAAT,0.2503797378916449
101_TACGCTACTACTCAATGCTC,12.046684357307141
101_TACGCTACTAGAAGTGACTC,1.6939961789228044
101_TACGCTACTATGGCGCATCT,3.894048551990604
101_TACGCTACTATTCTCCATTC,0.00015935046172814592
101_TACGCTACTATTCTTGAGTG,1.8352566604423401
101_TACGCTACTATTGACAGCCT,1.9304628255563412
101_TACGCTACTATTGTCGATAG,6.177136914986107
101_TAGAGAGATGAGCCTTAGCG,0.00021072262914710891
101_TAGAGAGATGATGTCCACCG,0.020710102543046716
101_TAGAGAGATGCAAGAGCTGG,3.579646251434169
101_TAGAGAGATGCCAAGCTCAG,0.06022340214270282
101_TAGAGAGATGCCGGATTAAT,0.007069922208985183
101_TAGAGAGATGCTCAATGCTC,0.042391135246374535
101_TAGAGAGATGGAAGTGACTC,0.03704982997028013
101_TAGAGAGATGTTACGGAGTC,0.908825815557332
101_TAGAGAGATGTTATCGCTGG,0.027528807016215854
101_TAGAGAGATGTTCTCCATTC,0.6258391941144639
101_TAGAGAGATGTTCTTGAGTG,1.950190608154582e-05
101_TAGAGAGATGTTGACAGCCT,0.3958608313438945
101_TAGAGAGATGTTGTCGATAG,0.11346721331597635
101_TAGATCTCTCAGCCTTAGCG,2.8170736225767237
101_TAGATCTCTCAGCTTAGAGG,0.06221448916442593
101_TAGATCTCTCCAAGAGCTGG,16.4056888699894
101_TAGATCTCTCCCAAGCTCAG,10.214379695504022
101_TAGATCTCTCCCGGATTAAT,0.02680269000674395
101_TAGATCTCTCCTCAATGCTC,1.209341120997262
101_TAGATCTCTCGAAGTGACTC,0.043865144300748435
101_TAGATCTCTCTAATCACCAC,0.16043847461035265
101_TAGATCTCTCTGGCGCATCT,0.48195451333659006
101_TAGATCTCTCTTACGGAGTC,0.9139547102934407
101_TAGATCTCTCTTATCGCTGG,3.085763942986645
101_TAGATCTCTCTTCTCCATTC,0.030241930254777467
101_TAGATCTCTCTTGACAGCCT,0.05892739460981237
101_TAGATCTCTCTTGTCGATAG,0.2439044878128115
101_TAGCTCCAGAATGTCCACCG,0.10159399192366728
101_TAGCTCCAGACAAGAGCTGG,0.5623035953766633
101_TAGCTCCAGACCGGATTAAT,3.172080528142338
101_TAGCTCCAGACTCAATGCTC,4.871119250540046
101_TAGCTCCAGAGAAGTGACTC,0.35727059150516655
101_TAGCTCCAGATAATCACCAC,3.575333121837782
101_TAGCTCCAGATGGCGCATCT,0.013114953490075871
101_TAGCTCCAGATTACGGAGTC,1.512300207258355
101_TAGCTCCAGATTATCGCTGG,1.4127051931731995e-07
101_TAGCTCCAGATTCTCCATTC,0.9700341867060838
101_TAGCTCCAGATTCTTGAGTG,0.7658635266091314
101_TAGCTCCAGATTGACAGCCT,0.14347629619699448
101_TAGCTCCAGATTGTCGATAG,0.4685817291976201
101_TCCGGATTCGAGCCTTAGCG,0.36666719861725694
101_TCCGGATTCGAGCTTAGAGG,0.003994517291742451
101_TCCGGATTCGATGTCCACCG,0.9770255395906711
101_TCCGGATTCGCAAGAGCTGG,5.265497868731271
101_TCCGGATTCGCCAAGCTCAG,3.558976807104732
101_TCCGGATTCGCCGGATTAAT,3.5739921981195937
101_TCCGGATTCGCTCAATGCTC,3.5800188956983057
101_TCCGGATTCGGAAGTGACTC,3.131697549895098
101_TCCGGATTCGTAATCACCAC,0.022736543957789526
101_TCCGGATTCGTGGCGCATCT,0.038524171920577215
101_TCCGGATTCGTTACGGAGTC,1.014323318009147
101_TCCGGATTCGTTATCGCTGG,6.190691361159083
101_TCCGGATTCGTTCTCCATTC,0.07536543691815563
101_TCCGGATTCGTTCTTGAGTG,0.02464368922276095
101_TCCGGATTCGTTGTCGATAG,0.574484591739238
101_TCGTGAAGCGAGCCTTAGCG,4.783165399883854e-06
101_TCGTGAAGCGAGCTTAGAGG,5.826757075224345e-06
101_TCGTGAAGCGCAAGAGCTGG,5.032236927482314
101_TCGTGAAGCGCCAAGCTCAG,0.02128668233103223
101_TCGTGAAGCGCCGGATTAAT,0.00012492501732598883
101_TCGTGAAGCGCTCAATGCTC,0.603173314958734
101_TCGTGAAGCGGAAGTGACTC,0.003994517291742451
101_TCGTGAAGCGTAATCACCAC,0.697278906947424
101_TCGTGAAGCGTGGCGCATCT,0.03761836843239316
101_TCGTGAAGCGTTACGGAGTC,0.8166134103678577
101_TCGTGAAGCGTTCTCCATTC,0.03510819142687757
101_TCGTGAAGCGTTCTTGAGTG,0.1820535577220818
101_TCGTGAAGCGTTGACAGCCT,0.20888841850470163
101_TCGTGAAGCGTTGTCGATAG,0.045017029113743764
101_TCTGCGTTAAAGCCTTAGCG,0.02128668233103223
101_TCTGCGTTAACCAAGCTCAG,4.8498279420016
101_TCTGCGTTAACCGGATTAAT,1.6625666273814825
101_TCTGCGTTAACTCAATGCTC,0.8147660267431339
101_TCTGCGTTAAGAAGTGACTC,4.100649313278394
101_TCTGCGTTAATAATCACCAC,1.229036124665035e-05
101_TCTGCGTTAATGGCGCATCT,0.33115117044906106
101_TCTGCGTTAATTACGGAGTC,0.09100320994935673
101_TCTGCGTTAATTATCGCTGG,5.018139613555272
101_TCTGCGTTAATTCTCCATTC,2.1530791251135666
101_TCTGCGTTAATTGACAGCCT,21.92156693029607
101_TCTGCGTTAATTGTCGATAG,4.443926004967481
101_TGACACCGTAAGCCTTAGCG,0.0009037403935518991
101_TGACACCGTAAGCTTAGAGG,0.10199181262791837
101_TGACACCGTAATGTCCACCG,0.08152283453270896
101_TGACACCGTACAAGAGCTGG,0.29258904424309806
101_TGACACCGTACCAAGCTCAG,0.5485242667577661
101_TGACACCGTACCGGATTAAT,0.3683056291374523
101_TGACACCGTACTCAATGCTC,3.672781044075459e-06
101_TGACACCGTAGAAGTGACTC,0.0024051847701908632
101_TGACACCGTATAATCACCAC,0.00021072262914710891
101_TGACACCGTATGGCGCATCT,0.0016510238357345772
101_TGACACCGTATTACGGAGTC,1.3753778329292499
101_TGACACCGTATTATCGCTGG,0.04602762003783973
101_TGACACCGTATTCTCCATTC,0.023634197154170786
101_TGACACCGTATTGACAGCCT,3.672781044075459e-06
101_TGACACCGTATTGTCGATAG,0.20475194641719183
101_TGACCATGAAAGCCTTAGCG,0.055980796699219224
101_TGACCATGAAAGCTTAGAGG,8.637236920576169e-05
101_TGACCATGAAATGTCCACCG,2.19707395320056
101_TGACCATGAACAAGAGCTGG,0.04602762003783973
101_TGACCATGAACCAAGCTCAG,2.386862213304688
101_TGACCATGAACCGGATTAAT,0.00021072262914710891
101_TGACCATGAACTCAATGCTC,0.014596029410017166
101_TGACCATGAAGAAGTGACTC,2.461839382888236e-05
101_TGACCATGAATAATCACCAC,0.028890876479465442
101_TGACCATGAATGGCGCATCT,1.0616989611649041
101_TGACCATGAATTACGGAGTC,4.131461956166932e-05
101_TGACCATGAATTATCGCTGG,0.005839568951618133
101_TGACCATGAATTCTCCATTC,0.17675000769365706
101_TGACCATGAATTCTTGAGTG,0.108781726412056
101_TGACCATGAATTGACAGCCT,1.7084144531004075
101_TGACCATGAATTGTCGATAG,2.908644159281308
101_TGATGGAGAAAGCCTTAGCG,5.3535479978025435
101_TGATGGAGAAAGCTTAGAGG,0.8866328212382766
101_TGATGGAGAACAAGAGCTGG,19.37866002186283
101_TGATGGAGAACCAAGCTCAG,2.884450516110606
101_TGATGGAGAACCGGATTAAT,11.303356037583104
101_TGATGGAGAACTCAATGCTC,2.031199105409188
101_TGATGGAGAAGAAGTGACTC,0.4259051608324147
101_TGATGGAGAATAATCACCAC,0.011164015993840079
101_TGATGGAGAATGGCGCATCT,2.924158378919354
101_TGATGGAGAATTACGGAGTC,2.868178714125486e-07
101_TGATGGAGAATTATCGCTGG,8.080004822953624
101_TGATGGAGAATTCTCCATTC,0.06110852516274138
101_TGATGGAGAATTCTTGAGTG,0.7394733797181625
101_TGATGGAGAATTGACAGCCT,2.1551313602993614
101_TGATGGAGAATTGTCGATAG,0.4464766870693843
101_TTAGGCATCCAGCTTAGAGG,0.0022073599079248294
101_TTAGGCATCCATGTCCACCG,0.01735949100090814
101_TTAGGCATCCCAAGAGCTGG,6.037804759646496
101_TTAGGCATCCCCAAGCTCAG,0.3470663504711225
101_TTAGGCATCCCCGGATTAAT,0.002916158802546874
101_TTAGGCATCCCTCAATGCTC,0.05171084208918063
101_TTAGGCATCCGAAGTGACTC,0.03517867533451572
101_TTAGGCATCCTAATCACCAC,0.051089100192309694
101_TTAGGCATCCTGGCGCATCT,0.002622461820975797
101_TTAGGCATCCTTACGGAGTC,0.4628838365550655
101_TTAGGCATCCTTATCGCTGG,0.08615704586719188
101_TTAGGCATCCTTCTCCATTC,0.00025049446401457457
101_TTAGGCATCCTTGACAGCCT,0.038524171920577215
101_TTAGGCATCCTTGTCGATAG,0.038524171920577215
101_TTATGGCCTTAGCCTTAGCG,0.17866053898314793
101_TTATGGCCTTAGCTTAGAGG,0.18816744065290633
101_TTATGGCCTTATGTCCACCG,0.8899625410946213
101_TTATGGCCTTCAAGAGCTGG,0.10545115533267521
101_TTATGGCCTTCCAAGCTCAG,0.39139041747437375
101_TTATGGCCTTCTCAATGCTC,0.0007958100660449868
101_TTATGGCCTTGAAGTGACTC,1.5365122691875317
101_TTATGGCCTTTGGCGCATCT,0.4044242856064198
101_TTATGGCCTTTTACGGAGTC,4.131461956166932e-05
101_TTATGGCCTTTTATCGCTGG,0.10199181262791837
101_TTATGGCCTTTTCTCCATTC,0.02505498443529895
101_TTATGGCCTTTTCTTGAGTG,0.0008345433859640243
101_TTATGGCCTTTTGACAGCCT,0.0004488301469621396
101_TTATGGCCTTTTGTCGATAG,2.508358493869409
101_TTCCAGCTATAGCCTTAGCG,3.7163302577166886
101_TTCCAGCTATAGCTTAGAGG,2.9256460587086934
101_TTCCAGCTATATGTCCACCG,0.9823876985935149
101_TTCCAGCTATCAAGAGCTGG,0.4210997408060117
101_TTCCAGCTATCCAAGCTCAG,0.16707319198724835
101_TTCCAGCTATCCGGATTAAT,0.03507051209040213
101_TTCCAGCTATCTCAATGCTC,2.977574862063049
101_TTCCAGCTATTAATCACCAC,0.7145495644146217
101_TTCCAGCTATTGGCGCATCT,0.3188265626626345
101_TTCCAGCTATTTACGGAGTC,4.131461956166932e-05
101_TTCCAGCTATTTCTCCATTC,0.7953558349110351
101_TTCCAGCTATTTGACAGCCT,8.072330117788153
101_TTCCAGCTATTTGTCGATAG,4.131461956166932e-05
101_TTCCGTGCTGAGCCTTAGCG,0.592423460958964
101_TTCCGTGCTGAGCTTAGAGG,0.019755911561371582
101_TTCCGTGCTGATGTCCACCG,0.00014118469900330054
101_TTCCGTGCTGCAAGAGCTGG,1.716524063102415
101_TTCCGTGCTGCCAAGCTCAG,3.8332119292971463
101_TTCCGTGCTGCCGGATTAAT,1.2004737986129048
101_TTCCGTGCTGCTCAATGCTC,1.453688878954629
101_TTCCGTGCTGGAAGTGACTC,1.7065678782476048
101_TTCCGTGCTGTAATCACCAC,1.923968072250289
101_TTCCGTGCTGTGGCGCATCT,3.3128774894697424
101_TTCCGTGCTGTTACGGAGTC,4.7601997313055335
101_TTCCGTGCTGTTATCGCTGG,0.00012012260072347957
101_TTCCGTGCTGTTCTTGAGTG,7.212016054327658
101_TTCCGTGCTGTTGACAGCCT,0.5336385390258336
101_TTCCGTGCTGTTGTCGATAG,6.740251067202374
101_TTCGCACGCAAGCCTTAGCG,3.302127469589904
101_TTCGCACGCAAGCTTAGAGG,4.131461956166932e-05
101_TTCGCACGCAATGTCCACCG,0.10199181262791837
101_TTCGCACGCACAAGAGCTGG,0.4844928112448673
101_TTCGCACGCACCAAGCTCAG,0.0003209185040707693
101_TTCGCACGCACCGGATTAAT,0.23881151785013624
101_TTCGCACGCACTCAATGCTC,3.040980188955627
101_TTCGCACGCAGAAGTGACTC,5.18611822537665
101_TTCGCACGCATGGCGCATCT,2.150295418990288
101_TTCGCACGCATTACGGAGTC,0.4592730840037749
101_TTCGCACGCATTATCGCTGG,0.13131465316722693
101_TTCGCACGCATTCTCCATTC,0.05541302393716233
101_TTCGCACGCATTCTTGAGTG,1.001863573984023
101_TTCGCACGCATTGACAGCCT,3.2367409016046182
101_TTCGCACGCATTGTCGATAG,0.5987175330318496
101_TTGTCTGCAAAGCCTTAGCG,8.920261734989836
101_TTGTCTGCAAATGTCCACCG,1.397180842202669
101_TTGTCTGCAACAAGAGCTGG,5.133494399376832
101_TTGTCTGCAACCAAGCTCAG,5.299383984675035
101_TTGTCTGCAACCGGATTAAT,2.8612559623313842
101_TTGTCTGCAACTCAATGCTC,1.1432612431332663
101_TTGTCTGCAAGAAGTGACTC,4.347304693668216
101_TTGTCTGCAATGGCGCATCT,5.404076244913092
101_TTGTCTGCAATTACGGAGTC,0.15821736579435094
101_TTGTCTGCAATTATCGCTGG,0.0023128139837818675
101_TTGTCTGCAATTCTTGAGTG,11.93245715889525
101_TTGTCTGCAATTGACAGCCT,4.61344341561275
101_TTGTCTGCAATTGTCGATAG,0.5828166815422835
103_CAAGGACATCACCTCACCAG,0.2855669187163978
103_CAAGGACATCAGCAACAGTA,0.9801786272629506
103_CAAGGACATCAGGCGGATCA,4.648584036975618
103_CAAGGACATCCCGCCGATAA,0.18712390798095882
103_CAAGGACATCCGGTTGGCTA,1.5582596202071748
103_CAAGGACATCGAATGAACGT,5.495544042398419
103_CAAGGACATCGAGCGGAACT,1.754534009299293
103_CAAGGACATCTGACAGAGGT,2.237419196470459
103_CAAGGACATCTGCAGGCTAC,0.035801973656462927
103_CAAGGACATCTTATGCCGCT,1.0526935339668344
103_CAAGGACATCTTATTCGCCT,2.0920649687586215
103_CAAGGACATCTTCTCGCCTC,1.4900801213397736
103_CAAGGACATCTTGCTAAGGA,3.174544128685737
103_CCGACGCATTACCTCACCAG,0.00041680409165294614
103_CCGACGCATTCCGCCGATAA,3.0083486551980103
103_CCGACGCATTCGGTTGGCTA,0.4082740583089833
103_CCGACGCATTGAATGAACGT,1.0273379883839528
103_CCGACGCATTGAGCGGAACT,1.540244362564736
103_CCGACGCATTTGACAGAGGT,0.13794018282237674
103_CCGACGCATTTGCAGGCTAC,0.7968447914489096
103_CCGACGCATTTTATGCCGCT,1.8281294996736486
103_CCGACGCATTTTATTCGCCT,0.0013595658035864787
103_CCGACGCATTTTCTCGCCTC,6.02779033478447
103_CGGAGAGTCAACCTCACCAG,1.8160878314644258
103_CGGAGAGTCAAGGCGGATCA,4.476046551333413
103_CGGAGAGTCACCGCCGATAA,0.4746843495502121
103_CGGAGAGTCAGAATGAACGT,0.051963694234325515
103_CGGAGAGTCATGACAGAGGT,0.5634509340815015
103_CGGAGAGTCATGCAGGCTAC,0.008058071721269742
103_CGGAGAGTCATTACCGGACC,3.5319425475683466
103_CGGAGAGTCATTATGCCGCT,0.0011966221375804438
103_CGGAGAGTCATTATTCGCCT,0.4244854752668832
103_CGGAGAGTCATTCTCGCCTC,0.6336540099644472
103_CGGAGAGTCATTGCTAAGGA,1.469205895259523
103_CGGCAAGCTAAACATAGCCT,3.6798896955742957
103_CGGCAAGCTAACCTCACCAG,7.1155377620923685
103_CGGCAAGCTAAGCAACAGTA,1.0908925467478474
103_CGGCAAGCTAAGGCGGATCA,0.6196371155632561
103_CGGCAAGCTACCGCCGATAA,1.4657469945825985
103_CGGCAAGCTAGAATGAACGT,1.5939075934490883
103_CGGCAAGCTAGAGCGGAACT,0.004620504906119049
103_CGGCAAGCTATGACAGAGGT,0.0003413743367026935
103_CGGCAAGCTATGCAGGCTAC,1.7343687335295568
103_CGGCAAGCTATTCTCGCCTC,3.8029691070480527
103_CGGCAAGCTATTGCTAAGGA,0.28093472812055914
103_CTGCAAGTGCAACATAGCCT,6.899421180561262
103_CTGCAAGTGCACCTCACCAG,0.8402848983723332
103_CTGCAAGTGCCCGCCGATAA,3.3907701484291506
103_CTGCAAGTGCGAATGAACGT,3.0542703147000343
103_CTGCAAGTGCTGACAGAGGT,0.26316923614998344
103_CTGCAAGTGCTGCAGGCTAC,1.3848168001946202
103_CTGCAAGTGCTTACCGGACC,0.0012049404115682546
103_CTGCAAGTGCTTATGCCGCT,0.9657019319827871
103_CTGCAAGTGCTTATTCGCCT,1.197572476463248
103_CTGCAAGTGCTTGCTAAGGA,1.5848295881452017
103_GATGGACGCTAACATAGCCT,0.43191180713099897
103_GATGGACGCTACCTCACCAG,0.0011659645063499928
103_GATGGACGCTAGCAACAGTA,0.9176124599249443
103_GATGGACGCTCCGCCGATAA,0.373615187613635
103_GATGGACGCTCGGTTGGCTA,0.10164931317392976
103_GATGGACGCTGAATGAACGT,0.6376669181869732
103_GATGGACGCTGAGCGGAACT,0.045017029113743764
103_GATGGACGCTTGACAGAGGT,1.0236342572588981
103_GATGGACGCTTGCAGGCTAC,0.45882964904133405
103_GATGGACGCTTTATGCCGCT,0.7351336511240872
103_GATGGACGCTTTCTCGCCTC,0.07121034150271326
103_GGAAGGTACGAACATAGCCT,0.3749108085526544
103_GGAAGGTACGACCTCACCAG,0.08293836237340167
103_GGAAGGTACGCCGCCGATAA,0.1514980304631591
103_GGAAGGTACGCGGTTGGCTA,1.9962165911509078
103_GGAAGGTACGGAATGAACGT,0.6477804311861256
103_GGAAGGTACGTGACAGAGGT,0.01284702500525681
103_GGAAGGTACGTGCAGGCTAC,5.165021275633954
103_GGAAGGTACGTTATGCCGCT,0.4378517604944639
103_GGAAGGTACGTTATTCGCCT,1.4372846343991785
103_GGAAGGTACGTTCTCGCCTC,1.5474399253457745
103_GGCAATCCTCACCTCACCAG,0.00604003650982848
103_GGCAATCCTCAGGCGGATCA,0.1919654688312432
103_GGCAATCCTCCAGGCTCCAA,0.01840133781913748
103_GGCAATCCTCCCGCCGATAA,2.0651851416610554
103_GGCAATCCTCGAATGAACGT,3.0771944823384105
103_GGCAATCCTCGAGCGGAACT,0.026875427076289926
103_GGCAATCCTCTGACAGAGGT,0.07724281109271346
103_GGCAATCCTCTGCAGGCTAC,7.68178836035384
103_GGCAATCCTCTTACCGGACC,2.9003231937682044
103_GGCAATCCTCTTATTCGCCT,4.36010379102974
103_GGCAATCCTCTTCTCGCCTC,0.006400860029630397
103_GGCAATCCTCTTGCTAAGGA,0.14099050628355772
103_TACGCTACTAAGCAACAGTA,0.43312007747615655
103_TACGCTACTAAGGCGGATCA,0.6066277906815778
103_TACGCTACTACAGGCTCCAA,3.9537874726871767
103_TACGCTACTACCGCCGATAA,0.7496827146345224
103_TACGCTACTACGGTTGGCTA,2.446785143216358
103_TACGCTACTAGAATGAACGT,2.1087841335273136
103_TACGCTACTAGAGCGGAACT,4.328010128921313
103_TACGCTACTATGACAGAGGT,0.9931661349924319
103_TACGCTACTATTACCGGACC,0.0007241948664224681
103_TACGCTACTATTATTCGCCT,2.107045384009505
103_TACGCTACTATTCTCGCCTC,3.5505939945351437
103_TACGCTACTATTGCTAAGGA,7.09907124531103
103_TAGAGAGATGACCTCACCAG,0.008058071721269742
103_TAGAGAGATGAGCAACAGTA,0.0019503408094693868
103_TAGAGAGATGCCGCCGATAA,0.08152283453270896
103_TAGAGAGATGCGGTTGGCTA,4.46672703760704
103_TAGAGAGATGGAATGAACGT,0.0001715725254679981
103_TAGAGAGATGGAGCGGAACT,7.456715131917962e-05
103_TAGAGAGATGTGACAGAGGT,0.13139784478165953
103_TAGAGAGATGTGCAGGCTAC,5.484936957695451e-05
103_TAGAGAGATGTTATGCCGCT,0.9130666609002761
103_TAGAGAGATGTTATTCGCCT,0.3212177839809998
103_TAGAGAGATGTTGCTAAGGA,0.00016088539172867325
103_TAGATCTCTCACCTCACCAG,0.038524171920577215
103_TAGATCTCTCCAGGCTCCAA,0.04602762003783973
103_TAGATCTCTCCGGTTGGCTA,0.25979078098612346
103_TAGATCTCTCGAATGAACGT,0.038524171920577215
103_TAGATCTCTCTGACAGAGGT,2.682236222185798
103_TAGATCTCTCTGCAGGCTAC,0.0028889178712762364
103_TAGATCTCTCTTACCGGACC,0.7064081536298061
103_TAGATCTCTCTTATTCGCCT,0.6239747582454034
103_TAGATCTCTCTTCTCGCCTC,1.967477926704364
103_TAGCTCCAGAACCTCACCAG,0.3212177839809998
103_TAGCTCCAGAGAATGAACGT,7.77722630767068
103_TAGCTCCAGAGAGCGGAACT,1.2304637050218987
103_TAGCTCCAGATGACAGAGGT,1.9632087080101006
103_TAGCTCCAGATGCAGGCTAC,2.3487858897882883
103_TCCGGATTCGACCTCACCAG,0.12805936353628944
103_TCCGGATTCGAGCAACAGTA,0.9416640736353251
103_TCCGGATTCGAGGCGGATCA,0.11188472310072485
103_TCCGGATTCGCCGCCGATAA,3.442599468976277
103_TCCGGATTCGCGGTTGGCTA,0.1473196584638542
103_TCCGGATTCGGAATGAACGT,0.08485631872306999
103_TCCGGATTCGGAGCGGAACT,0.1514980304631591
103_TCCGGATTCGTGACAGAGGT,0.6951746082729346
103_TCCGGATTCGTTATGCCGCT,1.60808609512816
103_TCCGGATTCGTTATTCGCCT,0.1792783214822295
103_TCCGGATTCGTTCTCGCCTC,6.492348703640459
103_TCGTGAAGCGAACATAGCCT,0.0007241948664224681
103_TCGTGAAGCGAGGCGGATCA,2.4445817207200826e-05
103_TCGTGAAGCGCGGTTGGCTA,0.25259655475762244
103_TCGTGAAGCGGAATGAACGT,5.499204711193798e-05
103_TCGTGAAGCGGAGCGGAACT,0.8438487999710786
103_TCGTGAAGCGTGACAGAGGT,0.5387549257128124
103_TCGTGAAGCGTGCAGGCTAC,0.009936165582410963
103_TCGTGAAGCGTTACCGGACC,0.06110852516274138
103_TCGTGAAGCGTTATTCGCCT,0.01698589316836542
103_TCGTGAAGCGTTCTCGCCTC,0.12683459591010074
103_TCGTGAAGCGTTGCTAAGGA,0.2531411527300498
103_TCTGCGTTAAAGCAACAGTA,0.060692075244558046
103_TCTGCGTTAACAGGCTCCAA,0.5126041981965547
103_TCTGCGTTAACCGCCGATAA,0.02295788410949087
103_TCTGCGTTAACGGTTGGCTA,0.020168239449246242
103_TCTGCGTTAAGAATGAACGT,1.899068402180236
103_TCTGCGTTAAGAGCGGAACT,1.2874379515155205
103_TCTGCGTTAATGACAGAGGT,3.7689580775477673
103_TCTGCGTTAATGCAGGCTAC,0.5054481836549581
103_TCTGCGTTAATTATGCCGCT,0.11483999393651934
103_TCTGCGTTAATTATTCGCCT,3.581868037615509
103_TCTGCGTTAATTCTCGCCTC,1.3509499845247235
103_TCTGCGTTAATTGCTAAGGA,3.2572324776307258
103_TGACACCGTAAACATAGCCT,0.18303451272537863
103_TGACACCGTAACCTCACCAG,3.672781044075459e-06
103_TGACACCGTAAGCAACAGTA,0.015295648297145591
103_TGACACCGTAAGGCGGATCA,0.01774600492859332
103_TGACACCGTACAGGCTCCAA,0.24781473746197005
103_TGACACCGTACCGCCGATAA,0.021855796031973237
103_TGACACCGTACGGTTGGCTA,5.192902937121856
103_TGACACCGTAGAGCGGAACT,0.0013595658035864787
103_TGACACCGTATGCAGGCTAC,0.15000030668843814
103_TGACACCGTATTACCGGACC,0.10803298781313643
103_TGACACCGTATTATGCCGCT,4.131461956166932e-05
103_TGACACCGTATTATTCGCCT,0.1596319595912937
103_TGACACCGTATTCTCGCCTC,0.17866053898314793
103_TGACACCGTATTGCTAAGGA,2.3852941819732965
103_TGACCATGAAAACATAGCCT,0.004477705386384437
103_TGACCATGAAACCTCACCAG,2.0501772060581285e-05
103_TGACCATGAAAGCAACAGTA,0.0006285779632295615
103_TGACCATGAACCGCCGATAA,0.10388101160146793
103_TGACCATGAACGGTTGGCTA,0.0005511216700870466
103_TGACCATGAAGAGCGGAACT,0.4947368112002003
103_TGACCATGAATGACAGAGGT,0.26566969495845333
103_TGACCATGAATGCAGGCTAC,0.013114953490075871
103_TGACCATGAATTACCGGACC,0.00021072262914710891
103_TGACCATGAATTATGCCGCT,0.001084314148097926
103_TGACCATGAATTATTCGCCT,0.032885106439736585
103_TGACCATGAATTCTCGCCTC,0.0007958100660449868
103_TGACCATGAATTGCTAAGGA,0.1175467184511281
103_TGATGGAGAAACCTCACCAG,0.0003192999134041952
103_TGATGGAGAAAGGCGGATCA,3.32741289912159
103_TGATGGAGAACAGGCTCCAA,1.4196580406657857
103_TGATGGAGAACCGCCGATAA,1.780991859738412
103_TGATGGAGAAGAATGAACGT,0.013114953490075871
103_TGATGGAGAAGAGCGGAACT,2.3021158835529207
103_TGATGGAGAATGACAGAGGT,0.08152283453270896
103_TGATGGAGAATGCAGGCTAC,7.000295099325816
103_TGATGGAGAATTACCGGACC,0.3220498117961646
103_TGATGGAGAATTATGCCGCT,1.2283383828840504
103_TGATGGAGAATTCTCGCCTC,0.0036276149624787034
103_TGATGGAGAATTGCTAAGGA,0.6666643557566407
103_TTAGGCATCCAACATAGCCT,0.02173999256639097
103_TTAGGCATCCACCTCACCAG,0.00021072262914710891
103_TTAGGCATCCAGGCGGATCA,0.2294314363969669
103_TTAGGCATCCCCGCCGATAA,0.8026260706465255
103_TTAGGCATCCCGGTTGGCTA,0.06421603971856293
103_TTAGGCATCCGAATGAACGT,0.0058543744523387115
103_TTAGGCATCCGAGCGGAACT,0.038524171920577215
103_TTAGGCATCCTGACAGAGGT,0.2577264910824849
103_TTAGGCATCCTGCAGGCTAC,1.2547617261742219
103_TTAGGCATCCTTACCGGACC,5.2693835761880265e-06
103_TTAGGCATCCTTATGCCGCT,0.1773941035028885
103_TTAGGCATCCTTATTCGCCT,0.007212662186778047
103_TTAGGCATCCTTGCTAAGGA,0.02330566429370658
103_TTATGGCCTTAACATAGCCT,5.499204711193798e-05
103_TTATGGCCTTCCGCCGATAA,3.4969640652386946
103_TTATGGCCTTCGGTTGGCTA,0.10994201774829376
103_TTATGGCCTTGAATGAACGT,0.010410336852285554
103_TTATGGCCTTGAGCGGAACT,0.022552102308553198
103_TTATGGCCTTTGACAGAGGT,1.1751183422321274
103_TTATGGCCTTTGCAGGCTAC,0.2429756351151662
103_TTATGGCCTTTTACCGGACC,1.229036124665035e-05
103_TTATGGCCTTTTATGCCGCT,0.6867605937179643
103_TTATGGCCTTTTATTCGCCT,0.05402543081598036
103_TTATGGCCTTTTCTCGCCTC,0.024802841946034892
103_TTATGGCCTTTTGCTAAGGA,0.012244180664408839
103_TTCCAGCTATCAGGCTCCAA,1.7374754734391074
103_TTCCAGCTATCCGCCGATAA,1.1075956696908114
103_TTCCAGCTATCGGTTGGCTA,0.5308215949676278
103_TTCCAGCTATGAGCGGAACT,0.00035110839252090894
103_TTCCAGCTATTTATGCCGCT,0.024217159543873986
103_TTCCAGCTATTTATTCGCCT,1.7032370186646555
103_TTCCAGCTATTTCTCGCCTC,2.9114191360451858
103_TTCCGTGCTGACCTCACCAG,1.1909982597587176
103_TTCCGTGCTGAGCAACAGTA,0.002784565715915792
103_TTCCGTGCTGCCGCCGATAA,0.684387073540907
103_TTCCGTGCTGCGGTTGGCTA,0.6985210570983595
103_TTCCGTGCTGGAATGAACGT,3.1799955914194065e-05
103_TTCCGTGCTGTGACAGAGGT,3.2675517376338306
103_TTCCGTGCTGTGCAGGCTAC,0.4800520174068756
103_TTCCGTGCTGTTATGCCGCT,1.1957745810565368
103_TTCCGTGCTGTTATTCGCCT,0.0019503408094693868
103_TTCCGTGCTGTTCTCGCCTC,0.09404122885968022
103_TTCCGTGCTGTTGCTAAGGA,1.1522402652825448
103_TTCGCACGCAAACATAGCCT,2.477635077478481
103_TTCGCACGCAACCTCACCAG,0.020710102543046716
103_TTCGCACGCAAGCAACAGTA,0.005183632278026941
103_TTCGCACGCACCGCCGATAA,0.2648615424287249
103_TTCGCACGCACGGTTGGCTA,0.5159072100486991
103_TTCGCACGCAGAATGAACGT,0.36433340441955164
103_TTCGCACGCAGAGCGGAACT,0.13130237292854682
103_TTCGCACGCATGCAGGCTAC,1.7761779161058013
103_TTCGCACGCATTATGCCGCT,0.19121982746591676
103_TTCGCACGCATTATTCGCCT,0.42004844543377995
103_TTCGCACGCATTCTCGCCTC,0.12488354266409656
103_TTCGCACGCATTGCTAAGGA,0.543262344768959
103_TTGTCTGCAAAACATAGCCT,0.030241930254777467
103_TTGTCTGCAACAGGCTCCAA,1.019479194565358
103_TTGTCTGCAACCGCCGATAA,0.6142415101112622
103_TTGTCTGCAACGGTTGGCTA,0.12385817618016003
103_TTGTCTGCAAGAATGAACGT,2.87558168523221
103_TTGTCTGCAATGACAGAGGT,2.1382686414803533
103_TTGTCTGCAATGCAGGCTAC,4.015846403684296
103_TTGTCTGCAATTATTCGCCT,0.2725954622680863
103_TTGTCTGCAATTCTCGCCTC,3.4925947106972766
105_CAAGGACATCTAGGTGGCGA,2.5002234519178663
105_CAAGGACATCTAGTTAGGCT,3.264577052327389
105_CAAGGACATCTCTGCAACAA,3.367787323618945
105_CAAGGACATCTGCATCATAC,2.7614354547627498
105_CAAGGACATCTGGCCTTAAT,0.44887056349585425
105_CCGACGCATTCCGGAGCTAA,1.1282238255410895
105_CCGACGCATTCCGTGTTACT,0.020710102543046716
105_CCGACGCATTCGACGCAGAA,1.1636397876604758
105_CCGACGCATTTAGGTGGCGA,0.8283019394900442
105_CCGACGCATTTAGTTAGGCT,0.5881442182909455
105_CCGACGCATTTTCAGGAGAT,3.8733121924359595
105_CGGAGAGTCACCGGAGCTAA,6.559691796356819
105_CGGAGAGTCATGCATCATAC,0.8425818448511303
105_CGGCAAGCTACCGTGTTACT,0.7239305858184774
105_CGGCAAGCTACGACGCAGAA,1.6159137294427517
105_CGGCAAGCTACTATCTAGTG,11.392876685436736
105_CGGCAAGCTAGCACAGTATT,1.3901128409484966
105_CGGCAAGCTATAGGTGGCGA,1.0459451640661863
105_CGGCAAGCTATAGTTAGGCT,0.0024722637240979124
105_CGGCAAGCTATCTGCAACAA,0.008550862510723784
105_CTGCAAGTGCTACAACTAGC,0.0516336938567029
105_CTGCAAGTGCTAGGTGGCGA,4.004711486098323
105_CTGCAAGTGCTAGTTAGGCT,2.7575946269218856
105_CTGCAAGTGCTCTGCAACAA,3.1738805639006133
105_CTGCAAGTGCTGCATCATAC,7.243540092658315
105_CTGCAAGTGCTTACAACACG,1.4846673268779609
105_GATGGACGCTCCGGAGCTAA,4.117994234309084
105_GATGGACGCTCGACGCAGAA,0.05817252641279686
105_GATGGACGCTTACAACTAGC,0.030241930254777467
105_GATGGACGCTTAGGTGGCGA,5.696466337284794
105_GATGGACGCTTGGCCTTAAT,0.729218462887156
105_GATGGACGCTTTACAACACG,0.05660333265850275
105_GGAAGGTACGCCATCTCCGT,7.234590032078637
105_GGAAGGTACGCCGGAGCTAA,1.1419679245545957
105_GGAAGGTACGCGACGCAGAA,1.7853555862155583
105_GGAAGGTACGTAGGTGGCGA,2.106908203811813
105_GGCAATCCTCCCATCTCCGT,0.438035487349506
105_GGCAATCCTCCCGTGTTACT,17.651120223732836
105_GGCAATCCTCTGCATCATAC,0.01671525419544543
105_GGCAATCCTCTGGCCTTAAT,10.26427880482596
105_TAGAGAGATGCCATCTCCGT,1.236430432849127
105_TAGAGAGATGCCGGAGCTAA,0.6458252341673656
105_TAGAGAGATGCGACGCAGAA,0.15506132767756484
105_TAGAGAGATGTACAACTAGC,0.5458825254074811
105_TAGAGAGATGTCTGCAACAA,0.0008345433859640243
105_TAGAGAGATGTTCAGGAGAT,0.283595736418831
105_TAGATCTCTCCCATCTCCGT,0.5869221825586205
105_TAGATCTCTCCCGGAGCTAA,0.088283474195748
105_TAGATCTCTCTAGGTGGCGA,0.7291416838596588
105_TAGATCTCTCTTCAGGAGAT,1.2938698354387694
105_TAGCTCCAGACCGTGTTACT,0.2533127146520265
105_TAGCTCCAGACTCTTATTCG,0.9890850688396683
105_TAGCTCCAGATAGGTGGCGA,0.3645561767217098
105_TAGCTCCAGATGCATCATAC,5.074660658490722
105_TAGCTCCAGATGGCCTTAAT,4.654843187795954
105_TAGCTCCAGATTCAGGAGAT,0.18797002820577555
105_TCCGGATTCGCCATCTCCGT,4.2803451395309295
105_TCCGGATTCGCCGGAGCTAA,0.022988364165757856
105_TCCGGATTCGCCGTGTTACT,0.5097848879886271
105_TCCGGATTCGCGACGCAGAA,0.28352857715718843
105_TCCGGATTCGTAGGTGGCGA,0.5132982793901327
105_TCCGGATTCGTCTGCAACAA,0.6542858357999187
105_TCCGGATTCGTGGCCTTAAT,1.212694383823563
105_TCCGGATTCGTTACAACACG,0.3437864516058741
105_TCCGGATTCGTTCAGGAGAT,0.24781473746197005
105_TCCGGATTCGTTCTCTGATC,0.0013595658035864787
105_TCGTGAAGCGCCGGAGCTAA,0.5130821879004333
105_TCGTGAAGCGCCGTGTTACT,0.29413478365583234
105_TCGTGAAGCGCGACGCAGAA,1.6290652740528133
105_TCGTGAAGCGCTATCTAGTG,0.010628272796584503
105_TCGTGAAGCGCTCTTATTCG,0.007212662186778047
105_TCGTGAAGCGTACAACTAGC,0.3087918767829562
105_TCGTGAAGCGTAGTTAGGCT,0.8173259303994824
105_TCGTGAAGCGTCTGCAACAA,0.13525699517709314
105_TCGTGAAGCGTGCATCATAC,0.0012487886523195348
105_TCGTGAAGCGTTACAACACG,0.05801542725609072
105_TCGTGAAGCGTTCAGGAGAT,0.049729211106254945
105_TCTGCGTTAACCGTGTTACT,0.9812160370599181
105_TCTGCGTTAACGACGCAGAA,0.32091458611240553
105_TCTGCGTTAATACAACTAGC,1.028656909551871
105_TCTGCGTTAATAGGTGGCGA,0.13085905905051534
105_TCTGCGTTAATGCATCATAC,1.1789310846002516
105_TCTGCGTTAATTACAACACG,0.004686796538761531
105_TGACACCGTACCATCTCCGT,8.601497602866512e-05
105_TGACACCGTACCGGAGCTAA,0.005274663607116572
105_TGACACCGTACCGTGTTACT,0.02304822512559851
105_TGACACCGTACGACGCAGAA,0.13453471338710174
105_TGACACCGTACTCTTATTCG,0.0009412304456246868
105_TGACACCGTATACAACTAGC,9.866984744601905e-05
105_TGACACCGTATAGGTGGCGA,2.7072260020207692
105_TGACACCGTATAGTTAGGCT,0.07691789396129307
105_TGACACCGTATCTGCAACAA,0.0013308033279581185
105_TGACACCGTATGCATCATAC,0.0026815012564301087
105_TGACACCGTATGGCCTTAAT,0.00040011501742974947
105_TGACACCGTATTACAACACG,0.001667654435206014
105_TGACACCGTATTCTCTGATC,0.0007241948664224681
105_TGACCATGAACCGGAGCTAA,0.0007000055563311482
105_TGACCATGAACGACGCAGAA,1.70378014220336e-05
105_TGACCATGAACTATCTAGTG,0.06421603971856293
105_TGACCATGAATACAACTAGC,1.1659254977913407
105_TGACCATGAATCTGCAACAA,5.653094149758119
105_TGACCATGAATGCATCATAC,0.0028014733835376106
105_TGACCATGAATGGCCTTAAT,0.19997138988985946
105_TGACCATGAATTACAACACG,0.1034101512902446
105_TGACCATGAATTCTCTGATC,0.011854348991380844
105_TGATGGAGAACCATCTCCGT,1.843037859403123
105_TGATGGAGAACCGGAGCTAA,0.6368850690497965
105_TGATGGAGAACCGTGTTACT,0.3557585881504831
105_TGATGGAGAACGACGCAGAA,0.283595736418831
105_TGATGGAGAACTATCTAGTG,8.28660987898354
105_TGATGGAGAAGCACAGTATT,0.08516195267888592
105_TGATGGAGAATACAACTAGC,0.014596029410017166
105_TGATGGAGAATAGGTGGCGA,0.007212662186778047
105_TGATGGAGAATAGTTAGGCT,1.4499746200942707
105_TGATGGAGAATGGCCTTAAT,0.20559711810337702
105_TGATGGAGAATTCAGGAGAT,7.065829826220154
105_TTAGGCATCCCCGGAGCTAA,0.1916970995574639
105_TTAGGCATCCCCGTGTTACT,0.009988246574225042
105_TTAGGCATCCCGACGCAGAA,0.013114953490075871
105_TTAGGCATCCCTATCTAGTG,0.11098996686353288
105_TTAGGCATCCCTCTTATTCG,0.06221448916442593
105_TTAGGCATCCTAGGTGGCGA,0.4875935013343606
105_TTAGGCATCCTAGTTAGGCT,0.014257113968946295
105_TTAGGCATCCTCTGCAACAA,0.0004972702600092108
105_TTAGGCATCCTGCATCATAC,0.19805992093576658
105_TTAGGCATCCTGGCCTTAAT,0.003994517291742451
105_TTAGGCATCCTTCAGGAGAT,0.0709510166313951
105_TTAGGCATCCTTCTCTGATC,0.0008345433859640243
105_TTATGGCCTTCCATCTCCGT,0.02472842227439374
105_TTATGGCCTTCCGTGTTACT,2.5813626351309056
105_TTATGGCCTTCGACGCAGAA,0.016830738384472153
105_TTATGGCCTTCTCTTATTCG,0.0037074234852730063
105_TTATGGCCTTTACAACTAGC,0.030241930254777467
105_TTATGGCCTTTAGTTAGGCT,0.00458289564646133
105_TTATGGCCTTTCTGCAACAA,1.5262938059841002
105_TTATGGCCTTTGCATCATAC,8.357769427048744e-07
105_TTATGGCCTTTGGCCTTAAT,3.7218004070645376
105_TTATGGCCTTTTCAGGAGAT,0.05385050359352775
105_TTATGGCCTTTTCTCTGATC,0.11852843001635063
105_TTCCAGCTATTACAACTAGC,0.030241930254777467
105_TTCCAGCTATTAGGTGGCGA,0.6226126752559482
105_TTCCAGCTATTGCATCATAC,2.440116888861218
105_TTCCAGCTATTTCAGGAGAT,1.3559082512125098
105_TTCCGTGCTGCCGGAGCTAA,0.05236177749125323
105_TTCCGTGCTGCTCTTATTCG,0.35387045726261995
105_TTCCGTGCTGTGGCCTTAAT,0.012243550074870818
105_TTCCGTGCTGTTACAACACG,0.001667654435206014
105_TTCGCACGCACCGTGTTACT,0.9427009463510083
105_TTCGCACGCATACAACTAGC,0.01027095000409489
105_TTCGCACGCATTCAGGAGAT,0.02989927825813058
105_TTGTCTGCAATACAACTAGC,3.286666104854554
105_TTGTCTGCAATAGTTAGGCT,4.914591611706609
