Cell_ID,mitea_activity
101_CAAGGACATCAGCCTTAGCG,3.5324541255783775
101_CAAGGACATCAGCTTAGAGG,7.341575677521186e-06
101_CAAGGACATCATGTCCACCG,3.896730857186037
101_CAAGGACATCCCAAGCTCAG,2.8571378284470126
101_CAAGGACATCCCGGATTAAT,1.8512183357696845
101_CAAGGACATCCTCAATGCTC,1.9399369464882454
101_CAAGGACATCGAAGTGACTC,4.65900358738649
101_CAAGGACATCTAATCACCAC,0.022971121669903154
101_CAAGGACATCTGGCGCATCT,0.005474192840606966
101_CAAGGACATCTTACGGAGTC,1.4616921624479655
101_CAAGGACATCTTATCGCTGG,0.46013840507789266
101_CAAGGACATCTTCTCCATTC,2.167899771237124
101_CAAGGACATCTTCTTGAGTG,4.0471970190372755
101_CAAGGACATCTTGACAGCCT,4.776808049610263
101_CAAGGACATCTTGTCGATAG,3.5447168218577456
101_CCGACGCATTAGCCTTAGCG,1.0864181543538678
101_CCGACGCATTATGTCCACCG,0.005239853610358821
101_CCGACGCATTCAAGAGCTGG,5.667984599308629
101_CCGACGCATTCCAAGCTCAG,3.1424731018170524
101_CCGACGCATTCCGGATTAAT,1.022079587674182
101_CCGACGCATTCTCAATGCTC,0.14214811199196056
101_CCGACGCATTGAAGTGACTC,0.25765992352086525
101_CCGACGCATTTAATCACCAC,2.5983919434303404
101_CCGACGCATTTGGCGCATCT,2.911488847575443
101_CCGACGCATTTTACGGAGTC,2.455324988365507
101_CCGACGCATTTTATCGCTGG,3.4429226956508314
101_CCGACGCATTTTCTCCATTC,4.204022871752935
101_CCGACGCATTTTCTTGAGTG,1.4117449792304593
101_CCGACGCATTTTGACAGCCT,1.254615098162515
101_CCGACGCATTTTGTCGATAG,0.0029659720182928172
101_CGGAGAGTCAAGCCTTAGCG,3.387735467075807
101_CGGAGAGTCAAGCTTAGAGG,3.7050276099225354
101_CGGAGAGTCAATGTCCACCG,0.014661173624010405
101_CGGAGAGTCACAAGAGCTGG,2.1726923468689994
101_CGGAGAGTCACCAAGCTCAG,0.16832889553112584
101_CGGAGAGTCACCGGATTAAT,0.7063108390696763
101_CGGAGAGTCACTCAATGCTC,0.15785574133959734
101_CGGAGAGTCAGAAGTGACTC,2.1077867749290786
101_CGGAGAGTCATAATCACCAC,4.134345749394234
101_CGGAGAGTCATGGCGCATCT,1.9540887837705965
101_CGGAGAGTCATTACGGAGTC,0.4641172220863202
101_CGGAGAGTCATTATCGCTGG,1.611247718508307
101_CGGAGAGTCATTCTCCATTC,2.2320738140284444
101_CGGAGAGTCATTCTTGAGTG,0.0002383462647554716
101_CGGAGAGTCATTGACAGCCT,4.6537077623034
101_CGGAGAGTCATTGTCGATAG,0.0004398951939518073
101_CGGCAAGCTAAGCCTTAGCG,2.371483733360594
101_CGGCAAGCTAAGCTTAGAGG,4.8911601436420415
101_CGGCAAGCTAATGTCCACCG,0.0006001576051272914
101_CGGCAAGCTACAAGAGCTGG,4.810925509289426
101_CGGCAAGCTACCAAGCTCAG,0.8984892620909817
101_CGGCAAGCTACCGGATTAAT,1.3527390132785062
101_CGGCAAGCTACTCAATGCTC,1.7427011804652641
101_CGGCAAGCTAGAAGTGACTC,0.22804519974680781
101_CGGCAAGCTATGGCGCATCT,2.343534322755485
101_CGGCAAGCTATTACGGAGTC,1.3778423284380863
101_CGGCAAGCTATTCTCCATTC,1.8089076601325527
101_CGGCAAGCTATTCTTGAGTG,1.3875143819541418
101_CGGCAAGCTATTGACAGCCT,0.0006064877455181931
101_CGGCAAGCTATTGTCGATAG,1.2169859286256721
101_CTGCAAGTGCAGCCTTAGCG,0.25915540456001246
101_CTGCAAGTGCATGTCCACCG,4.150443501602277
101_CTGCAAGTGCCAAGAGCTGG,0.19623459462566883
101_CTGCAAGTGCCCAAGCTCAG,4.044796937671574
101_CTGCAAGTGCCCGGATTAAT,0.005543886002429087
101_CTGCAAGTGCCTCAATGCTC,3.872754334175665
101_CTGCAAGTGCGAAGTGACTC,2.1900257241320906
101_CTGCAAGTGCTAATCACCAC,0.0015098253322755445
101_CTGCAAGTGCTGGCGCATCT,1.9182059530018025
101_CTGCAAGTGCTTACGGAGTC,2.860141463881548
101_CTGCAAGTGCTTATCGCTGG,0.05745055312718769
101_CTGCAAGTGCTTCTCCATTC,1.5040192539417157
101_CTGCAAGTGCTTCTTGAGTG,0.6257311184438116
101_CTGCAAGTGCTTGACAGCCT,0.4757683088462311
101_CTGCAAGTGCTTGTCGATAG,3.715541810805047
101_GATGGACGCTAGCCTTAGCG,3.868395678533598
101_GATGGACGCTATGTCCACCG,0.010396635117047323
101_GATGGACGCTCAAGAGCTGG,1.8902522318787933
101_GATGGACGCTCCAAGCTCAG,1.4918770182578494
101_GATGGACGCTCCGGATTAAT,0.19424890095682312
101_GATGGACGCTCTCAATGCTC,0.9296014335411487
101_GATGGACGCTGAAGTGACTC,4.991250770042895
101_GATGGACGCTTAATCACCAC,1.6658189149089073
101_GATGGACGCTTGGCGCATCT,0.030401103615396247
101_GATGGACGCTTTACGGAGTC,0.4141431652911911
101_GATGGACGCTTTATCGCTGG,1.4987063718449356
101_GATGGACGCTTTCTCCATTC,2.3555773315919053
101_GATGGACGCTTTGACAGCCT,2.4475298221714348
101_GATGGACGCTTTGTCGATAG,2.8867838274740545
101_GGAAGGTACGAGCCTTAGCG,1.8450566576241467
101_GGAAGGTACGAGCTTAGAGG,2.8824437658489206
101_GGAAGGTACGATGTCCACCG,4.818914659254836
101_GGAAGGTACGCAAGAGCTGG,1.7771003342966434
101_GGAAGGTACGCCAAGCTCAG,1.609457542547264
101_GGAAGGTACGCCGGATTAAT,5.036261310564396
101_GGAAGGTACGCTCAATGCTC,0.10074484790371346
101_GGAAGGTACGGAAGTGACTC,3.602368975305638
101_GGAAGGTACGTAATCACCAC,0.03797126921615566
101_GGAAGGTACGTGGCGCATCT,0.39788938939117446
101_GGAAGGTACGTTATCGCTGG,2.3265078547043583
101_GGAAGGTACGTTCTCCATTC,0.0955827608931562
101_GGAAGGTACGTTCTTGAGTG,2.3309068199615917
101_GGAAGGTACGTTGACAGCCT,1.061200695646718
101_GGAAGGTACGTTGTCGATAG,1.7673157501345234
101_GGCAATCCTCAGCCTTAGCG,0.7654734619697898
101_GGCAATCCTCAGCTTAGAGG,0.09780254610252398
101_GGCAATCCTCCAAGAGCTGG,0.8858479468530374
101_GGCAATCCTCCCAAGCTCAG,2.8861656463968366
101_GGCAATCCTCGAAGTGACTC,2.619782362274425
101_GGCAATCCTCTAATCACCAC,0.028122407332087995
101_GGCAATCCTCTGGCGCATCT,4.798114067440825
101_GGCAATCCTCTTACGGAGTC,0.0006569174461614294
101_GGCAATCCTCTTCTCCATTC,2.289249238410223
101_GGCAATCCTCTTCTTGAGTG,3.692371788874791
101_GGCAATCCTCTTGACAGCCT,0.4465942102576033
101_GGCAATCCTCTTGTCGATAG,0.06699502269286774
101_TACGCTACTAAGCTTAGAGG,0.012134023457438102
101_TACGCTACTAATGTCCACCG,0.06915920850650377
101_TACGCTACTACAAGAGCTGG,4.9923944252818595
101_TACGCTACTACCAAGCTCAG,0.78851421453852
101_TACGCTACTACCGGATTAAT,0.000544227799945875
101_TACGCTACTACTCAATGCTC,4.020162696237838
101_TACGCTACTAGAAGTGACTC,0.2363987042488805
101_TACGCTACTATGGCGCATCT,3.9642083079245696
101_TACGCTACTATTCTCCATTC,3.413674812314709
101_TACGCTACTATTCTTGAGTG,2.256819158871494
101_TACGCTACTATTGACAGCCT,4.027720190768463
101_TACGCTACTATTGTCGATAG,1.9845474337569868
101_TAGAGAGATGAGCCTTAGCG,3.4919151527707234e-05
101_TAGAGAGATGATGTCCACCG,8.00882283568879e-05
101_TAGAGAGATGCAAGAGCTGG,0.0023821036794749555
101_TAGAGAGATGCCAAGCTCAG,5.822964166261771e-07
101_TAGAGAGATGCCGGATTAAT,0.0012648955230245961
101_TAGAGAGATGCTCAATGCTC,5.225951105730377e-05
101_TAGAGAGATGGAAGTGACTC,0.006887180782606911
101_TAGAGAGATGTTACGGAGTC,0.0006253420183920414
101_TAGAGAGATGTTATCGCTGG,4.866287501328157e-07
101_TAGAGAGATGTTCTCCATTC,0.13580953208816626
101_TAGAGAGATGTTCTTGAGTG,0.012301735146740999
101_TAGAGAGATGTTGACAGCCT,0.11546520634984471
101_TAGAGAGATGTTGTCGATAG,0.003493346379634612
101_TAGATCTCTCAGCCTTAGCG,9.19952450341679
101_TAGATCTCTCAGCTTAGAGG,0.03569332122182546
101_TAGATCTCTCCAAGAGCTGG,3.0683030099296564
101_TAGATCTCTCCCAAGCTCAG,3.666526790301917
101_TAGATCTCTCCCGGATTAAT,0.7432839987007583
101_TAGATCTCTCCTCAATGCTC,1.9563845659473889
101_TAGATCTCTCGAAGTGACTC,1.85968408445121
101_TAGATCTCTCTAATCACCAC,0.05010160074293635
101_TAGATCTCTCTGGCGCATCT,0.02739152772276327
101_TAGATCTCTCTTACGGAGTC,3.274100642566621
101_TAGATCTCTCTTATCGCTGG,3.5124780660045376
101_TAGATCTCTCTTCTCCATTC,3.035064182227401
101_TAGATCTCTCTTGACAGCCT,1.4623019361011127
101_TAGATCTCTCTTGTCGATAG,4.197811799366199
101_TAGCTCCAGAATGTCCACCG,0.20815234927497175
101_TAGCTCCAGACAAGAGCTGG,2.017341256182136
101_TAGCTCCAGACCGGATTAAT,0.8822236652538034
101_TAGCTCCAGACTCAATGCTC,0.7351349856104126
101_TAGCTCCAGAGAAGTGACTC,1.1009085418801607
101_TAGCTCCAGATAATCACCAC,2.5189862490383885
101_TAGCTCCAGATGGCGCATCT,8.00882283568879e-05
101_TAGCTCCAGATTACGGAGTC,2.3297249895064893
101_TAGCTCCAGATTATCGCTGG,0.5589863700609663
101_TAGCTCCAGATTCTCCATTC,0.44073804861503596
101_TAGCTCCAGATTCTTGAGTG,3.3784358440082456
101_TAGCTCCAGATTGACAGCCT,3.8390515631026685
101_TAGCTCCAGATTGTCGATAG,3.4626268664079873
101_TCCGGATTCGAGCCTTAGCG,0.3831218635912012
101_TCCGGATTCGAGCTTAGAGG,0.16943518906410363
101_TCCGGATTCGATGTCCACCG,1.1340132820785862
101_TCCGGATTCGCAAGAGCTGG,3.489972083389042
101_TCCGGATTCGCCAAGCTCAG,0.40099737080025855
101_TCCGGATTCGCCGGATTAAT,0.8549439672624426
101_TCCGGATTCGCTCAATGCTC,0.000676921364493274
101_TCCGGATTCGGAAGTGACTC,5.312629124920454
101_TCCGGATTCGTAATCACCAC,0.04265135602906434
101_TCCGGATTCGTGGCGCATCT,0.7963388478585731
101_TCCGGATTCGTTACGGAGTC,2.866700564256864
101_TCCGGATTCGTTATCGCTGG,4.11724484602089
101_TCCGGATTCGTTCTCCATTC,0.04638106380742695
101_TCCGGATTCGTTCTTGAGTG,0.3977267311526342
101_TCCGGATTCGTTGTCGATAG,0.015596941242258508
101_TCGTGAAGCGAGCCTTAGCG,0.0007559748853091924
101_TCGTGAAGCGAGCTTAGAGG,6.586709745644705e-06
101_TCGTGAAGCGCAAGAGCTGG,0.13190092475644283
101_TCGTGAAGCGCCAAGCTCAG,0.002622968529106734
101_TCGTGAAGCGCCGGATTAAT,0.01385194467502232
101_TCGTGAAGCGCTCAATGCTC,0.01828206977854647
101_TCGTGAAGCGGAAGTGACTC,0.012457574611178211
101_TCGTGAAGCGTAATCACCAC,0.015341000996974394
101_TCGTGAAGCGTGGCGCATCT,0.013672691172548325
101_TCGTGAAGCGTTACGGAGTC,1.0048820069672293e-06
101_TCGTGAAGCGTTCTCCATTC,0.0737141834096704
101_TCGTGAAGCGTTCTTGAGTG,1.1077616033070925e-05
101_TCGTGAAGCGTTGACAGCCT,1.82394996400918e-05
101_TCGTGAAGCGTTGTCGATAG,0.006602206263049845
101_TCTGCGTTAAAGCCTTAGCG,0.3429383916426264
101_TCTGCGTTAACCAAGCTCAG,6.0046176993232185
101_TCTGCGTTAACCGGATTAAT,0.29496016401468156
101_TCTGCGTTAACTCAATGCTC,1.0705814450099278
101_TCTGCGTTAAGAAGTGACTC,5.1468827351494655
101_TCTGCGTTAATAATCACCAC,0.07482432953752748
101_TCTGCGTTAATGGCGCATCT,2.9251536955217725
101_TCTGCGTTAATTACGGAGTC,3.156999606347304
101_TCTGCGTTAATTATCGCTGG,4.484685582025608
101_TCTGCGTTAATTCTCCATTC,0.41900433406201754
101_TCTGCGTTAATTGACAGCCT,2.594116038910014
101_TCTGCGTTAATTGTCGATAG,2.234775889065346
101_TGACACCGTAAGCCTTAGCG,0.0003985693827517002
101_TGACACCGTAAGCTTAGAGG,0.0011139946264718285
101_TGACACCGTAATGTCCACCG,1.2294098735354573e-05
101_TGACACCGTACAAGAGCTGG,1.511608058326466e-05
101_TGACACCGTACCAAGCTCAG,0.01385194467502232
101_TGACACCGTACCGGATTAAT,0.28899278209101764
101_TGACACCGTACTCAATGCTC,0.05577255013875792
101_TGACACCGTAGAAGTGACTC,1.704967560440276e-09
101_TGACACCGTATAATCACCAC,0.00825347449163382
101_TGACACCGTATGGCGCATCT,0.3831218635912012
101_TGACACCGTATTACGGAGTC,0.005966938699165443
101_TGACACCGTATTATCGCTGG,0.0016376469667412975
101_TGACACCGTATTCTCCATTC,0.0009950939412980385
101_TGACACCGTATTGACAGCCT,0.0003271495017564307
101_TGACACCGTATTGTCGATAG,0.000583308082499406
101_TGACCATGAAAGCCTTAGCG,0.011613399020974718
101_TGACCATGAAAGCTTAGAGG,0.07174961084530938
101_TGACCATGAAATGTCCACCG,6.805965855642882e-05
101_TGACCATGAACAAGAGCTGG,0.0001593139077773826
101_TGACCATGAACCAAGCTCAG,0.002521203268895687
101_TGACCATGAACCGGATTAAT,0.0001282879918903554
101_TGACCATGAACTCAATGCTC,0.001133335847582072
101_TGACCATGAAGAAGTGACTC,0.001406921389105678
101_TGACCATGAATAATCACCAC,0.052531736210676076
101_TGACCATGAATGGCGCATCT,0.022686214560659453
101_TGACCATGAATTACGGAGTC,0.0007559748853091924
101_TGACCATGAATTATCGCTGG,0.00010238995738863861
101_TGACCATGAATTCTCCATTC,0.12255083160212205
101_TGACCATGAATTCTTGAGTG,1.2512387805734375e-05
101_TGACCATGAATTGACAGCCT,0.02133579840714416
101_TGACCATGAATTGTCGATAG,0.3831218635912012
101_TGATGGAGAAAGCCTTAGCG,2.5848402899261465
101_TGATGGAGAAAGCTTAGAGG,2.1015621783641016
101_TGATGGAGAACAAGAGCTGG,7.328957650959126
101_TGATGGAGAACCAAGCTCAG,1.0773201155510224
101_TGATGGAGAACCGGATTAAT,1.806396448977911
101_TGATGGAGAACTCAATGCTC,1.3985663762535507
101_TGATGGAGAAGAAGTGACTC,1.902327796095251
101_TGATGGAGAATAATCACCAC,0.6974968573729625
101_TGATGGAGAATGGCGCATCT,1.8836665573679952
101_TGATGGAGAATTACGGAGTC,1.82394996400918e-05
101_TGATGGAGAATTATCGCTGG,3.0691407138187214
101_TGATGGAGAATTCTCCATTC,0.05756471525696569
101_TGATGGAGAATTCTTGAGTG,0.9399788262076082
101_TGATGGAGAATTGACAGCCT,1.0046843967948726
101_TGATGGAGAATTGTCGATAG,3.1362530352271643
101_TTAGGCATCCAGCTTAGAGG,0.00018418285052056152
101_TTAGGCATCCATGTCCACCG,0.007659302703266106
101_TTAGGCATCCCAAGAGCTGG,0.046565040344141544
101_TTAGGCATCCCCAAGCTCAG,0.04168286086474531
101_TTAGGCATCCCCGGATTAAT,0.005543886002429087
101_TTAGGCATCCCTCAATGCTC,0.0013596599583300222
101_TTAGGCATCCGAAGTGACTC,0.0017233358740414864
101_TTAGGCATCCTAATCACCAC,3.727551507487575e-05
101_TTAGGCATCCTGGCGCATCT,0.03227566738626057
101_TTAGGCATCCTTACGGAGTC,0.035140655431212815
101_TTAGGCATCCTTATCGCTGG,0.0005818464703285364
101_TTAGGCATCCTTCTCCATTC,0.005543886002429087
101_TTAGGCATCCTTGACAGCCT,0.0005492455931135815
101_TTAGGCATCCTTGTCGATAG,0.03663190332915778
101_TTATGGCCTTAGCCTTAGCG,0.019585109522207038
101_TTATGGCCTTAGCTTAGAGG,0.04638106380742695
101_TTATGGCCTTATGTCCACCG,2.4789171511058678e-05
101_TTATGGCCTTCAAGAGCTGG,0.0003731381127086612
101_TTATGGCCTTCCAAGCTCAG,0.0014224663719477927
101_TTATGGCCTTCTCAATGCTC,1.4490399832666772
101_TTATGGCCTTGAAGTGACTC,0.0018576888076063368
101_TTATGGCCTTTGGCGCATCT,1.142733608341031e-05
101_TTATGGCCTTTTACGGAGTC,0.008554258478287826
101_TTATGGCCTTTTATCGCTGG,0.05010160074293635
101_TTATGGCCTTTTCTCCATTC,0.07482432953752748
101_TTATGGCCTTTTCTTGAGTG,0.00023505442430102235
101_TTATGGCCTTTTGACAGCCT,0.013467630173734372
101_TTATGGCCTTTTGTCGATAG,0.10309091264697576
101_TTCCAGCTATAGCCTTAGCG,1.113801457203955
101_TTCCAGCTATAGCTTAGAGG,2.901312909891768
101_TTCCAGCTATATGTCCACCG,1.084990974563235
101_TTCCAGCTATCAAGAGCTGG,6.565075334592592e-05
101_TTCCAGCTATCCAAGCTCAG,0.06962926324516919
101_TTCCAGCTATCCGGATTAAT,0.0002884877208408425
101_TTCCAGCTATCTCAATGCTC,2.1346485032949656
101_TTCCAGCTATTAATCACCAC,0.017379077350975266
101_TTCCAGCTATTGGCGCATCT,0.004397360792244279
101_TTCCAGCTATTTACGGAGTC,0.12463553483961592
101_TTCCAGCTATTTCTCCATTC,0.0700796643026661
101_TTCCAGCTATTTGACAGCCT,8.957598001767803
101_TTCCAGCTATTTGTCGATAG,0.0010629337552841031
101_TTCCGTGCTGAGCCTTAGCG,0.03411249872658175
101_TTCCGTGCTGAGCTTAGAGG,0.053547513921814366
101_TTCCGTGCTGATGTCCACCG,0.01629456504620503
101_TTCCGTGCTGCAAGAGCTGG,0.035251993189955165
101_TTCCGTGCTGCCAAGCTCAG,0.9471540283659339
101_TTCCGTGCTGCCGGATTAAT,0.2319454461654888
101_TTCCGTGCTGCTCAATGCTC,0.002581637091882098
101_TTCCGTGCTGGAAGTGACTC,0.05577255013875792
101_TTCCGTGCTGTAATCACCAC,1.670112393654068
101_TTCCGTGCTGTGGCGCATCT,4.188350960822379
101_TTCCGTGCTGTTACGGAGTC,2.4116338366712506
101_TTCCGTGCTGTTATCGCTGG,0.03009026735958762
101_TTCCGTGCTGTTCTTGAGTG,5.80094750723288
101_TTCCGTGCTGTTGACAGCCT,0.014125726524311114
101_TTCCGTGCTGTTGTCGATAG,5.362059581362919
101_TTCGCACGCAAGCCTTAGCG,0.8347322999224936
101_TTCGCACGCAAGCTTAGAGG,2.545203077378401
101_TTCGCACGCAATGTCCACCG,0.007660830791844778
101_TTCGCACGCACAAGAGCTGG,2.617623562728728
101_TTCGCACGCACCAAGCTCAG,0.10494635647319263
101_TTCGCACGCACCGGATTAAT,1.8819778902998865
101_TTCGCACGCACTCAATGCTC,3.2649127638049755
101_TTCGCACGCAGAAGTGACTC,5.700836017009249
101_TTCGCACGCATGGCGCATCT,0.31330708832456294
101_TTCGCACGCATTACGGAGTC,1.3539150295737297
101_TTCGCACGCATTATCGCTGG,1.8388615372724084
101_TTCGCACGCATTCTCCATTC,0.0036473929061938723
101_TTCGCACGCATTCTTGAGTG,2.3041514198241617
101_TTCGCACGCATTGACAGCCT,3.088136429400722
101_TTCGCACGCATTGTCGATAG,0.41170759116502026
101_TTGTCTGCAAAGCCTTAGCG,3.661710360519441
101_TTGTCTGCAAATGTCCACCG,1.9167104796792733
101_TTGTCTGCAACAAGAGCTGG,0.3965187802788725
101_TTGTCTGCAACCAAGCTCAG,4.199429262145189
101_TTGTCTGCAACCGGATTAAT,3.5799854646576237
101_TTGTCTGCAACTCAATGCTC,0.7053463378213681
101_TTGTCTGCAAGAAGTGACTC,2.1015451735952864
101_TTGTCTGCAATGGCGCATCT,5.0910689299186975
101_TTGTCTGCAATTACGGAGTC,0.3831218635912012
101_TTGTCTGCAATTATCGCTGG,0.002749660473580926
101_TTGTCTGCAATTCTTGAGTG,3.924803497086858
101_TTGTCTGCAATTGACAGCCT,0.17836882094749903
101_TTGTCTGCAATTGTCGATAG,1.4132145780043237
103_CAAGGACATCACCTCACCAG,1.8500629266825026
103_CAAGGACATCAGCAACAGTA,2.9713004080525454
103_CAAGGACATCAGGCGGATCA,1.9533667980279938
103_CAAGGACATCCCGCCGATAA,1.3085568557385396
103_CAAGGACATCCGGTTGGCTA,0.5506801203645225
103_CAAGGACATCGAATGAACGT,2.4246252858722674
103_CAAGGACATCGAGCGGAACT,1.8360843637987208
103_CAAGGACATCTGACAGAGGT,1.9936674579561395
103_CAAGGACATCTGCAGGCTAC,4.317425079394153e-05
103_CAAGGACATCTTATGCCGCT,1.4320366289528816
103_CAAGGACATCTTATTCGCCT,0.8928462797929804
103_CAAGGACATCTTCTCGCCTC,0.16459340213017237
103_CAAGGACATCTTGCTAAGGA,3.055422546201131
103_CCGACGCATTACCTCACCAG,1.800546777271621
103_CCGACGCATTCCGCCGATAA,1.7076886051565265
103_CCGACGCATTCGGTTGGCTA,1.1430078432288013
103_CCGACGCATTGAATGAACGT,0.8442770782290152
103_CCGACGCATTGAGCGGAACT,1.4542245772727924
103_CCGACGCATTTGACAGAGGT,2.109782694935118
103_CCGACGCATTTGCAGGCTAC,1.6851034816317598
103_CCGACGCATTTTATGCCGCT,0.15216463229989058
103_CCGACGCATTTTATTCGCCT,0.5761678842160242
103_CCGACGCATTTTCTCGCCTC,1.0024094986688086
103_CGGAGAGTCAACCTCACCAG,2.2470185930587534
103_CGGAGAGTCAAGGCGGATCA,1.4708598033774396
103_CGGAGAGTCACCGCCGATAA,2.124748672944262
103_CGGAGAGTCAGAATGAACGT,2.0026256995818152
103_CGGAGAGTCATGACAGAGGT,1.0166204681749589
103_CGGAGAGTCATGCAGGCTAC,0.046877520719611585
103_CGGAGAGTCATTACCGGACC,1.8701527062616166
103_CGGAGAGTCATTATGCCGCT,0.00011294983828112788
103_CGGAGAGTCATTATTCGCCT,1.1967212246542196
103_CGGAGAGTCATTCTCGCCTC,1.7127223145422543
103_CGGAGAGTCATTGCTAAGGA,2.155933243829622
103_CGGCAAGCTAAACATAGCCT,4.412198366900893
103_CGGCAAGCTAACCTCACCAG,1.7442085206038809
103_CGGCAAGCTAAGCAACAGTA,0.2987238315071099
103_CGGCAAGCTAAGGCGGATCA,0.5173880530127661
103_CGGCAAGCTACCGCCGATAA,0.15772652944832705
103_CGGCAAGCTAGAATGAACGT,2.0804070412207336
103_CGGCAAGCTAGAGCGGAACT,0.22036835159810925
103_CGGCAAGCTATGACAGAGGT,0.036938480962114745
103_CGGCAAGCTATGCAGGCTAC,0.011127182902547612
103_CGGCAAGCTATTCTCGCCTC,1.5500821661547792
103_CGGCAAGCTATTGCTAAGGA,1.6328912827045619
103_CTGCAAGTGCAACATAGCCT,0.045581341797526743
103_CTGCAAGTGCACCTCACCAG,0.38064842315432235
103_CTGCAAGTGCCCGCCGATAA,1.4319304194592348
103_CTGCAAGTGCGAATGAACGT,3.4239079283714036
103_CTGCAAGTGCTGACAGAGGT,0.03448664498197956
103_CTGCAAGTGCTGCAGGCTAC,0.6459757261955578
103_CTGCAAGTGCTTACCGGACC,0.01764475088820678
103_CTGCAAGTGCTTATGCCGCT,3.260693801628726
103_CTGCAAGTGCTTATTCGCCT,2.3773558252388587
103_CTGCAAGTGCTTGCTAAGGA,2.185229966579981
103_GATGGACGCTAACATAGCCT,0.29874939452115146
103_GATGGACGCTACCTCACCAG,0.004662507055338402
103_GATGGACGCTAGCAACAGTA,0.005857400084275111
103_GATGGACGCTCCGCCGATAA,0.8892898973832627
103_GATGGACGCTCGGTTGGCTA,0.8302924591843021
103_GATGGACGCTGAATGAACGT,0.16177823265647473
103_GATGGACGCTGAGCGGAACT,0.0347163850789108
103_GATGGACGCTTGACAGAGGT,1.286907411941668
103_GATGGACGCTTGCAGGCTAC,1.9371117631336592
103_GATGGACGCTTTATGCCGCT,0.5489328141361502
103_GATGGACGCTTTCTCGCCTC,1.122490472141358
103_GGAAGGTACGAACATAGCCT,2.5674502607345535
103_GGAAGGTACGACCTCACCAG,0.039367961599249005
103_GGAAGGTACGCCGCCGATAA,0.998221241954211
103_GGAAGGTACGCGGTTGGCTA,3.702867175881609
103_GGAAGGTACGGAATGAACGT,0.1308457246434101
103_GGAAGGTACGTGACAGAGGT,0.16003848431153303
103_GGAAGGTACGTGCAGGCTAC,1.9125672270736473
103_GGAAGGTACGTTATGCCGCT,0.661155911805912
103_GGAAGGTACGTTATTCGCCT,0.2955424306680953
103_GGAAGGTACGTTCTCGCCTC,0.10558222650633858
103_GGCAATCCTCACCTCACCAG,0.4961301556862343
103_GGCAATCCTCAGGCGGATCA,0.0271509301837898
103_GGCAATCCTCCAGGCTCCAA,0.0008118390618568807
103_GGCAATCCTCCCGCCGATAA,0.1703484795311351
103_GGCAATCCTCGAATGAACGT,2.8206489611565804
103_GGCAATCCTCGAGCGGAACT,2.3736659058480654
103_GGCAATCCTCTGACAGAGGT,0.18408152151825463
103_GGCAATCCTCTGCAGGCTAC,0.20951961967072885
103_GGCAATCCTCTTACCGGACC,4.367615770912271
103_GGCAATCCTCTTATTCGCCT,1.5933473583180813
103_GGCAATCCTCTTCTCGCCTC,0.053547513921814366
103_GGCAATCCTCTTGCTAAGGA,0.20848832922693272
103_TACGCTACTAAGCAACAGTA,2.2177140081625124
103_TACGCTACTAAGGCGGATCA,1.7027996408510977
103_TACGCTACTACAGGCTCCAA,0.1989008813245235
103_TACGCTACTACCGCCGATAA,0.3350389617833131
103_TACGCTACTACGGTTGGCTA,0.022073556895861622
103_TACGCTACTAGAATGAACGT,0.32036163691416303
103_TACGCTACTAGAGCGGAACT,2.1118239117785538
103_TACGCTACTATGACAGAGGT,3.777549028390904
103_TACGCTACTATTACCGGACC,1.334752788803599
103_TACGCTACTATTATTCGCCT,0.5647870902864509
103_TACGCTACTATTCTCGCCTC,4.640538156018072
103_TACGCTACTATTGCTAAGGA,2.046237076880164
103_TAGAGAGATGACCTCACCAG,0.009887570264081403
103_TAGAGAGATGAGCAACAGTA,8.436168321003229e-05
103_TAGAGAGATGCCGCCGATAA,0.013672691172548325
103_TAGAGAGATGCGGTTGGCTA,0.02034169655383889
103_TAGAGAGATGGAATGAACGT,0.00399363046187695
103_TAGAGAGATGGAGCGGAACT,0.0056832830214645375
103_TAGAGAGATGTGACAGAGGT,0.006125763265588004
103_TAGAGAGATGTGCAGGCTAC,8.00882283568879e-05
103_TAGAGAGATGTTATGCCGCT,0.12255083160212205
103_TAGAGAGATGTTATTCGCCT,0.0003918111531396292
103_TAGAGAGATGTTGCTAAGGA,2.2564037653416487e-05
103_TAGATCTCTCACCTCACCAG,0.9807146260439288
103_TAGATCTCTCCAGGCTCCAA,0.3279294348396171
103_TAGATCTCTCCGGTTGGCTA,1.6542959985528571
103_TAGATCTCTCGAATGAACGT,0.023603349097710634
103_TAGATCTCTCTGACAGAGGT,0.5014559777345278
103_TAGATCTCTCTGCAGGCTAC,1.042165477187849
103_TAGATCTCTCTTACCGGACC,1.4576243577760866
103_TAGATCTCTCTTATTCGCCT,0.6542647368384525
103_TAGATCTCTCTTCTCGCCTC,2.992601626386661
103_TAGCTCCAGAACCTCACCAG,0.2197312396976877
103_TAGCTCCAGAGAATGAACGT,6.612676851914731
103_TAGCTCCAGAGAGCGGAACT,0.6193542388051942
103_TAGCTCCAGATGACAGAGGT,0.46567916300161005
103_TAGCTCCAGATGCAGGCTAC,1.0562785698363082
103_TCCGGATTCGACCTCACCAG,0.5597065714050065
103_TCCGGATTCGAGCAACAGTA,0.08660522558189859
103_TCCGGATTCGAGGCGGATCA,0.22235143041775243
103_TCCGGATTCGCCGCCGATAA,0.7870489240504509
103_TCCGGATTCGCGGTTGGCTA,0.4240366560262685
103_TCCGGATTCGGAATGAACGT,0.009670981350321494
103_TCCGGATTCGGAGCGGAACT,0.8175318213534825
103_TCCGGATTCGTGACAGAGGT,0.39412146622935906
103_TCCGGATTCGTTATGCCGCT,2.3984790431155694
103_TCCGGATTCGTTATTCGCCT,0.057199698973689095
103_TCCGGATTCGTTCTCGCCTC,1.469665798548449
103_TCGTGAAGCGAACATAGCCT,0.02970018086765565
103_TCGTGAAGCGAGGCGGATCA,9.582692163010847e-06
103_TCGTGAAGCGCGGTTGGCTA,0.21184154218111378
103_TCGTGAAGCGGAATGAACGT,0.01727662416075243
103_TCGTGAAGCGGAGCGGAACT,0.041059573364839695
103_TCGTGAAGCGTGACAGAGGT,0.08331449825840698
103_TCGTGAAGCGTGCAGGCTAC,0.05388665003495854
103_TCGTGAAGCGTTACCGGACC,0.009620389417454725
103_TCGTGAAGCGTTATTCGCCT,8.00882283568879e-05
103_TCGTGAAGCGTTCTCGCCTC,0.07611713228706672
103_TCGTGAAGCGTTGCTAAGGA,0.0351822358862102
103_TCTGCGTTAAAGCAACAGTA,2.097052388733354
103_TCTGCGTTAACAGGCTCCAA,1.4393464190646716
103_TCTGCGTTAACCGCCGATAA,0.45878086246231986
103_TCTGCGTTAACGGTTGGCTA,1.2975851619990504
103_TCTGCGTTAAGAATGAACGT,4.148096291528857
103_TCTGCGTTAAGAGCGGAACT,2.5397415408629085
103_TCTGCGTTAATGACAGAGGT,4.500838577026861
103_TCTGCGTTAATGCAGGCTAC,0.6054771225289692
103_TCTGCGTTAATTATGCCGCT,0.32905682558418736
103_TCTGCGTTAATTATTCGCCT,2.4514281687385373
103_TCTGCGTTAATTCTCGCCTC,1.653764123575743
103_TCTGCGTTAATTGCTAAGGA,2.112791006067363
103_TGACACCGTAAACATAGCCT,0.034953347802204764
103_TGACACCGTAACCTCACCAG,0.0006569174461614294
103_TGACACCGTAAGCAACAGTA,0.00860229319007466
103_TGACACCGTAAGGCGGATCA,1.4528089181501782e-05
103_TGACACCGTACAGGCTCCAA,0.0001282879918903554
103_TGACACCGTACCGCCGATAA,0.07360727356471905
103_TGACACCGTACGGTTGGCTA,0.06445006908045531
103_TGACACCGTAGAGCGGAACT,0.0014224663719477927
103_TGACACCGTATGCAGGCTAC,0.00598452130701153
103_TGACACCGTATTACCGGACC,8.542481740120507e-05
103_TGACACCGTATTATGCCGCT,0.021188282638683713
103_TGACACCGTATTATTCGCCT,0.0005619615480437781
103_TGACACCGTATTCTCGCCTC,0.0030743843595268396
103_TGACACCGTATTGCTAAGGA,0.20858825458800068
103_TGACCATGAAAACATAGCCT,5.398469390546127e-06
103_TGACCATGAAACCTCACCAG,4.866287501328157e-07
103_TGACCATGAAAGCAACAGTA,3.2930718180127694e-06
103_TGACCATGAACCGCCGATAA,0.00010863172520673326
103_TGACCATGAACGGTTGGCTA,0.0015604906518861797
103_TGACCATGAAGAGCGGAACT,0.02837857717896629
103_TGACCATGAATGACAGAGGT,9.768293302967893e-05
103_TGACCATGAATGCAGGCTAC,0.006770255922436278
103_TGACCATGAATTACCGGACC,0.0008118390618568807
103_TGACCATGAATTATGCCGCT,0.0013089868830410845
103_TGACCATGAATTATTCGCCT,0.011429705331792574
103_TGACCATGAATTCTCGCCTC,0.00010238995738863861
103_TGACCATGAATTGCTAAGGA,0.00028237121057937735
103_TGATGGAGAAACCTCACCAG,0.573405243715948
103_TGATGGAGAAAGGCGGATCA,3.6666475798795166
103_TGATGGAGAACAGGCTCCAA,0.26957767917442216
103_TGATGGAGAACCGCCGATAA,1.0696895457390199
103_TGATGGAGAAGAATGAACGT,0.0029114349938388086
103_TGATGGAGAAGAGCGGAACT,2.7916293800071164
103_TGATGGAGAATGACAGAGGT,1.9404817149933486
103_TGATGGAGAATGCAGGCTAC,2.3855097803197456
103_TGATGGAGAATTACCGGACC,0.23060989130363893
103_TGATGGAGAATTATGCCGCT,2.1305298092889995
103_TGATGGAGAATTCTCGCCTC,0.07958042675449777
103_TGATGGAGAATTGCTAAGGA,1.750004106127641
103_TTAGGCATCCAACATAGCCT,0.006125763265588004
103_TTAGGCATCCACCTCACCAG,0.0010219300992272886
103_TTAGGCATCCAGGCGGATCA,0.0004959075802952777
103_TTAGGCATCCCCGCCGATAA,0.0023282578529717404
103_TTAGGCATCCCGGTTGGCTA,3.09588220173526e-05
103_TTAGGCATCCGAATGAACGT,0.03227566738626057
103_TTAGGCATCCGAGCGGAACT,0.0016376469667412975
103_TTAGGCATCCTGACAGAGGT,0.010122087405712769
103_TTAGGCATCCTGCAGGCTAC,0.3831218635912012
103_TTAGGCATCCTTACCGGACC,0.00013490563550943606
103_TTAGGCATCCTTATGCCGCT,0.0850802629929517
103_TTAGGCATCCTTATTCGCCT,0.002657430935419375
103_TTAGGCATCCTTGCTAAGGA,0.007517841488757217
103_TTATGGCCTTAACATAGCCT,0.004978047048951416
103_TTATGGCCTTCCGCCGATAA,0.0016830488628526367
103_TTATGGCCTTCGGTTGGCTA,0.11787350146508298
103_TTATGGCCTTGAATGAACGT,0.02002730242624287
103_TTATGGCCTTGAGCGGAACT,0.02385631940526965
103_TTATGGCCTTTGACAGAGGT,0.2837661872202801
103_TTATGGCCTTTGCAGGCTAC,0.12162267681286404
103_TTATGGCCTTTTACCGGACC,0.0017270304200341846
103_TTATGGCCTTTTATGCCGCT,0.00021519116079329276
103_TTATGGCCTTTTATTCGCCT,0.06350887580127741
103_TTATGGCCTTTTCTCGCCTC,0.021096322668395395
103_TTATGGCCTTTTGCTAAGGA,0.05010160074293635
103_TTCCAGCTATCAGGCTCCAA,3.5573649679332933
103_TTCCAGCTATCCGCCGATAA,0.13117332511667384
103_TTCCAGCTATCGGTTGGCTA,0.9723279373825258
103_TTCCAGCTATGAGCGGAACT,1.2159364563451196
103_TTCCAGCTATTTATGCCGCT,2.024378868298204
103_TTCCAGCTATTTATTCGCCT,1.6945944852481858
103_TTCCAGCTATTTCTCGCCTC,1.1537346124032184
103_TTCCGTGCTGACCTCACCAG,1.6053791383160718
103_TTCCGTGCTGAGCAACAGTA,0.00048309425106132564
103_TTCCGTGCTGCCGCCGATAA,0.045581341797526743
103_TTCCGTGCTGCGGTTGGCTA,0.8981961101107974
103_TTCCGTGCTGGAATGAACGT,2.0392033636232094
103_TTCCGTGCTGTGACAGAGGT,1.4661887462712588
103_TTCCGTGCTGTGCAGGCTAC,2.5037063342075183
103_TTCCGTGCTGTTATGCCGCT,0.6147264190622718
103_TTCCGTGCTGTTATTCGCCT,1.4967623069017084
103_TTCCGTGCTGTTCTCGCCTC,0.5157811219094648
103_TTCCGTGCTGTTGCTAAGGA,0.115885611791383
103_TTCGCACGCAAACATAGCCT,1.9285628288978263
103_TTCGCACGCAACCTCACCAG,1.0095902080115158
103_TTCGCACGCAAGCAACAGTA,0.6810371260289148
103_TTCGCACGCACCGCCGATAA,0.8950130446123525
103_TTCGCACGCACGGTTGGCTA,1.9068650574648907
103_TTCGCACGCAGAATGAACGT,0.17063651527271623
103_TTCGCACGCAGAGCGGAACT,1.7380284993718087
103_TTCGCACGCATGCAGGCTAC,0.517823504507444
103_TTCGCACGCATTATGCCGCT,0.9998011415893735
103_TTCGCACGCATTATTCGCCT,1.5464439046972673
103_TTCGCACGCATTCTCGCCTC,1.8853146477611087
103_TTCGCACGCATTGCTAAGGA,0.25878629129097136
103_TTGTCTGCAAAACATAGCCT,0.0022008968327569133
103_TTGTCTGCAACAGGCTCCAA,3.04429282298715
103_TTGTCTGCAACCGCCGATAA,0.5984681916536847
103_TTGTCTGCAACGGTTGGCTA,0.0014898010581203573
103_TTGTCTGCAAGAATGAACGT,2.1024548124346025
103_TTGTCTGCAATGACAGAGGT,4.186840577968152
103_TTGTCTGCAATGCAGGCTAC,0.34949409774969575
103_TTGTCTGCAATTATTCGCCT,0.154620528344395
103_TTGTCTGCAATTCTCGCCTC,1.4279591760567798
105_CAAGGACATCTAGGTGGCGA,0.5111253603505239
105_CAAGGACATCTAGTTAGGCT,4.210700905307629
105_CAAGGACATCTCTGCAACAA,2.086218461541576
105_CAAGGACATCTGCATCATAC,1.92993337141532
105_CAAGGACATCTGGCCTTAAT,1.3039024312696175
105_CCGACGCATTCCGGAGCTAA,0.20373263545501097
105_CCGACGCATTCCGTGTTACT,0.4340089488819252
105_CCGACGCATTCGACGCAGAA,0.08874437230682494
105_CCGACGCATTTAGGTGGCGA,4.193666209571268
105_CCGACGCATTTAGTTAGGCT,1.4313860884754235
105_CCGACGCATTTTCAGGAGAT,1.4461046297930737
105_CGGAGAGTCACCGGAGCTAA,1.1151365349405167
105_CGGAGAGTCATGCATCATAC,9.30418111366072e-05
105_CGGCAAGCTACCGTGTTACT,0.8641606626371099
105_CGGCAAGCTACGACGCAGAA,0.9974626204452516
105_CGGCAAGCTACTATCTAGTG,2.1581552230427765
105_CGGCAAGCTAGCACAGTATT,2.589920408791789
105_CGGCAAGCTATAGGTGGCGA,2.2356199662229406
105_CGGCAAGCTATAGTTAGGCT,0.1335587294110035
105_CGGCAAGCTATCTGCAACAA,0.015495253712660719
105_CTGCAAGTGCTACAACTAGC,0.7084560285946065
105_CTGCAAGTGCTAGGTGGCGA,2.730380332104494
105_CTGCAAGTGCTAGTTAGGCT,0.015220870035941903
105_CTGCAAGTGCTCTGCAACAA,3.9837056213908113
105_CTGCAAGTGCTGCATCATAC,3.047070050282509
105_CTGCAAGTGCTTACAACACG,1.7434034665727796
105_GATGGACGCTCCGGAGCTAA,0.5537084656919148
105_GATGGACGCTCGACGCAGAA,0.013672691172548325
105_GATGGACGCTTACAACTAGC,4.193608862645038
105_GATGGACGCTTAGGTGGCGA,1.9230227688178059
105_GATGGACGCTTGGCCTTAAT,0.46096327540287385
105_GATGGACGCTTTACAACACG,0.2681536262187409
105_GGAAGGTACGCCATCTCCGT,1.76328129571522
105_GGAAGGTACGCCGGAGCTAA,2.104296652938128
105_GGAAGGTACGCGACGCAGAA,0.07741321069719839
105_GGAAGGTACGTAGGTGGCGA,2.849174584828571
105_GGCAATCCTCCCATCTCCGT,2.7448869974509287
105_GGCAATCCTCCCGTGTTACT,2.0942839921140033
105_GGCAATCCTCTGCATCATAC,1.259824823410511
105_GGCAATCCTCTGGCCTTAAT,3.420737364490109
105_TAGAGAGATGCCATCTCCGT,1.7660610852062728
105_TAGAGAGATGCCGGAGCTAA,0.010751810317933317
105_TAGAGAGATGCGACGCAGAA,0.04294326578963004
105_TAGAGAGATGTACAACTAGC,5.176928802451876
105_TAGAGAGATGTCTGCAACAA,0.3452468210576889
105_TAGAGAGATGTTCAGGAGAT,1.0987893139737013
105_TAGATCTCTCCCATCTCCGT,1.8803620815498259
105_TAGATCTCTCCCGGAGCTAA,0.004623504534892
105_TAGATCTCTCTAGGTGGCGA,0.7080635436665714
105_TAGATCTCTCTTCAGGAGAT,0.7522188439148338
105_TAGCTCCAGACCGTGTTACT,4.150693568346602
105_TAGCTCCAGACTCTTATTCG,0.5761678842160242
105_TAGCTCCAGATAGGTGGCGA,0.08072644297169289
105_TAGCTCCAGATGCATCATAC,0.9738188275225096
105_TAGCTCCAGATGGCCTTAAT,0.7008549205790415
105_TAGCTCCAGATTCAGGAGAT,0.03836171229715668
105_TCCGGATTCGCCATCTCCGT,0.40636685315051047
105_TCCGGATTCGCCGGAGCTAA,0.8683852187992505
105_TCCGGATTCGCCGTGTTACT,2.9149761011603097
105_TCCGGATTCGCGACGCAGAA,0.4832842214599713
105_TCCGGATTCGTAGGTGGCGA,0.20954443916924534
105_TCCGGATTCGTCTGCAACAA,0.08331449825840698
105_TCCGGATTCGTGGCCTTAAT,0.3251961654224751
105_TCCGGATTCGTTACAACACG,3.5491984490698893
105_TCCGGATTCGTTCAGGAGAT,0.9492101144857369
105_TCCGGATTCGTTCTCTGATC,0.8683852187992505
105_TCGTGAAGCGCCGGAGCTAA,0.12255083160212205
105_TCGTGAAGCGCCGTGTTACT,0.010958348981405356
105_TCGTGAAGCGCGACGCAGAA,0.00013746079526395563
105_TCGTGAAGCGCTATCTAGTG,1.0048820069672293e-06
105_TCGTGAAGCGCTCTTATTCG,9.200439677410266e-07
105_TCGTGAAGCGTACAACTAGC,0.42946095263540507
105_TCGTGAAGCGTAGTTAGGCT,0.12255083160212205
105_TCGTGAAGCGTCTGCAACAA,0.006887180782606911
105_TCGTGAAGCGTGCATCATAC,0.006515384021694761
105_TCGTGAAGCGTTACAACACG,4.750257814341334e-06
105_TCGTGAAGCGTTCAGGAGAT,0.0007559748853091924
105_TCTGCGTTAACCGTGTTACT,0.20747791260721277
105_TCTGCGTTAACGACGCAGAA,2.3783000217919597
105_TCTGCGTTAATACAACTAGC,2.8638766926174055
105_TCTGCGTTAATAGGTGGCGA,1.0204347788236223
105_TCTGCGTTAATGCATCATAC,1.3540735584558443
105_TCTGCGTTAATTACAACACG,2.6598185872250215
105_TGACACCGTACCATCTCCGT,0.01828206977854647
105_TGACACCGTACCGGAGCTAA,0.029311188855886374
105_TGACACCGTACCGTGTTACT,0.027628322807703987
105_TGACACCGTACGACGCAGAA,6.145219249480695e-05
105_TGACACCGTACTCTTATTCG,7.137971992719741e-08
105_TGACACCGTATACAACTAGC,0.03431506650051591
105_TGACACCGTATAGGTGGCGA,0.00023116172769114285
105_TGACACCGTATAGTTAGGCT,0.0030743843595268396
105_TGACACCGTATCTGCAACAA,0.0001019080191780565
105_TGACACCGTATGCATCATAC,0.0009375027102409083
105_TGACACCGTATGGCCTTAAT,4.711809319023793e-05
105_TGACACCGTATTACAACACG,0.008722856257408818
105_TGACACCGTATTCTCTGATC,1.2512387805734375e-05
105_TGACCATGAACCGGAGCTAA,0.030216738523027056
105_TGACCATGAACGACGCAGAA,7.5509734608954875e-06
105_TGACCATGAACTATCTAGTG,0.01124021047237731
105_TGACCATGAATACAACTAGC,0.0001593139077773826
105_TGACCATGAATCTGCAACAA,0.12617699558319745
105_TGACCATGAATGCATCATAC,0.03630489095041861
105_TGACCATGAATGGCCTTAAT,0.011944511837608538
105_TGACCATGAATTACAACACG,0.32989136112473944
105_TGACCATGAATTCTCTGATC,0.17101546489661726
105_TGATGGAGAACCATCTCCGT,0.34861840678864175
105_TGATGGAGAACCGGAGCTAA,1.1445642017498967
105_TGATGGAGAACCGTGTTACT,0.5740974356720704
105_TGATGGAGAACGACGCAGAA,0.16156441196293672
105_TGATGGAGAACTATCTAGTG,1.7790399357040256
105_TGATGGAGAAGCACAGTATT,0.31220911910314436
105_TGATGGAGAATACAACTAGC,0.007013160528185633
105_TGATGGAGAATAGGTGGCGA,0.027059417843452623
105_TGATGGAGAATAGTTAGGCT,1.3578173064040717
105_TGATGGAGAATGGCCTTAAT,0.1504377309131587
105_TGATGGAGAATTCAGGAGAT,1.2674743599983278
105_TTAGGCATCCCCGGAGCTAA,0.00048309425106132564
105_TTAGGCATCCCCGTGTTACT,0.006315638293104351
105_TTAGGCATCCCGACGCAGAA,0.00010115311990656761
105_TTAGGCATCCCTATCTAGTG,0.0001282879918903554
105_TTAGGCATCCCTCTTATTCG,0.12670224331915542
105_TTAGGCATCCTAGGTGGCGA,0.006887180782606911
105_TTAGGCATCCTAGTTAGGCT,0.011695718306131576
105_TTAGGCATCCTCTGCAACAA,0.00070000651917427
105_TTAGGCATCCTGCATCATAC,0.0056832830214645375
105_TTAGGCATCCTGGCCTTAAT,0.033715392947985326
105_TTAGGCATCCTTCAGGAGAT,8.00882283568879e-05
105_TTAGGCATCCTTCTCTGATC,0.00011901174433734425
105_TTATGGCCTTCCATCTCCGT,4.022339100014458e-05
105_TTATGGCCTTCCGTGTTACT,0.006315638293104351
105_TTATGGCCTTCGACGCAGAA,0.003154049094824697
105_TTATGGCCTTCTCTTATTCG,0.024886952197240932
105_TTATGGCCTTTACAACTAGC,1.5260291930445068e-05
105_TTATGGCCTTTAGTTAGGCT,0.016825137103813097
105_TTATGGCCTTTCTGCAACAA,0.01727662416075243
105_TTATGGCCTTTGCATCATAC,0.032576039988856824
105_TTATGGCCTTTGGCCTTAAT,0.2546576360224239
105_TTATGGCCTTTTCAGGAGAT,0.011858398768387117
105_TTATGGCCTTTTCTCTGATC,0.0018286276900385352
105_TTCCAGCTATTACAACTAGC,0.0008118390618568807
105_TTCCAGCTATTAGGTGGCGA,0.8931163833906735
105_TTCCAGCTATTGCATCATAC,0.37230443104366423
105_TTCCAGCTATTTCAGGAGAT,2.643252768134535
105_TTCCGTGCTGCCGGAGCTAA,1.4432502677114623
105_TTCCGTGCTGCTCTTATTCG,0.025435475210329177
105_TTCCGTGCTGTGGCCTTAAT,0.01320932153904767
105_TTCCGTGCTGTTACAACACG,0.026222938776188837
105_TTCGCACGCACCGTGTTACT,0.10192332729451094
105_TTCGCACGCATACAACTAGC,0.1778932949071247
105_TTCGCACGCATTCAGGAGAT,0.008867092438812087
105_TTGTCTGCAATACAACTAGC,1.6834484298142707
105_TTGTCTGCAATAGTTAGGCT,2.463028488913112
