Cell_ID,mitea_activity_targetscan_top200
101_CAAGGACATCAGCCTTAGCG,0.5774572383987626
101_CAAGGACATCAGCTTAGAGG,0.004605726250852131
101_CAAGGACATCATGTCCACCG,1.465323624849995
101_CAAGGACATCCCAAGCTCAG,1.2640769201701114
101_CAAGGACATCCCGGATTAAT,0.537367209058827
101_CAAGGACATCCTCAATGCTC,1.1023907083302606
101_CAAGGACATCGAAGTGACTC,1.456595527733353
101_CAAGGACATCTAATCACCAC,0.4102581928280598
101_CAAGGACATCTGGCGCATCT,0.013393806289751344
101_CAAGGACATCTTACGGAGTC,0.9277934546068399
101_CAAGGACATCTTATCGCTGG,0.4517192724848561
101_CAAGGACATCTTCTCCATTC,4.736132885010126
101_CAAGGACATCTTCTTGAGTG,1.403849501234354
101_CAAGGACATCTTGACAGCCT,2.8746300021398516
101_CAAGGACATCTTGTCGATAG,3.1255162521741267
101_CCGACGCATTAGCCTTAGCG,0.45307792008928727
101_CCGACGCATTATGTCCACCG,0.003805768239665938
101_CCGACGCATTCAAGAGCTGG,0.7115428162035694
101_CCGACGCATTCCAAGCTCAG,0.3431312095904843
101_CCGACGCATTCCGGATTAAT,2.5734447046795075
101_CCGACGCATTCTCAATGCTC,0.5111711601601059
101_CCGACGCATTGAAGTGACTC,0.27689949285332877
101_CCGACGCATTTAATCACCAC,1.5015327777514438
101_CCGACGCATTTGGCGCATCT,2.203175505176999
101_CCGACGCATTTTACGGAGTC,1.331354517351195
101_CCGACGCATTTTATCGCTGG,3.381886034802056
101_CCGACGCATTTTCTCCATTC,1.7274272489952534
101_CCGACGCATTTTCTTGAGTG,2.154607789741593
101_CCGACGCATTTTGACAGCCT,1.132938783871993
101_CCGACGCATTTTGTCGATAG,0.04333326528505191
101_CGGAGAGTCAAGCCTTAGCG,2.164546291813937
101_CGGAGAGTCAAGCTTAGAGG,2.7233604078326454
101_CGGAGAGTCAATGTCCACCG,0.0016056956934250174
101_CGGAGAGTCACAAGAGCTGG,4.143112018670296
101_CGGAGAGTCACCAAGCTCAG,1.2407218692556514
101_CGGAGAGTCACCGGATTAAT,2.7596214430324855
101_CGGAGAGTCACTCAATGCTC,0.3511373764095416
101_CGGAGAGTCAGAAGTGACTC,1.1204101948708973
101_CGGAGAGTCATAATCACCAC,1.4026459399697624
101_CGGAGAGTCATGGCGCATCT,2.4558410725287274
101_CGGAGAGTCATTACGGAGTC,0.34243727253046
101_CGGAGAGTCATTATCGCTGG,2.135042225708553
101_CGGAGAGTCATTCTCCATTC,1.3591264407373396
101_CGGAGAGTCATTCTTGAGTG,0.00012045210905547924
101_CGGAGAGTCATTGACAGCCT,1.6820243356661813
101_CGGAGAGTCATTGTCGATAG,0.07041176832536673
101_CGGCAAGCTAAGCCTTAGCG,1.2951172635045887
101_CGGCAAGCTAAGCTTAGAGG,1.1574801778445385
101_CGGCAAGCTAATGTCCACCG,0.0019754561492562705
101_CGGCAAGCTACAAGAGCTGG,5.000139738634312
101_CGGCAAGCTACCAAGCTCAG,0.355482719342307
101_CGGCAAGCTACCGGATTAAT,1.1062693854542136
101_CGGCAAGCTACTCAATGCTC,0.08306519032352004
101_CGGCAAGCTAGAAGTGACTC,0.12163205585815108
101_CGGCAAGCTATGGCGCATCT,1.9766972139720318
101_CGGCAAGCTATTACGGAGTC,3.405730064965006
101_CGGCAAGCTATTCTCCATTC,1.0348351868747723
101_CGGCAAGCTATTCTTGAGTG,1.9215301427820661
101_CGGCAAGCTATTGACAGCCT,0.026269753338969266
101_CGGCAAGCTATTGTCGATAG,0.24536846286975025
101_CTGCAAGTGCAGCCTTAGCG,0.38249959647080517
101_CTGCAAGTGCATGTCCACCG,1.5703331277042123
101_CTGCAAGTGCCAAGAGCTGG,0.8077115617229378
101_CTGCAAGTGCCCAAGCTCAG,2.010688172698962
101_CTGCAAGTGCCCGGATTAAT,0.0016067461430278103
101_CTGCAAGTGCCTCAATGCTC,3.58994442639158
101_CTGCAAGTGCGAAGTGACTC,2.9582847341440424
101_CTGCAAGTGCTAATCACCAC,0.25387232336364274
101_CTGCAAGTGCTGGCGCATCT,0.38108104441559787
101_CTGCAAGTGCTTACGGAGTC,0.9837637892817037
101_CTGCAAGTGCTTATCGCTGG,1.205775992994131
101_CTGCAAGTGCTTCTCCATTC,0.22271892088871717
101_CTGCAAGTGCTTCTTGAGTG,1.2125914370183302
101_CTGCAAGTGCTTGACAGCCT,0.45771233854482096
101_CTGCAAGTGCTTGTCGATAG,1.0698731393974479
101_GATGGACGCTAGCCTTAGCG,1.7295641753384525
101_GATGGACGCTATGTCCACCG,0.03954811201397136
101_GATGGACGCTCAAGAGCTGG,0.8114996360092586
101_GATGGACGCTCCAAGCTCAG,1.2862609845694888
101_GATGGACGCTCCGGATTAAT,0.14748947637634377
101_GATGGACGCTCTCAATGCTC,1.0374981300279233
101_GATGGACGCTGAAGTGACTC,3.0200563432200025
101_GATGGACGCTTAATCACCAC,0.9635649599487636
101_GATGGACGCTTGGCGCATCT,0.04245476992126491
101_GATGGACGCTTTACGGAGTC,0.3913283541804532
101_GATGGACGCTTTATCGCTGG,2.8016930514545373
101_GATGGACGCTTTCTCCATTC,0.25815759604913807
101_GATGGACGCTTTGACAGCCT,2.6462476737466996
101_GATGGACGCTTTGTCGATAG,1.9042726783815753
101_GGAAGGTACGAGCCTTAGCG,0.3731521448300553
101_GGAAGGTACGAGCTTAGAGG,2.5878543277778605
101_GGAAGGTACGATGTCCACCG,3.8023437222752006
101_GGAAGGTACGCAAGAGCTGG,1.5289540265060348
101_GGAAGGTACGCCAAGCTCAG,1.7916289888812609
101_GGAAGGTACGCCGGATTAAT,0.7796347744971551
101_GGAAGGTACGCTCAATGCTC,0.005459090735545915
101_GGAAGGTACGGAAGTGACTC,3.8765463716880872
101_GGAAGGTACGTAATCACCAC,0.21687262028416937
101_GGAAGGTACGTGGCGCATCT,0.3368616198503629
101_GGAAGGTACGTTATCGCTGG,2.6127939320253106
101_GGAAGGTACGTTCTCCATTC,6.55046368812399e-05
101_GGAAGGTACGTTCTTGAGTG,3.462323264281152
101_GGAAGGTACGTTGACAGCCT,0.08227583803317429
101_GGAAGGTACGTTGTCGATAG,3.21884312323746
101_GGCAATCCTCAGCCTTAGCG,1.1773239863386444
101_GGCAATCCTCAGCTTAGAGG,0.18993224980511722
101_GGCAATCCTCCAAGAGCTGG,0.6171313237939461
101_GGCAATCCTCCCAAGCTCAG,3.188540481372106
101_GGCAATCCTCGAAGTGACTC,0.626889253630652
101_GGCAATCCTCTAATCACCAC,0.036331378335588055
101_GGCAATCCTCTGGCGCATCT,2.3933609063129273
101_GGCAATCCTCTTACGGAGTC,0.040844270887665374
101_GGCAATCCTCTTCTCCATTC,0.5036454776971974
101_GGCAATCCTCTTCTTGAGTG,2.3378278209898395
101_GGCAATCCTCTTGACAGCCT,0.5790821398089823
101_GGCAATCCTCTTGTCGATAG,0.0028521934570419913
101_TACGCTACTAAGCTTAGAGG,0.008220905568274046
101_TACGCTACTAATGTCCACCG,0.4025264516103971
101_TACGCTACTACAAGAGCTGG,3.9293890191533123
101_TACGCTACTACCAAGCTCAG,0.15632922303967084
101_TACGCTACTACCGGATTAAT,0.07495561248568419
101_TACGCTACTACTCAATGCTC,1.6244291307940497
101_TACGCTACTAGAAGTGACTC,0.40089219763435047
101_TACGCTACTATGGCGCATCT,2.275629143116445
101_TACGCTACTATTCTCCATTC,0.23240504524982963
101_TACGCTACTATTCTTGAGTG,5.199467644507138
101_TACGCTACTATTGACAGCCT,2.3494667994626055
101_TACGCTACTATTGTCGATAG,1.6152670575396118
101_TAGAGAGATGAGCCTTAGCG,0.00022822763283933834
101_TAGAGAGATGATGTCCACCG,0.004396370244702817
101_TAGAGAGATGCAAGAGCTGG,0.0002881799564786344
101_TAGAGAGATGCCAAGCTCAG,0.0010007640397224674
101_TAGAGAGATGCCGGATTAAT,1.2594994985677076e-05
101_TAGAGAGATGCTCAATGCTC,0.004396370244702817
101_TAGAGAGATGGAAGTGACTC,0.0036840151363948526
101_TAGAGAGATGTTACGGAGTC,0.004892019387524762
101_TAGAGAGATGTTATCGCTGG,0.003841692475421607
101_TAGAGAGATGTTCTCCATTC,0.00031900029011548735
101_TAGAGAGATGTTCTTGAGTG,0.0011507401447056536
101_TAGAGAGATGTTGACAGCCT,0.2845718630256092
101_TAGAGAGATGTTGTCGATAG,0.11053596142612569
101_TAGATCTCTCAGCCTTAGCG,3.0249545911541915
101_TAGATCTCTCAGCTTAGAGG,0.236163621081401
101_TAGATCTCTCCAAGAGCTGG,2.3698414388982023
101_TAGATCTCTCCCAAGCTCAG,4.702022832495292
101_TAGATCTCTCCCGGATTAAT,1.0365786782622035
101_TAGATCTCTCCTCAATGCTC,1.2027797455514364
101_TAGATCTCTCGAAGTGACTC,1.3276875006904247
101_TAGATCTCTCTAATCACCAC,0.002525156564579037
101_TAGATCTCTCTGGCGCATCT,0.02004816728188133
101_TAGATCTCTCTTACGGAGTC,3.769596699675729
101_TAGATCTCTCTTATCGCTGG,1.9172104056745287
101_TAGATCTCTCTTCTCCATTC,2.108368059661082
101_TAGATCTCTCTTGACAGCCT,0.25759403303662126
101_TAGATCTCTCTTGTCGATAG,1.3178928928988156
101_TAGCTCCAGAATGTCCACCG,0.038098378324155406
101_TAGCTCCAGACAAGAGCTGG,2.8468044771490484
101_TAGCTCCAGACCGGATTAAT,0.900693613027501
101_TAGCTCCAGACTCAATGCTC,0.5691508251894571
101_TAGCTCCAGAGAAGTGACTC,1.3311968905376657
101_TAGCTCCAGATAATCACCAC,3.6861935502578898
101_TAGCTCCAGATGGCGCATCT,0.0007411705947121273
101_TAGCTCCAGATTACGGAGTC,0.9149766191982606
101_TAGCTCCAGATTATCGCTGG,0.27688699798864685
101_TAGCTCCAGATTCTCCATTC,0.030613269786304003
101_TAGCTCCAGATTCTTGAGTG,2.173828954191611
101_TAGCTCCAGATTGACAGCCT,1.7764120047409229
101_TAGCTCCAGATTGTCGATAG,0.9298371441410138
101_TCCGGATTCGAGCCTTAGCG,0.15193307233575645
101_TCCGGATTCGAGCTTAGAGG,0.3933871270392705
101_TCCGGATTCGATGTCCACCG,2.336845701298181
101_TCCGGATTCGCAAGAGCTGG,5.359682829578023
101_TCCGGATTCGCCAAGCTCAG,1.1547442954226694
101_TCCGGATTCGCCGGATTAAT,1.4825719405975142
101_TCCGGATTCGCTCAATGCTC,0.029446515503267944
101_TCCGGATTCGGAAGTGACTC,1.695516790680841
101_TCCGGATTCGTAATCACCAC,0.6358865478729033
101_TCCGGATTCGTGGCGCATCT,1.031201239358897
101_TCCGGATTCGTTACGGAGTC,0.4799756106321479
101_TCCGGATTCGTTATCGCTGG,2.4470995158472055
101_TCCGGATTCGTTCTCCATTC,0.026481286109727987
101_TCCGGATTCGTTCTTGAGTG,0.36599162990707323
101_TCCGGATTCGTTGTCGATAG,0.0010722959151824249
101_TCGTGAAGCGAGCCTTAGCG,0.12257973577073944
101_TCGTGAAGCGAGCTTAGAGG,0.005963833403934733
101_TCGTGAAGCGCAAGAGCTGG,0.06263030340169659
101_TCGTGAAGCGCCAAGCTCAG,0.010278307104583068
101_TCGTGAAGCGCCGGATTAAT,0.3033762713109798
101_TCGTGAAGCGCTCAATGCTC,0.0014365257843289008
101_TCGTGAAGCGGAAGTGACTC,0.00023881954199115192
101_TCGTGAAGCGTAATCACCAC,0.06946819267252073
101_TCGTGAAGCGTGGCGCATCT,7.984130238926103e-06
101_TCGTGAAGCGTTACGGAGTC,0.0032923559684554468
101_TCGTGAAGCGTTCTCCATTC,0.597737914307471
101_TCGTGAAGCGTTCTTGAGTG,0.0012381461736366015
101_TCGTGAAGCGTTGACAGCCT,0.007032526447951139
101_TCGTGAAGCGTTGTCGATAG,0.0013761137565962765
101_TCTGCGTTAAAGCCTTAGCG,1.4801319685916283
101_TCTGCGTTAACCAAGCTCAG,2.132034615168045
101_TCTGCGTTAACCGGATTAAT,1.9702729543055422
101_TCTGCGTTAACTCAATGCTC,0.25703790082606903
101_TCTGCGTTAAGAAGTGACTC,3.03936474699491
101_TCTGCGTTAATAATCACCAC,0.3682686874407092
101_TCTGCGTTAATGGCGCATCT,1.0145125321075348
101_TCTGCGTTAATTACGGAGTC,0.8625705383603659
101_TCTGCGTTAATTATCGCTGG,2.394154818435125
101_TCTGCGTTAATTCTCCATTC,1.291010568276647
101_TCTGCGTTAATTGACAGCCT,2.372901749707268
101_TCTGCGTTAATTGTCGATAG,0.7022400013867462
101_TGACACCGTAAGCCTTAGCG,0.006712793711266264
101_TGACACCGTAAGCTTAGAGG,0.08247720376999919
101_TGACACCGTAATGTCCACCG,0.00640332752239277
101_TGACACCGTACAAGAGCTGG,0.004718386473471962
101_TGACACCGTACCAAGCTCAG,0.005053027549051713
101_TGACACCGTACCGGATTAAT,0.0003749336225164778
101_TGACACCGTACTCAATGCTC,0.014073847366393454
101_TGACACCGTAGAAGTGACTC,0.02574055590867902
101_TGACACCGTATAATCACCAC,0.013270147228181907
101_TGACACCGTATGGCGCATCT,0.006245014882392566
101_TGACACCGTATTACGGAGTC,0.003179187153870234
101_TGACACCGTATTATCGCTGG,0.01267024657047725
101_TGACACCGTATTCTCCATTC,0.0004913456850403483
101_TGACACCGTATTGACAGCCT,0.0019991191044231213
101_TGACACCGTATTGTCGATAG,5.897517714798931e-05
101_TGACCATGAAAGCCTTAGCG,0.0014226859580067713
101_TGACCATGAAAGCTTAGAGG,0.0008064584727935049
101_TGACCATGAAATGTCCACCG,0.06251728241472125
101_TGACCATGAACAAGAGCTGG,0.0020418608586209096
101_TGACCATGAACCAAGCTCAG,0.10043991059953317
101_TGACCATGAACCGGATTAAT,0.022502746831352845
101_TGACCATGAACTCAATGCTC,0.0005612735932820691
101_TGACCATGAAGAAGTGACTC,3.780720428256775e-05
101_TGACCATGAATAATCACCAC,0.25143274311234953
101_TGACCATGAATGGCGCATCT,0.039764149211445
101_TGACCATGAATTACGGAGTC,0.04969021643820587
101_TGACCATGAATTATCGCTGG,1.4368644043297773e-05
101_TGACCATGAATTCTCCATTC,0.10043991059953317
101_TGACCATGAATTCTTGAGTG,0.0026384408905767032
101_TGACCATGAATTGACAGCCT,0.06315504253347001
101_TGACCATGAATTGTCGATAG,0.05665126181864299
101_TGATGGAGAAAGCCTTAGCG,1.6791602438797009
101_TGATGGAGAAAGCTTAGAGG,1.9146847061899228
101_TGATGGAGAACAAGAGCTGG,7.2417205374859694
101_TGATGGAGAACCAAGCTCAG,1.0887269119044642
101_TGATGGAGAACCGGATTAAT,4.868476474214312
101_TGATGGAGAACTCAATGCTC,1.1062582824819058
101_TGATGGAGAAGAAGTGACTC,2.18217120843665
101_TGATGGAGAATAATCACCAC,0.30450351847531615
101_TGATGGAGAATGGCGCATCT,1.724249122622167
101_TGATGGAGAATTACGGAGTC,0.006467591087205277
101_TGATGGAGAATTATCGCTGG,4.158504204758167
101_TGATGGAGAATTCTCCATTC,0.32447232367189993
101_TGATGGAGAATTCTTGAGTG,0.6213177723543348
101_TGATGGAGAATTGACAGCCT,3.7581018605451693
101_TGATGGAGAATTGTCGATAG,3.567163765533471
101_TTAGGCATCCAGCTTAGAGG,0.028358309845945256
101_TTAGGCATCCATGTCCACCG,0.0034366606598556135
101_TTAGGCATCCCAAGAGCTGG,0.4846551207443372
101_TTAGGCATCCCCAAGCTCAG,0.003419624238442971
101_TTAGGCATCCCCGGATTAAT,0.00012045210905547924
101_TTAGGCATCCCTCAATGCTC,0.014747876122440594
101_TTAGGCATCCGAAGTGACTC,0.07212123445191634
101_TTAGGCATCCTAATCACCAC,0.007795658071241234
101_TTAGGCATCCTGGCGCATCT,0.05470900628222037
101_TTAGGCATCCTTACGGAGTC,2.735308869632717e-06
101_TTAGGCATCCTTATCGCTGG,0.07308000793438103
101_TTAGGCATCCTTCTCCATTC,0.0019991191044231213
101_TTAGGCATCCTTGACAGCCT,0.0041479232746078785
101_TTAGGCATCCTTGTCGATAG,0.0019991191044231213
101_TTATGGCCTTAGCCTTAGCG,0.10872414543912128
101_TTATGGCCTTAGCTTAGAGG,0.024312869870685455
101_TTATGGCCTTATGTCCACCG,0.0023840466567783807
101_TTATGGCCTTCAAGAGCTGG,0.36818902239943774
101_TTATGGCCTTCCAAGCTCAG,0.023423613499451358
101_TTATGGCCTTCTCAATGCTC,0.05137851759038123
101_TTATGGCCTTGAAGTGACTC,0.10232279897122577
101_TTATGGCCTTTGGCGCATCT,0.0022316452814068665
101_TTATGGCCTTTTACGGAGTC,0.00651748956566448
101_TTATGGCCTTTTATCGCTGG,0.008294487377066331
101_TTATGGCCTTTTCTCCATTC,0.01745846713891329
101_TTATGGCCTTTTCTTGAGTG,0.006042378405443273
101_TTATGGCCTTTTGACAGCCT,0.0008064584727935049
101_TTATGGCCTTTTGTCGATAG,0.07325882255528834
101_TTCCAGCTATAGCCTTAGCG,5.369606244668512
101_TTCCAGCTATAGCTTAGAGG,1.7743583860841508
101_TTCCAGCTATATGTCCACCG,0.2688340559681542
101_TTCCAGCTATCAAGAGCTGG,0.1793147614603903
101_TTCCAGCTATCCAAGCTCAG,0.26847046520272
101_TTCCAGCTATCCGGATTAAT,0.005999043314464954
101_TTCCAGCTATCTCAATGCTC,2.0173893397666416
101_TTCCAGCTATTAATCACCAC,0.16209542632896448
101_TTCCAGCTATTGGCGCATCT,0.3634942984140901
101_TTCCAGCTATTTACGGAGTC,0.31805294303036086
101_TTCCAGCTATTTCTCCATTC,0.07442288938384588
101_TTCCAGCTATTTGACAGCCT,3.352762895070552
101_TTCCAGCTATTTGTCGATAG,0.0343307071378536
101_TTCCGTGCTGAGCCTTAGCG,0.308611718799552
101_TTCCGTGCTGAGCTTAGAGG,0.8688419674471324
101_TTCCGTGCTGATGTCCACCG,0.08145748428423832
101_TTCCGTGCTGCAAGAGCTGG,0.0877730796734301
101_TTCCGTGCTGCCAAGCTCAG,0.39150394489826096
101_TTCCGTGCTGCCGGATTAAT,1.3922857556019104
101_TTCCGTGCTGCTCAATGCTC,0.027886701393975744
101_TTCCGTGCTGGAAGTGACTC,0.06072685689379861
101_TTCCGTGCTGTAATCACCAC,1.6409645984678634
101_TTCCGTGCTGTGGCGCATCT,1.6833882916147491
101_TTCCGTGCTGTTACGGAGTC,0.5655754373413902
101_TTCCGTGCTGTTATCGCTGG,0.31863076545006325
101_TTCCGTGCTGTTCTTGAGTG,4.291009277873748
101_TTCCGTGCTGTTGACAGCCT,0.3771184880323934
101_TTCCGTGCTGTTGTCGATAG,1.9410959494809898
101_TTCGCACGCAAGCCTTAGCG,3.039434959638718
101_TTCGCACGCAAGCTTAGAGG,0.06657497583704923
101_TTCGCACGCAATGTCCACCG,0.014747876122440594
101_TTCGCACGCACAAGAGCTGG,1.650793689379996
101_TTCGCACGCACCAAGCTCAG,0.1565708710401985
101_TTCGCACGCACCGGATTAAT,1.7900695894912118
101_TTCGCACGCACTCAATGCTC,3.991349109482966
101_TTCGCACGCAGAAGTGACTC,2.132195738707871
101_TTCGCACGCATGGCGCATCT,0.10569110001824572
101_TTCGCACGCATTACGGAGTC,0.15465530862213062
101_TTCGCACGCATTATCGCTGG,0.9713947583393869
101_TTCGCACGCATTCTCCATTC,0.017838311814893506
101_TTCGCACGCATTCTTGAGTG,1.474970735845718
101_TTCGCACGCATTGACAGCCT,2.4019108317000626
101_TTCGCACGCATTGTCGATAG,0.010101251191205992
101_TTGTCTGCAAAGCCTTAGCG,2.9541179958182138
101_TTGTCTGCAAATGTCCACCG,3.142328926826941
101_TTGTCTGCAACAAGAGCTGG,1.6649132243879492
101_TTGTCTGCAACCAAGCTCAG,2.8876580527361617
101_TTGTCTGCAACCGGATTAAT,2.4908346529082284
101_TTGTCTGCAACTCAATGCTC,1.515866682151552
101_TTGTCTGCAAGAAGTGACTC,4.468505734082395
101_TTGTCTGCAATGGCGCATCT,5.475677161084546
101_TTGTCTGCAATTACGGAGTC,0.5346189637905403
101_TTGTCTGCAATTATCGCTGG,0.04630525057266166
101_TTGTCTGCAATTCTTGAGTG,4.121634063557485
101_TTGTCTGCAATTGACAGCCT,0.5255245062780943
101_TTGTCTGCAATTGTCGATAG,1.4504519395267013
103_CAAGGACATCACCTCACCAG,0.7722894544756572
103_CAAGGACATCAGCAACAGTA,0.32839740059508604
103_CAAGGACATCAGGCGGATCA,2.27882973946229
103_CAAGGACATCCCGCCGATAA,1.3958680067344251
103_CAAGGACATCCGGTTGGCTA,0.15175115028504904
103_CAAGGACATCGAATGAACGT,3.8045103913728706
103_CAAGGACATCGAGCGGAACT,1.0511093178344817
103_CAAGGACATCTGACAGAGGT,2.7696310978997425
103_CAAGGACATCTGCAGGCTAC,0.0238926505451007
103_CAAGGACATCTTATGCCGCT,2.268828796456824
103_CAAGGACATCTTATTCGCCT,1.001855592752001
103_CAAGGACATCTTCTCGCCTC,0.28228564320989624
103_CAAGGACATCTTGCTAAGGA,2.660557574062855
103_CCGACGCATTACCTCACCAG,1.4378022824984127
103_CCGACGCATTCCGCCGATAA,0.7655479107332883
103_CCGACGCATTCGGTTGGCTA,0.4930613803640257
103_CCGACGCATTGAATGAACGT,1.3964470101247612
103_CCGACGCATTGAGCGGAACT,3.0170092843221386
103_CCGACGCATTTGACAGAGGT,0.42169823174236765
103_CCGACGCATTTGCAGGCTAC,0.8155340256181226
103_CCGACGCATTTTATGCCGCT,0.592834139119999
103_CCGACGCATTTTATTCGCCT,0.018780619351675958
103_CCGACGCATTTTCTCGCCTC,0.2509939202680653
103_CGGAGAGTCAACCTCACCAG,1.2941254763906067
103_CGGAGAGTCAAGGCGGATCA,1.728326107031745
103_CGGAGAGTCACCGCCGATAA,1.415518668198238
103_CGGAGAGTCAGAATGAACGT,0.5495256569259355
103_CGGAGAGTCATGACAGAGGT,2.8619559639235903
103_CGGAGAGTCATGCAGGCTAC,0.021620442329926385
103_CGGAGAGTCATTACCGGACC,1.3944366357596167
103_CGGAGAGTCATTATGCCGCT,0.03605637042585026
103_CGGAGAGTCATTATTCGCCT,0.1672718758642631
103_CGGAGAGTCATTCTCGCCTC,0.3170638804292777
103_CGGAGAGTCATTGCTAAGGA,1.624641757055504
103_CGGCAAGCTAAACATAGCCT,3.89844988138897
103_CGGCAAGCTAACCTCACCAG,0.4942343744642062
103_CGGCAAGCTAAGCAACAGTA,0.059503533361846876
103_CGGCAAGCTAAGGCGGATCA,0.8954477063808033
103_CGGCAAGCTACCGCCGATAA,1.2397935145751584
103_CGGCAAGCTAGAATGAACGT,0.32362149267490325
103_CGGCAAGCTAGAGCGGAACT,0.2279987327673343
103_CGGCAAGCTATGACAGAGGT,0.0011218235535559494
103_CGGCAAGCTATGCAGGCTAC,0.04531012757128452
103_CGGCAAGCTATTCTCGCCTC,1.1524752819059292
103_CGGCAAGCTATTGCTAAGGA,0.726925442617028
103_CTGCAAGTGCAACATAGCCT,1.139463537503763
103_CTGCAAGTGCACCTCACCAG,0.24173514606075952
103_CTGCAAGTGCCCGCCGATAA,1.409682354892746
103_CTGCAAGTGCGAATGAACGT,2.8332743395789133
103_CTGCAAGTGCTGACAGAGGT,0.006017518894025322
103_CTGCAAGTGCTGCAGGCTAC,0.14509787516345296
103_CTGCAAGTGCTTACCGGACC,0.003550650647897593
103_CTGCAAGTGCTTATGCCGCT,2.0517812988964517
103_CTGCAAGTGCTTATTCGCCT,0.7986390312196501
103_CTGCAAGTGCTTGCTAAGGA,0.7996898787555584
103_GATGGACGCTAACATAGCCT,0.5658382348339788
103_GATGGACGCTACCTCACCAG,0.45842986969872057
103_GATGGACGCTAGCAACAGTA,0.16758908363252792
103_GATGGACGCTCCGCCGATAA,0.4180320296545777
103_GATGGACGCTCGGTTGGCTA,0.14760188695647772
103_GATGGACGCTGAATGAACGT,0.00043172434287525155
103_GATGGACGCTGAGCGGAACT,0.13842010775077926
103_GATGGACGCTTGACAGAGGT,0.34296484569245145
103_GATGGACGCTTGCAGGCTAC,0.32456042040988936
103_GATGGACGCTTTATGCCGCT,1.3209181298878319
103_GATGGACGCTTTCTCGCCTC,2.0724723073180256
103_GGAAGGTACGAACATAGCCT,0.5675524889924122
103_GGAAGGTACGACCTCACCAG,0.004237471954843128
103_GGAAGGTACGCCGCCGATAA,0.6566847230329388
103_GGAAGGTACGCGGTTGGCTA,2.2203522100736737
103_GGAAGGTACGGAATGAACGT,0.0545184072784286
103_GGAAGGTACGTGACAGAGGT,0.5423333262699758
103_GGAAGGTACGTGCAGGCTAC,0.9831792439667639
103_GGAAGGTACGTTATGCCGCT,0.18396041119768308
103_GGAAGGTACGTTATTCGCCT,0.0283040091740738
103_GGAAGGTACGTTCTCGCCTC,0.15945402195321368
103_GGCAATCCTCACCTCACCAG,0.04488461665423657
103_GGCAATCCTCAGGCGGATCA,0.7364609588837168
103_GGCAATCCTCCAGGCTCCAA,0.015150417816314302
103_GGCAATCCTCCCGCCGATAA,0.9562159303863198
103_GGCAATCCTCGAATGAACGT,1.7710149742897996
103_GGCAATCCTCGAGCGGAACT,1.9573937447047385
103_GGCAATCCTCTGACAGAGGT,4.089766852746836
103_GGCAATCCTCTGCAGGCTAC,0.31147395101085346
103_GGCAATCCTCTTACCGGACC,3.2996222564917463
103_GGCAATCCTCTTATTCGCCT,0.21695991017078103
103_GGCAATCCTCTTCTCGCCTC,0.0840029187843191
103_GGCAATCCTCTTGCTAAGGA,0.26685866160528404
103_TACGCTACTAAGCAACAGTA,3.001524044691215
103_TACGCTACTAAGGCGGATCA,1.277624082550542
103_TACGCTACTACAGGCTCCAA,1.071308473719701
103_TACGCTACTACCGCCGATAA,1.8798155285457523
103_TACGCTACTACGGTTGGCTA,0.10959887368749488
103_TACGCTACTAGAATGAACGT,1.664094285261441
103_TACGCTACTAGAGCGGAACT,1.700584326984542
103_TACGCTACTATGACAGAGGT,1.1270001090094737
103_TACGCTACTATTACCGGACC,0.8332172836565055
103_TACGCTACTATTATTCGCCT,1.9951267572996616
103_TACGCTACTATTCTCGCCTC,3.4752490964719702
103_TACGCTACTATTGCTAAGGA,2.049875854654786
103_TAGAGAGATGACCTCACCAG,0.00025443030016568207
103_TAGAGAGATGAGCAACAGTA,0.010545157984745493
103_TAGAGAGATGCCGCCGATAA,0.17212712837232658
103_TAGAGAGATGCGGTTGGCTA,0.0888238516860382
103_TAGAGAGATGGAATGAACGT,1.253145509034233e-07
103_TAGAGAGATGGAGCGGAACT,0.1641566929483223
103_TAGAGAGATGTGACAGAGGT,0.0013761137565962765
103_TAGAGAGATGTGCAGGCTAC,0.005999043314464954
103_TAGAGAGATGTTATGCCGCT,0.03591946266483458
103_TAGAGAGATGTTATTCGCCT,0.0023840466567783807
103_TAGAGAGATGTTGCTAAGGA,0.0025204154543961256
103_TAGATCTCTCACCTCACCAG,0.5149112333687167
103_TAGATCTCTCCAGGCTCCAA,0.022475248115997656
103_TAGATCTCTCCGGTTGGCTA,0.21020976373452335
103_TAGATCTCTCGAATGAACGT,0.010868420086952258
103_TAGATCTCTCTGACAGAGGT,1.3106494142412421
103_TAGATCTCTCTGCAGGCTAC,1.3049211623558576
103_TAGATCTCTCTTACCGGACC,1.2970138328729872
103_TAGATCTCTCTTATTCGCCT,0.8838949706040664
103_TAGATCTCTCTTCTCGCCTC,4.843716128759284
103_TAGCTCCAGAACCTCACCAG,0.30605364512451855
103_TAGCTCCAGAGAATGAACGT,5.1818643323726405
103_TAGCTCCAGAGAGCGGAACT,1.5117859948199028
103_TAGCTCCAGATGACAGAGGT,0.5299229188840604
103_TAGCTCCAGATGCAGGCTAC,1.2881612780259655
103_TCCGGATTCGACCTCACCAG,0.42238739739543724
103_TCCGGATTCGAGCAACAGTA,0.011967215676693515
103_TCCGGATTCGAGGCGGATCA,1.0479463548259802
103_TCCGGATTCGCCGCCGATAA,0.23683627928793
103_TCCGGATTCGCGGTTGGCTA,2.9756433896247767
103_TCCGGATTCGGAATGAACGT,0.1489528776990587
103_TCCGGATTCGGAGCGGAACT,0.3338468012912129
103_TCCGGATTCGTGACAGAGGT,1.4389025659081214
103_TCCGGATTCGTTATGCCGCT,0.06684978791502505
103_TCCGGATTCGTTATTCGCCT,0.37806931486222595
103_TCCGGATTCGTTCTCGCCTC,1.5854336194732663
103_TCGTGAAGCGAACATAGCCT,0.046230498426186456
103_TCGTGAAGCGAGGCGGATCA,0.0005548625878996298
103_TCGTGAAGCGCGGTTGGCTA,0.44580893449152914
103_TCGTGAAGCGGAATGAACGT,0.002180278061051158
103_TCGTGAAGCGGAGCGGAACT,0.07835770752212934
103_TCGTGAAGCGTGACAGAGGT,0.0308072201644965
103_TCGTGAAGCGTGCAGGCTAC,0.1616717277091872
103_TCGTGAAGCGTTACCGGACC,0.01677496805022664
103_TCGTGAAGCGTTATTCGCCT,0.03153335028466605
103_TCGTGAAGCGTTCTCGCCTC,0.0004913456850403483
103_TCGTGAAGCGTTGCTAAGGA,0.015063462799749197
103_TCTGCGTTAAAGCAACAGTA,2.1556294403201877
103_TCTGCGTTAACAGGCTCCAA,1.0136226244319206
103_TCTGCGTTAACCGCCGATAA,0.42169823174236765
103_TCTGCGTTAACGGTTGGCTA,0.33707697795662306
103_TCTGCGTTAAGAATGAACGT,1.6547908037785657
103_TCTGCGTTAAGAGCGGAACT,1.6261371487638996
103_TCTGCGTTAATGACAGAGGT,2.086024548665968
103_TCTGCGTTAATGCAGGCTAC,1.193806238821748
103_TCTGCGTTAATTATGCCGCT,0.296239906915255
103_TCTGCGTTAATTATTCGCCT,2.317045515765377
103_TCTGCGTTAATTCTCGCCTC,0.9532698163985438
103_TCTGCGTTAATTGCTAAGGA,2.439920503804536
103_TGACACCGTAAACATAGCCT,0.009261953082119042
103_TGACACCGTAACCTCACCAG,3.0290362110144566e-05
103_TGACACCGTAAGCAACAGTA,0.2385681679554076
103_TGACACCGTAAGGCGGATCA,0.015314336219911726
103_TGACACCGTACAGGCTCCAA,0.0002630513545362837
103_TGACACCGTACCGCCGATAA,0.005410988877001911
103_TGACACCGTACGGTTGGCTA,0.02574055590867902
103_TGACACCGTAGAGCGGAACT,0.025442538766555545
103_TGACACCGTATGCAGGCTAC,0.0431484961592236
103_TGACACCGTATTACCGGACC,0.04135881114212193
103_TGACACCGTATTATGCCGCT,9.419209992681791e-06
103_TGACACCGTATTATTCGCCT,0.00030823352564117944
103_TGACACCGTATTCTCGCCTC,0.10921198327569723
103_TGACACCGTATTGCTAAGGA,0.1583826094708968
103_TGACCATGAAAACATAGCCT,0.0016338620239775723
103_TGACCATGAAACCTCACCAG,0.004892019387524762
103_TGACCATGAAAGCAACAGTA,7.242094367942594e-05
103_TGACCATGAACCGCCGATAA,0.0008999223069507657
103_TGACCATGAACGGTTGGCTA,0.20157895048692417
103_TGACCATGAAGAGCGGAACT,0.0006924727624345326
103_TGACCATGAATGACAGAGGT,0.0001578222116149924
103_TGACCATGAATGCAGGCTAC,0.019493241419163018
103_TGACCATGAATTACCGGACC,3.0457656866774207e-05
103_TGACCATGAATTATGCCGCT,0.00020365022792017914
103_TGACCATGAATTATTCGCCT,1.4974867675429035e-07
103_TGACCATGAATTCTCGCCTC,0.0002322712377659489
103_TGACCATGAATTGCTAAGGA,0.03546196670010168
103_TGATGGAGAAACCTCACCAG,0.1696045781415158
103_TGATGGAGAAAGGCGGATCA,1.4179168074214437
103_TGATGGAGAACAGGCTCCAA,0.39221674775326615
103_TGATGGAGAACCGCCGATAA,0.4523785032826175
103_TGATGGAGAAGAATGAACGT,0.0008002172807047791
103_TGATGGAGAAGAGCGGAACT,1.751771790490972
103_TGATGGAGAATGACAGAGGT,0.4852237687497071
103_TGATGGAGAATGCAGGCTAC,1.9984238991407461
103_TGATGGAGAATTACCGGACC,0.20922697592470454
103_TGATGGAGAATTATGCCGCT,0.44193172106859024
103_TGATGGAGAATTCTCGCCTC,0.017572018535118663
103_TGATGGAGAATTGCTAAGGA,1.1559663593343366
103_TTAGGCATCCAACATAGCCT,0.04745586220769703
103_TTAGGCATCCACCTCACCAG,0.0069566098029059465
103_TTAGGCATCCAGGCGGATCA,0.017634326178195894
103_TTAGGCATCCCCGCCGATAA,0.22697485051436175
103_TTAGGCATCCCGGTTGGCTA,0.0025885345028197264
103_TTAGGCATCCGAATGAACGT,0.011077703336356994
103_TTAGGCATCCGAGCGGAACT,0.0005171307778116728
103_TTAGGCATCCTGACAGAGGT,0.04906626871870156
103_TTAGGCATCCTGCAGGCTAC,0.14903324293772346
103_TTAGGCATCCTTACCGGACC,0.037104594918664004
103_TTAGGCATCCTTATGCCGCT,0.2267117689117999
103_TTAGGCATCCTTATTCGCCT,0.00032448483943608937
103_TTAGGCATCCTTGCTAAGGA,0.16178611881487392
103_TTATGGCCTTAACATAGCCT,0.000463281886921155
103_TTATGGCCTTCCGCCGATAA,0.06100705204754724
103_TTATGGCCTTCGGTTGGCTA,0.017743468745026157
103_TTATGGCCTTGAATGAACGT,0.03125605310139062
103_TTATGGCCTTGAGCGGAACT,0.17170576619411862
103_TTATGGCCTTTGACAGAGGT,0.06266313907251606
103_TTATGGCCTTTGCAGGCTAC,0.012029814157019949
103_TTATGGCCTTTTACCGGACC,0.00018412865416145193
103_TTATGGCCTTTTATGCCGCT,0.019015889028552647
103_TTATGGCCTTTTATTCGCCT,0.0073475412676235335
103_TTATGGCCTTTTCTCGCCTC,0.0012161040451062759
103_TTATGGCCTTTTGCTAAGGA,4.033368439649231e-05
103_TTCCAGCTATCAGGCTCCAA,2.3316033720623226
103_TTCCAGCTATCCGCCGATAA,0.5684937138597161
103_TTCCAGCTATCGGTTGGCTA,0.6984452466451466
103_TTCCAGCTATGAGCGGAACT,0.07023390338596405
103_TTCCAGCTATTTATGCCGCT,1.2178028680196407
103_TTCCAGCTATTTATTCGCCT,0.3501014669553488
103_TTCCAGCTATTTCTCGCCTC,3.9398668028241777
103_TTCCGTGCTGACCTCACCAG,1.2547148783308926
103_TTCCGTGCTGAGCAACAGTA,0.00651748956566448
103_TTCCGTGCTGCCGCCGATAA,0.002955759714674053
103_TTCCGTGCTGCGGTTGGCTA,1.7582740408129645
103_TTCCGTGCTGGAATGAACGT,0.7580551320440949
103_TTCCGTGCTGTGACAGAGGT,1.575148427763325
103_TTCCGTGCTGTGCAGGCTAC,2.6655956232064053
103_TTCCGTGCTGTTATGCCGCT,2.7907663119947586
103_TTCCGTGCTGTTATTCGCCT,1.3653776598078111
103_TTCCGTGCTGTTCTCGCCTC,1.854703404988976
103_TTCCGTGCTGTTGCTAAGGA,2.4826575629733414
103_TTCGCACGCAAACATAGCCT,1.8582696618063967
103_TTCGCACGCAACCTCACCAG,0.9872969181027528
103_TTCGCACGCAAGCAACAGTA,0.1204736645920119
103_TTCGCACGCACCGCCGATAA,0.8308166755614503
103_TTCGCACGCACGGTTGGCTA,0.9268205499668654
103_TTCGCACGCAGAATGAACGT,1.067816879127367
103_TTCGCACGCAGAGCGGAACT,1.3152086220065
103_TTCGCACGCATGCAGGCTAC,1.731136897460489
103_TTCGCACGCATTATGCCGCT,0.9771530629125628
103_TTCGCACGCATTATTCGCCT,2.3294516929360034
103_TTCGCACGCATTCTCGCCTC,0.4899280390036116
103_TTCGCACGCATTGCTAAGGA,0.3542001080355774
103_TTGTCTGCAAAACATAGCCT,0.0053275405262894066
103_TTGTCTGCAACAGGCTCCAA,1.3265196291922416
103_TTGTCTGCAACCGCCGATAA,0.5011489035012123
103_TTGTCTGCAACGGTTGGCTA,2.3028605340807327e-05
103_TTGTCTGCAAGAATGAACGT,1.182739932981047
103_TTGTCTGCAATGACAGAGGT,1.9241254874570441
103_TTGTCTGCAATGCAGGCTAC,2.2285746998256233
103_TTGTCTGCAATTATTCGCCT,0.06694731853499442
103_TTGTCTGCAATTCTCGCCTC,2.297723923432593
105_CAAGGACATCTAGGTGGCGA,1.7522529800211994
105_CAAGGACATCTAGTTAGGCT,0.7425723412649168
105_CAAGGACATCTCTGCAACAA,1.8646003466700019
105_CAAGGACATCTGCATCATAC,2.5091474764771013
105_CAAGGACATCTGGCCTTAAT,0.6182872785628968
105_CCGACGCATTCCGGAGCTAA,0.37783111175474693
105_CCGACGCATTCCGTGTTACT,0.011891996947519697
105_CCGACGCATTCGACGCAGAA,0.013249140864634643
105_CCGACGCATTTAGGTGGCGA,0.8809657082958247
105_CCGACGCATTTAGTTAGGCT,0.5921955030879975
105_CCGACGCATTTTCAGGAGAT,1.73402049601101
105_CGGAGAGTCACCGGAGCTAA,1.477466065970205
105_CGGAGAGTCATGCATCATAC,0.037795476823954406
105_CGGCAAGCTACCGTGTTACT,2.221670649934539
105_CGGCAAGCTACGACGCAGAA,0.5305981984646384
105_CGGCAAGCTACTATCTAGTG,1.5271582536869368
105_CGGCAAGCTAGCACAGTATT,2.1254171576906478
105_CGGCAAGCTATAGGTGGCGA,1.9770618683370653
105_CGGCAAGCTATAGTTAGGCT,0.003550650647897593
105_CGGCAAGCTATCTGCAACAA,0.47920008791935437
105_CTGCAAGTGCTACAACTAGC,1.3621476087319404
105_CTGCAAGTGCTAGGTGGCGA,0.5697185310307087
105_CTGCAAGTGCTAGTTAGGCT,0.5613800460278884
105_CTGCAAGTGCTCTGCAACAA,2.742357223237591
105_CTGCAAGTGCTGCATCATAC,0.9431046796108933
105_CTGCAAGTGCTTACAACACG,2.3183016167965427
105_GATGGACGCTCCGGAGCTAA,1.4259653798090741
105_GATGGACGCTCGACGCAGAA,0.06583565713493163
105_GATGGACGCTTACAACTAGC,2.6841756302234714
105_GATGGACGCTTAGGTGGCGA,2.5494135383242815
105_GATGGACGCTTGGCCTTAAT,0.004437408197362444
105_GATGGACGCTTTACAACACG,0.21991194117853854
105_GGAAGGTACGCCATCTCCGT,3.5898973004588237
105_GGAAGGTACGCCGGAGCTAA,0.30569463449387196
105_GGAAGGTACGCGACGCAGAA,0.24803373877132034
105_GGAAGGTACGTAGGTGGCGA,0.3408571937417183
105_GGCAATCCTCCCATCTCCGT,0.8850738169689868
105_GGCAATCCTCCCGTGTTACT,3.142628319856835
105_GGCAATCCTCTGCATCATAC,1.3929044904773893
105_GGCAATCCTCTGGCCTTAAT,2.3733553830240077
105_TAGAGAGATGCCATCTCCGT,1.1275375675081338
105_TAGAGAGATGCCGGAGCTAA,0.00016951309755740255
105_TAGAGAGATGCGACGCAGAA,0.0008197915010004528
105_TAGAGAGATGTACAACTAGC,2.692113725550565
105_TAGAGAGATGTCTGCAACAA,0.07732609312143152
105_TAGAGAGATGTTCAGGAGAT,0.04486602056638371
105_TAGATCTCTCCCATCTCCGT,0.42376845303342003
105_TAGATCTCTCCCGGAGCTAA,0.005574902480245257
105_TAGATCTCTCTAGGTGGCGA,0.08982395459295513
105_TAGATCTCTCTTCAGGAGAT,1.4416732449857665
105_TAGCTCCAGACCGTGTTACT,0.4402556635110931
105_TAGCTCCAGACTCTTATTCG,0.3454089840931758
105_TAGCTCCAGATAGGTGGCGA,0.0020952211822240353
105_TAGCTCCAGATGCATCATAC,1.4044669176623752
105_TAGCTCCAGATGGCCTTAAT,0.8925625859086361
105_TAGCTCCAGATTCAGGAGAT,0.029219537110118935
105_TCCGGATTCGCCATCTCCGT,3.497298348143419
105_TCCGGATTCGCCGGAGCTAA,0.16414856241819364
105_TCCGGATTCGCCGTGTTACT,0.4153918794078908
105_TCCGGATTCGCGACGCAGAA,0.002915755829193155
105_TCCGGATTCGTAGGTGGCGA,0.11265848840027051
105_TCCGGATTCGTCTGCAACAA,0.2179000958878159
105_TCCGGATTCGTGGCCTTAAT,0.44580893449152914
105_TCCGGATTCGTTACAACACG,0.3258986879340751
105_TCCGGATTCGTTCAGGAGAT,2.840326608681767
105_TCCGGATTCGTTCTCTGATC,2.820073120997748
105_TCGTGAAGCGCCGGAGCTAA,0.0005447310940190569
105_TCGTGAAGCGCCGTGTTACT,0.05654557842970725
105_TCGTGAAGCGCGACGCAGAA,0.00014482778141000302
105_TCGTGAAGCGCTATCTAGTG,0.00032448483943608937
105_TCGTGAAGCGCTCTTATTCG,0.016124428037938364
105_TCGTGAAGCGTACAACTAGC,0.05871496766759128
105_TCGTGAAGCGTAGTTAGGCT,0.00803910366556226
105_TCGTGAAGCGTCTGCAACAA,5.22474214188423e-05
105_TCGTGAAGCGTGCATCATAC,0.003964764311650874
105_TCGTGAAGCGTTACAACACG,0.0888238516860382
105_TCGTGAAGCGTTCAGGAGAT,0.0389802763986254
105_TCTGCGTTAACCGTGTTACT,0.340125070840793
105_TCTGCGTTAACGACGCAGAA,1.4748720095762562
105_TCTGCGTTAATACAACTAGC,2.917078108969375
105_TCTGCGTTAATAGGTGGCGA,1.541013752004534
105_TCTGCGTTAATGCATCATAC,0.18996110185139825
105_TCTGCGTTAATTACAACACG,0.13872212781832904
105_TGACACCGTACCATCTCCGT,0.00927592552557646
105_TGACACCGTACCGGAGCTAA,0.10668042110186168
105_TGACACCGTACCGTGTTACT,0.00803910366556226
105_TGACACCGTACGACGCAGAA,0.011199371725048469
105_TGACACCGTACTCTTATTCG,2.3177824945351192e-07
105_TGACACCGTATACAACTAGC,0.0007488883067846068
105_TGACACCGTATAGGTGGCGA,0.13565544234274743
105_TGACACCGTATAGTTAGGCT,0.033961984716653085
105_TGACACCGTATCTGCAACAA,0.0016462406908882641
105_TGACACCGTATGCATCATAC,0.01745846713891329
105_TGACACCGTATGGCCTTAAT,0.00018917687342517097
105_TGACACCGTATTACAACACG,9.8761958278215e-05
105_TGACACCGTATTCTCTGATC,6.745937686403923e-06
105_TGACCATGAACCGGAGCTAA,0.0022269584604224023
105_TGACCATGAACGACGCAGAA,4.007665214926138e-06
105_TGACCATGAACTATCTAGTG,0.003106104832853025
105_TGACCATGAATACAACTAGC,0.1344862612942892
105_TGACCATGAATCTGCAACAA,0.022093180148642793
105_TGACCATGAATGCATCATAC,0.024312869870685455
105_TGACCATGAATGGCCTTAAT,0.050330677887749
105_TGACCATGAATTACAACACG,0.0024779096425463776
105_TGACCATGAATTCTCTGATC,0.00015588801424284006
105_TGATGGAGAACCATCTCCGT,0.19697347805048235
105_TGATGGAGAACCGGAGCTAA,0.5483024374735039
105_TGATGGAGAACCGTGTTACT,3.8109408253996984
105_TGATGGAGAACGACGCAGAA,0.4357632057824977
105_TGATGGAGAACTATCTAGTG,1.3124111388185304
105_TGATGGAGAAGCACAGTATT,0.18822445490173295
105_TGATGGAGAATACAACTAGC,0.000634097084910856
105_TGATGGAGAATAGGTGGCGA,0.3210152238332057
105_TGATGGAGAATAGTTAGGCT,2.6839958567732634
105_TGATGGAGAATGGCCTTAAT,0.08759434987501538
105_TGATGGAGAATTCAGGAGAT,3.3485823017836926
105_TTAGGCATCCCCGGAGCTAA,0.005903331377156536
105_TTAGGCATCCCCGTGTTACT,0.000546605276565807
105_TTAGGCATCCCGACGCAGAA,0.00020365022792017914
105_TTAGGCATCCCTATCTAGTG,0.0004464845573437604
105_TTAGGCATCCCTCTTATTCG,0.01084131037188163
105_TTAGGCATCCTAGGTGGCGA,0.014747876122440594
105_TTAGGCATCCTAGTTAGGCT,0.02873157466963289
105_TTAGGCATCCTCTGCAACAA,0.00014272917418342446
105_TTAGGCATCCTGCATCATAC,0.008090137649335237
105_TTAGGCATCCTGGCCTTAAT,0.02795630657276356
105_TTAGGCATCCTTCAGGAGAT,0.01872292279627013
105_TTAGGCATCCTTCTCTGATC,2.890319948949205e-05
105_TTATGGCCTTCCATCTCCGT,0.021524750347168227
105_TTATGGCCTTCCGTGTTACT,0.04589343870666548
105_TTATGGCCTTCGACGCAGAA,0.13218868081231475
105_TTATGGCCTTCTCTTATTCG,0.017634326178195894
105_TTATGGCCTTTACAACTAGC,0.0004202322923901801
105_TTATGGCCTTTAGTTAGGCT,0.1897715604884273
105_TTATGGCCTTTCTGCAACAA,0.012658171407355267
105_TTATGGCCTTTGCATCATAC,0.014579205189589236
105_TTATGGCCTTTGGCCTTAAT,0.07260809850814177
105_TTATGGCCTTTTCAGGAGAT,0.0022430111895838495
105_TTATGGCCTTTTCTCTGATC,0.04649833456346007
105_TTCCAGCTATTACAACTAGC,0.05818717740111686
105_TTCCAGCTATTAGGTGGCGA,1.4664848292850308
105_TTCCAGCTATTGCATCATAC,0.9151792270184177
105_TTCCAGCTATTTCAGGAGAT,2.329304816575329
105_TTCCGTGCTGCCGGAGCTAA,0.4307891435931021
105_TTCCGTGCTGCTCTTATTCG,0.10267580358316974
105_TTCCGTGCTGTGGCCTTAAT,8.380957251894634e-05
105_TTCCGTGCTGTTACAACACG,0.3676525310396129
105_TTCGCACGCACCGTGTTACT,0.369741454624465
105_TTCGCACGCATACAACTAGC,0.20841682803433823
105_TTCGCACGCATTCAGGAGAT,0.04029004989017309
105_TTGTCTGCAATACAACTAGC,1.7336320238013982
105_TTGTCTGCAATAGTTAGGCT,3.6961875387147214
