Cell_ID,mitea_activity_tarbase
101_CAAGGACATCAGCCTTAGCG,25.66895942353994
101_CAAGGACATCAGCTTAGAGG,0.3321507174220687
101_CAAGGACATCATGTCCACCG,25.597356412672678
101_CAAGGACATCCCAAGCTCAG,36.62613632210083
101_CAAGGACATCCCGGATTAAT,1.6202479569618686
101_CAAGGACATCCTCAATGCTC,5.964418076115831
101_CAAGGACATCGAAGTGACTC,1.8391674884104412
101_CAAGGACATCTAATCACCAC,0.7999463484273385
101_CAAGGACATCTGGCGCATCT,0.024355990275077108
101_CAAGGACATCTTACGGAGTC,1.4735081925641964
101_CAAGGACATCTTATCGCTGG,0.5556140939275063
101_CAAGGACATCTTCTCCATTC,3.7060573052709396
101_CAAGGACATCTTCTTGAGTG,22.596376459166805
101_CAAGGACATCTTGACAGCCT,6.564840503093853
101_CAAGGACATCTTGTCGATAG,2.3061718488235408
101_CCGACGCATTAGCCTTAGCG,8.004207901593391
101_CCGACGCATTATGTCCACCG,0.48157103079305363
101_CCGACGCATTCAAGAGCTGG,2.3033893984878095
101_CCGACGCATTCCAAGCTCAG,15.164811197140187
101_CCGACGCATTCCGGATTAAT,4.682560937730299
101_CCGACGCATTCTCAATGCTC,0.1503632966804466
101_CCGACGCATTGAAGTGACTC,0.8341615609290064
101_CCGACGCATTTAATCACCAC,14.206273822327743
101_CCGACGCATTTGGCGCATCT,7.713527979420743
101_CCGACGCATTTTACGGAGTC,0.22163875894634769
101_CCGACGCATTTTATCGCTGG,8.910859254181512
101_CCGACGCATTTTCTCCATTC,10.777041564654185
101_CCGACGCATTTTCTTGAGTG,10.130484376578616
101_CCGACGCATTTTGACAGCCT,10.190117103255055
101_CCGACGCATTTTGTCGATAG,0.1309798435779995
101_CGGAGAGTCAAGCCTTAGCG,11.186806364885209
101_CGGAGAGTCAAGCTTAGAGG,6.147694786656216
101_CGGAGAGTCAATGTCCACCG,0.06355246958539641
101_CGGAGAGTCACAAGAGCTGG,0.7271528142107999
101_CGGAGAGTCACCAAGCTCAG,18.110546060040104
101_CGGAGAGTCACCGGATTAAT,1.7914474404956926
101_CGGAGAGTCACTCAATGCTC,2.818967054705721
101_CGGAGAGTCAGAAGTGACTC,0.1359744798841942
101_CGGAGAGTCATAATCACCAC,12.763309898845986
101_CGGAGAGTCATGGCGCATCT,15.755768342865556
101_CGGAGAGTCATTACGGAGTC,1.962937865723265
101_CGGAGAGTCATTATCGCTGG,12.439782597277116
101_CGGAGAGTCATTCTCCATTC,12.587751195119287
101_CGGAGAGTCATTCTTGAGTG,0.5298104805766567
101_CGGAGAGTCATTGACAGCCT,13.157455397560428
101_CGGAGAGTCATTGTCGATAG,0.0022222905137767104
101_CGGCAAGCTAAGCCTTAGCG,13.945022314203793
101_CGGCAAGCTAAGCTTAGAGG,5.851439369280747
101_CGGCAAGCTAATGTCCACCG,0.004215098949317688
101_CGGCAAGCTACAAGAGCTGG,2.602016693476441
101_CGGCAAGCTACCAAGCTCAG,0.02583424891629209
101_CGGCAAGCTACCGGATTAAT,2.218737692176366
101_CGGCAAGCTACTCAATGCTC,3.2081249476118416
101_CGGCAAGCTAGAAGTGACTC,0.07751652084426469
101_CGGCAAGCTATGGCGCATCT,11.916924112971564
101_CGGCAAGCTATTACGGAGTC,5.437357430594171
101_CGGCAAGCTATTCTCCATTC,2.2901678447492158
101_CGGCAAGCTATTCTTGAGTG,9.569935786495959
101_CGGCAAGCTATTGACAGCCT,0.0022222905137767104
101_CGGCAAGCTATTGTCGATAG,0.5866533712458124
101_CTGCAAGTGCAGCCTTAGCG,0.04705599524910449
101_CTGCAAGTGCATGTCCACCG,28.749853762089437
101_CTGCAAGTGCCAAGAGCTGG,0.49158395441778624
101_CTGCAAGTGCCCAAGCTCAG,21.542221029682203
101_CTGCAAGTGCCCGGATTAAT,0.19365383378244821
101_CTGCAAGTGCCTCAATGCTC,23.362398872098122
101_CTGCAAGTGCGAAGTGACTC,17.384539370660452
101_CTGCAAGTGCTAATCACCAC,2.6681129727755564
101_CTGCAAGTGCTGGCGCATCT,10.498478821374455
101_CTGCAAGTGCTTACGGAGTC,28.537224088469912
101_CTGCAAGTGCTTATCGCTGG,0.12752696827364657
101_CTGCAAGTGCTTCTCCATTC,13.483020283444919
101_CTGCAAGTGCTTCTTGAGTG,1.0602733380184055
101_CTGCAAGTGCTTGACAGCCT,10.962939162415646
101_CTGCAAGTGCTTGTCGATAG,31.184797699947925
101_GATGGACGCTAGCCTTAGCG,19.436433584279996
101_GATGGACGCTATGTCCACCG,0.4288216044258069
101_GATGGACGCTCAAGAGCTGG,5.879330302229691
101_GATGGACGCTCCAAGCTCAG,7.0568641005369726
101_GATGGACGCTCCGGATTAAT,0.1577188278206125
101_GATGGACGCTCTCAATGCTC,0.07126417139743299
101_GATGGACGCTGAAGTGACTC,23.792661142274554
101_GATGGACGCTTAATCACCAC,5.417915259456348
101_GATGGACGCTTGGCGCATCT,0.0019408668960540886
101_GATGGACGCTTTACGGAGTC,12.099778242258402
101_GATGGACGCTTTATCGCTGG,0.0940347789406705
101_GATGGACGCTTTCTCCATTC,11.436930715996485
101_GATGGACGCTTTGACAGCCT,29.828800890322377
101_GATGGACGCTTTGTCGATAG,18.445048476200668
101_GGAAGGTACGAGCCTTAGCG,8.605282966330073
101_GGAAGGTACGAGCTTAGAGG,2.9496080916688348
101_GGAAGGTACGATGTCCACCG,4.951912372515886
101_GGAAGGTACGCAAGAGCTGG,7.224439297049722
101_GGAAGGTACGCCAAGCTCAG,1.1834838548610822
101_GGAAGGTACGCCGGATTAAT,30.146686827224052
101_GGAAGGTACGCTCAATGCTC,0.40905309117872163
101_GGAAGGTACGGAAGTGACTC,2.5601096111390196
101_GGAAGGTACGTAATCACCAC,0.18180370187477043
101_GGAAGGTACGTGGCGCATCT,0.05929035233132937
101_GGAAGGTACGTTATCGCTGG,7.687692996545779
101_GGAAGGTACGTTCTCCATTC,0.3809584268757235
101_GGAAGGTACGTTCTTGAGTG,0.10815568432344763
101_GGAAGGTACGTTGACAGCCT,0.010017956701870986
101_GGAAGGTACGTTGTCGATAG,1.9435924886687228
101_GGCAATCCTCAGCCTTAGCG,2.698034959661522
101_GGCAATCCTCAGCTTAGAGG,0.004215098949317688
101_GGCAATCCTCCAAGAGCTGG,1.4870583672951654
101_GGCAATCCTCCCAAGCTCAG,6.99193235640385
101_GGCAATCCTCGAAGTGACTC,0.43310326384488895
101_GGCAATCCTCTAATCACCAC,0.011111959380888445
101_GGCAATCCTCTGGCGCATCT,7.1580844893230795
101_GGCAATCCTCTTACGGAGTC,0.2909567098166643
101_GGCAATCCTCTTCTCCATTC,16.76714179333568
101_GGCAATCCTCTTCTTGAGTG,3.531286648083671
101_GGCAATCCTCTTGACAGCCT,0.06945979388875324
101_GGCAATCCTCTTGTCGATAG,3.2539072486773692
101_TACGCTACTAAGCTTAGAGG,0.0392889428267663
101_TACGCTACTAATGTCCACCG,0.03864507696847873
101_TACGCTACTACAAGAGCTGG,6.889385586188995
101_TACGCTACTACCAAGCTCAG,6.098045546072385
101_TACGCTACTACCGGATTAAT,1.5012511644257438e-09
101_TACGCTACTACTCAATGCTC,9.698446386664662
101_TACGCTACTAGAAGTGACTC,2.569660332863279e-06
101_TACGCTACTATGGCGCATCT,21.97250965619049
101_TACGCTACTATTCTCCATTC,8.555820728461883
101_TACGCTACTATTCTTGAGTG,4.59966769475568
101_TACGCTACTATTGACAGCCT,5.649107160697831
101_TACGCTACTATTGTCGATAG,0.2237334256224566
101_TAGAGAGATGAGCCTTAGCG,0.8341615609290064
101_TAGAGAGATGATGTCCACCG,0.5469798728351305
101_TAGAGAGATGCAAGAGCTGG,1.0051622608569302e-05
101_TAGAGAGATGCCAAGCTCAG,0.1520825302977547
101_TAGAGAGATGCCGGATTAAT,0.0021427671444993112
101_TAGAGAGATGCTCAATGCTC,0.36091827163485907
101_TAGAGAGATGGAAGTGACTC,0.01665781106547102
101_TAGAGAGATGTTACGGAGTC,0.13392336283834766
101_TAGAGAGATGTTATCGCTGG,0.05914425215044166
101_TAGAGAGATGTTCTCCATTC,0.44062890827968637
101_TAGAGAGATGTTCTTGAGTG,0.5116874682491888
101_TAGAGAGATGTTGACAGCCT,4.354006637107048
101_TAGAGAGATGTTGTCGATAG,0.2935001779278921
101_TAGATCTCTCAGCCTTAGCG,20.343120090891965
101_TAGATCTCTCAGCTTAGAGG,2.6049941323952
101_TAGATCTCTCCAAGAGCTGG,4.570620070152269
101_TAGATCTCTCCCAAGCTCAG,12.7609540186028
101_TAGATCTCTCCCGGATTAAT,9.363987960550068
101_TAGATCTCTCCTCAATGCTC,8.324318689495021
101_TAGATCTCTCGAAGTGACTC,1.3177901323954841
101_TAGATCTCTCTAATCACCAC,0.10379465988178659
101_TAGATCTCTCTGGCGCATCT,0.6347760719495372
101_TAGATCTCTCTTACGGAGTC,18.652249952960993
101_TAGATCTCTCTTATCGCTGG,1.0428058363734527
101_TAGATCTCTCTTCTCCATTC,15.48818227459575
101_TAGATCTCTCTTGACAGCCT,0.042619742034218984
101_TAGATCTCTCTTGTCGATAG,17.493454276269887
101_TAGCTCCAGAATGTCCACCG,0.0030110794965917276
101_TAGCTCCAGACAAGAGCTGG,5.450626020091595
101_TAGCTCCAGACCGGATTAAT,0.2522476006564198
101_TAGCTCCAGACTCAATGCTC,7.327295600687005
101_TAGCTCCAGAGAAGTGACTC,0.02665493282893176
101_TAGCTCCAGATAATCACCAC,0.9895673196782385
101_TAGCTCCAGATGGCGCATCT,0.08780077100507254
101_TAGCTCCAGATTACGGAGTC,6.524894176042732
101_TAGCTCCAGATTATCGCTGG,2.6084911903960304
101_TAGCTCCAGATTCTCCATTC,0.021196116068242003
101_TAGCTCCAGATTCTTGAGTG,6.504783834560851
101_TAGCTCCAGATTGACAGCCT,12.359836554225279
101_TAGCTCCAGATTGTCGATAG,14.54993765209534
101_TCCGGATTCGAGCCTTAGCG,5.184739652747768
101_TCCGGATTCGAGCTTAGAGG,0.16722888714644835
101_TCCGGATTCGATGTCCACCG,20.333543129659656
101_TCCGGATTCGCAAGAGCTGG,2.252870456653837
101_TCCGGATTCGCCAAGCTCAG,0.042994928210920665
101_TCCGGATTCGCCGGATTAAT,0.3549578464315548
101_TCCGGATTCGCTCAATGCTC,0.024355990275077108
101_TCCGGATTCGGAAGTGACTC,9.15621887603663
101_TCCGGATTCGTAATCACCAC,0.3688179303675851
101_TCCGGATTCGTGGCGCATCT,1.3609097911940518
101_TCCGGATTCGTTACGGAGTC,1.1318478962641518
101_TCCGGATTCGTTATCGCTGG,16.543635795231566
101_TCCGGATTCGTTCTCCATTC,0.11426890099415693
101_TCCGGATTCGTTCTTGAGTG,0.6398360938003319
101_TCCGGATTCGTTGTCGATAG,0.02194566035956103
101_TCGTGAAGCGAGCCTTAGCG,0.07297757539650794
101_TCGTGAAGCGAGCTTAGAGG,0.10379465988178659
101_TCGTGAAGCGCAAGAGCTGG,0.0378181061032264
101_TCGTGAAGCGCCAAGCTCAG,0.00767938087807142
101_TCGTGAAGCGCCGGATTAAT,0.13392336283834766
101_TCGTGAAGCGCTCAATGCTC,0.11463602830859271
101_TCGTGAAGCGGAAGTGACTC,0.5032307901310192
101_TCGTGAAGCGTAATCACCAC,0.012421898606909594
101_TCGTGAAGCGTGGCGCATCT,1.711406905057804
101_TCGTGAAGCGTTACGGAGTC,0.4204517603391317
101_TCGTGAAGCGTTCTCCATTC,0.030713179046672097
101_TCGTGAAGCGTTCTTGAGTG,0.01585652381067374
101_TCGTGAAGCGTTGACAGCCT,0.08780077100507254
101_TCGTGAAGCGTTGTCGATAG,0.026290471949866005
101_TCTGCGTTAAAGCCTTAGCG,0.4218624668854991
101_TCTGCGTTAACCAAGCTCAG,7.467759200269674
101_TCTGCGTTAACCGGATTAAT,0.37737253966720286
101_TCTGCGTTAACTCAATGCTC,2.4409272005620277
101_TCTGCGTTAAGAAGTGACTC,27.652664120548103
101_TCTGCGTTAATAATCACCAC,0.004215098949317688
101_TCTGCGTTAATGGCGCATCT,16.128613655952513
101_TCTGCGTTAATTACGGAGTC,17.229331486466712
101_TCTGCGTTAATTATCGCTGG,5.436568881672005
101_TCTGCGTTAATTCTCCATTC,0.06426718514598939
101_TCTGCGTTAATTGACAGCCT,5.976145956431104
101_TCTGCGTTAATTGTCGATAG,2.5245137509944215
101_TGACACCGTAAGCCTTAGCG,0.014891350966664703
101_TGACACCGTAAGCTTAGAGG,0.39507264881563364
101_TGACACCGTAATGTCCACCG,0.013390745178641038
101_TGACACCGTACAAGAGCTGG,0.009512978335722618
101_TGACACCGTACCAAGCTCAG,0.000605696048746202
101_TGACACCGTACCGGATTAAT,0.11876016021190443
101_TGACACCGTACTCAATGCTC,3.1324229831088615
101_TGACACCGTAGAAGTGACTC,0.06019426952809129
101_TGACACCGTATAATCACCAC,0.2052533582478472
101_TGACACCGTATGGCGCATCT,0.16722888714644835
101_TGACACCGTATTACGGAGTC,0.04476107889766333
101_TGACACCGTATTATCGCTGG,0.024355990275077108
101_TGACACCGTATTCTCCATTC,0.32986973111671314
101_TGACACCGTATTGACAGCCT,0.3549578464315548
101_TGACACCGTATTGTCGATAG,0.024355990275077108
101_TGACCATGAAAGCCTTAGCG,0.051569800004890455
101_TGACCATGAAAGCTTAGAGG,0.039769799353598714
101_TGACCATGAAATGTCCACCG,1.353969130031812
101_TGACCATGAACAAGAGCTGG,0.008550936092814423
101_TGACCATGAACCAAGCTCAG,0.061415827746903656
101_TGACCATGAACCGGATTAAT,0.6606913903052615
101_TGACCATGAACTCAATGCTC,0.0040285934906212715
101_TGACCATGAAGAAGTGACTC,0.2935001779278921
101_TGACCATGAATAATCACCAC,0.040718656250396015
101_TGACCATGAATGGCGCATCT,0.004215098949317688
101_TGACCATGAATTACGGAGTC,0.0024823829044382127
101_TGACCATGAATTATCGCTGG,0.00020216704425955607
101_TGACCATGAATTCTCCATTC,0.8786059151283144
101_TGACCATGAATTCTTGAGTG,0.026170014333223073
101_TGACCATGAATTGACAGCCT,0.014891350966664703
101_TGACCATGAATTGTCGATAG,0.022246772506981344
101_TGATGGAGAAAGCCTTAGCG,0.2894838929872051
101_TGATGGAGAAAGCTTAGAGG,0.123446981254597
101_TGATGGAGAACAAGAGCTGG,13.541029349473845
101_TGATGGAGAACCAAGCTCAG,1.844633342517834
101_TGATGGAGAACCGGATTAAT,3.673849683210633
101_TGATGGAGAACTCAATGCTC,5.478668978261125
101_TGATGGAGAAGAAGTGACTC,9.85242058977803
101_TGATGGAGAATAATCACCAC,0.10379465988178659
101_TGATGGAGAATGGCGCATCT,0.7273772430404778
101_TGATGGAGAATTACGGAGTC,0.02321804974306968
101_TGATGGAGAATTATCGCTGG,1.5575780362370537
101_TGATGGAGAATTCTCCATTC,1.1908116744932697
101_TGATGGAGAATTCTTGAGTG,1.1446479650705564e-06
101_TGATGGAGAATTGACAGCCT,0.28735805153658284
101_TGATGGAGAATTGTCGATAG,0.4498883056969621
101_TTAGGCATCCAGCTTAGAGG,0.054190813830997046
101_TTAGGCATCCATGTCCACCG,0.7494623199875048
101_TTAGGCATCCCAAGAGCTGG,0.06449265198713869
101_TTAGGCATCCCCAAGCTCAG,0.03208765433514107
101_TTAGGCATCCCCGGATTAAT,0.00018750355275378092
101_TTAGGCATCCCTCAATGCTC,0.12645669727712391
101_TTAGGCATCCGAAGTGACTC,0.09185331433610262
101_TTAGGCATCCTAATCACCAC,0.0058645956366240775
101_TTAGGCATCCTGGCGCATCT,0.3351835410156363
101_TTAGGCATCCTTACGGAGTC,0.006679142115296051
101_TTAGGCATCCTTATCGCTGG,0.08780077100507254
101_TTAGGCATCCTTCTCCATTC,0.024355990275077108
101_TTAGGCATCCTTGACAGCCT,0.03208765433514107
101_TTAGGCATCCTTGTCGATAG,0.008892430680605686
101_TTATGGCCTTAGCCTTAGCG,0.3720639227564485
101_TTATGGCCTTAGCTTAGAGG,0.11862569620161077
101_TTATGGCCTTATGTCCACCG,0.14589273433508326
101_TTATGGCCTTCAAGAGCTGG,0.0003166612113291888
101_TTATGGCCTTCCAAGCTCAG,0.00010751328631810398
101_TTATGGCCTTCTCAATGCTC,1.4898321904704441
101_TTATGGCCTTGAAGTGACTC,0.0006022361654664765
101_TTATGGCCTTTGGCGCATCT,0.024355990275077108
101_TTATGGCCTTTTACGGAGTC,0.4459212025452272
101_TTATGGCCTTTTATCGCTGG,0.40099858367940516
101_TTATGGCCTTTTCTCCATTC,2.4058620399120145
101_TTATGGCCTTTTCTTGAGTG,0.001758511840297148
101_TTATGGCCTTTTGACAGCCT,2.248907449788999
101_TTATGGCCTTTTGTCGATAG,0.5040688883470955
101_TTCCAGCTATAGCCTTAGCG,1.7288033052038523
101_TTCCAGCTATAGCTTAGAGG,0.041688346039486034
101_TTCCAGCTATATGTCCACCG,1.5351188089842376
101_TTCCAGCTATCAAGAGCTGG,0.00020216704425955607
101_TTCCAGCTATCCAAGCTCAG,0.5281957506488629
101_TTCCAGCTATCCGGATTAAT,0.04857304152633089
101_TTCCAGCTATCTCAATGCTC,0.4239659252666278
101_TTCCAGCTATTAATCACCAC,0.27262708168036365
101_TTCCAGCTATTGGCGCATCT,0.5556140939275063
101_TTCCAGCTATTTACGGAGTC,0.04482829594623229
101_TTCCAGCTATTTCTCCATTC,0.7348242224689359
101_TTCCAGCTATTTGACAGCCT,14.93672285775362
101_TTCCAGCTATTTGTCGATAG,1.7741696729683615e-12
101_TTCCGTGCTGAGCCTTAGCG,0.004215098949317688
101_TTCCGTGCTGAGCTTAGAGG,0.039056543101083634
101_TTCCGTGCTGATGTCCACCG,0.03208765433514107
101_TTCCGTGCTGCAAGAGCTGG,0.05006162046733596
101_TTCCGTGCTGCCAAGCTCAG,0.1819654983291033
101_TTCCGTGCTGCCGGATTAAT,0.0019595235673995847
101_TTCCGTGCTGCTCAATGCTC,0.01665781106547102
101_TTCCGTGCTGGAAGTGACTC,0.2971459468409664
101_TTCCGTGCTGTAATCACCAC,0.9667417279037569
101_TTCCGTGCTGTGGCGCATCT,10.836746897810016
101_TTCCGTGCTGTTACGGAGTC,3.483200589218939
101_TTCCGTGCTGTTATCGCTGG,0.026630941782810783
101_TTCCGTGCTGTTCTTGAGTG,8.05873430553999
101_TTCCGTGCTGTTGACAGCCT,0.1520825302977547
101_TTCCGTGCTGTTGTCGATAG,3.147340110904882
101_TTCGCACGCAAGCCTTAGCG,3.9998267039877455
101_TTCGCACGCAAGCTTAGAGG,18.217976408323803
101_TTCGCACGCAATGTCCACCG,0.004215098949317688
101_TTCGCACGCACAAGAGCTGG,14.211908343296441
101_TTCGCACGCACCAAGCTCAG,1.0767958910171116
101_TTCGCACGCACCGGATTAAT,7.146661319376057
101_TTCGCACGCACTCAATGCTC,6.0978095310036196
101_TTCGCACGCAGAAGTGACTC,18.905202358001798
101_TTCGCACGCATGGCGCATCT,0.024355990275077108
101_TTCGCACGCATTACGGAGTC,0.05006162046733596
101_TTCGCACGCATTATCGCTGG,12.30824184838522
101_TTCGCACGCATTCTCCATTC,0.6181029201516657
101_TTCGCACGCATTCTTGAGTG,3.0383577590397177
101_TTCGCACGCATTGACAGCCT,20.384732942750738
101_TTCGCACGCATTGTCGATAG,0.5660584302627933
101_TTGTCTGCAAAGCCTTAGCG,13.778115844927424
101_TTGTCTGCAAATGTCCACCG,8.12840873832898
101_TTGTCTGCAACAAGAGCTGG,0.9844691886215934
101_TTGTCTGCAACCAAGCTCAG,18.98065710029679
101_TTGTCTGCAACCGGATTAAT,0.6596230232542221
101_TTGTCTGCAACTCAATGCTC,3.19969735266172
101_TTGTCTGCAAGAAGTGACTC,0.22173585051723596
101_TTGTCTGCAATGGCGCATCT,13.865018827347404
101_TTGTCTGCAATTACGGAGTC,6.346384959508934
101_TTGTCTGCAATTATCGCTGG,2.569660332863279e-06
101_TTGTCTGCAATTCTTGAGTG,10.381625801802612
101_TTGTCTGCAATTGACAGCCT,0.9573598831872753
101_TTGTCTGCAATTGTCGATAG,0.7790680100826568
103_CAAGGACATCACCTCACCAG,1.8564929231702088
103_CAAGGACATCAGCAACAGTA,7.03756049807376
103_CAAGGACATCAGGCGGATCA,8.419823288055166
103_CAAGGACATCCCGCCGATAA,11.224133713646431
103_CAAGGACATCCGGTTGGCTA,3.8880550438320207
103_CAAGGACATCGAATGAACGT,14.414425410821075
103_CAAGGACATCGAGCGGAACT,8.211293232829602
103_CAAGGACATCTGACAGAGGT,28.927088655906275
103_CAAGGACATCTGCAGGCTAC,0.002818065736361716
103_CAAGGACATCTTATGCCGCT,19.949245995387095
103_CAAGGACATCTTATTCGCCT,0.34541472497380227
103_CAAGGACATCTTCTCGCCTC,3.8472422848979435
103_CAAGGACATCTTGCTAAGGA,11.738662143950988
103_CCGACGCATTACCTCACCAG,1.551988568395936
103_CCGACGCATTCCGCCGATAA,1.786313580260163
103_CCGACGCATTCGGTTGGCTA,7.5901792489242705
103_CCGACGCATTGAATGAACGT,15.290751760574627
103_CCGACGCATTGAGCGGAACT,2.876238598899326
103_CCGACGCATTTGACAGAGGT,0.36479557700199067
103_CCGACGCATTTGCAGGCTAC,8.179870659312037
103_CCGACGCATTTTATGCCGCT,2.751024828906685
103_CCGACGCATTTTATTCGCCT,0.4965521295996951
103_CCGACGCATTTTCTCGCCTC,0.5258289747633778
103_CGGAGAGTCAACCTCACCAG,12.823716127698313
103_CGGAGAGTCAAGGCGGATCA,0.08074598567841176
103_CGGAGAGTCACCGCCGATAA,14.827643616359728
103_CGGAGAGTCAGAATGAACGT,10.784600272172932
103_CGGAGAGTCATGACAGAGGT,6.346275830119609
103_CGGAGAGTCATGCAGGCTAC,0.4295791575590716
103_CGGAGAGTCATTACCGGACC,8.034623758757414
103_CGGAGAGTCATTATGCCGCT,0.014891350966664703
103_CGGAGAGTCATTATTCGCCT,0.012038159523191263
103_CGGAGAGTCATTCTCGCCTC,16.842593450937873
103_CGGAGAGTCATTGCTAAGGA,2.3260912204935384
103_CGGCAAGCTAAACATAGCCT,22.44340950118836
103_CGGCAAGCTAACCTCACCAG,9.90520275847883
103_CGGCAAGCTAAGCAACAGTA,5.86312918464315
103_CGGCAAGCTAAGGCGGATCA,1.2194056110576934
103_CGGCAAGCTACCGCCGATAA,0.40099858367940516
103_CGGCAAGCTAGAATGAACGT,6.59371902001802
103_CGGCAAGCTAGAGCGGAACT,3.1325226520966534
103_CGGCAAGCTATGACAGAGGT,0.052513818990432407
103_CGGCAAGCTATGCAGGCTAC,0.5515517410572953
103_CGGCAAGCTATTCTCGCCTC,0.06422433969877203
103_CGGCAAGCTATTGCTAAGGA,23.322758691104905
103_CTGCAAGTGCAACATAGCCT,0.006061142294236652
103_CTGCAAGTGCACCTCACCAG,0.5556140939275063
103_CTGCAAGTGCCCGCCGATAA,3.6944402946819324
103_CTGCAAGTGCGAATGAACGT,3.7872007916432477
103_CTGCAAGTGCTGACAGAGGT,0.04782719961621355
103_CTGCAAGTGCTGCAGGCTAC,0.1545285173204552
103_CTGCAAGTGCTTACCGGACC,0.007505297494070986
103_CTGCAAGTGCTTATGCCGCT,4.34153694231794
103_CTGCAAGTGCTTATTCGCCT,7.5248988267945265
103_CTGCAAGTGCTTGCTAAGGA,19.665188439498582
103_GATGGACGCTAACATAGCCT,1.7796499753483896
103_GATGGACGCTACCTCACCAG,0.007167873815926581
103_GATGGACGCTAGCAACAGTA,3.0738447531047943
103_GATGGACGCTCCGCCGATAA,18.515949030882602
103_GATGGACGCTCGGTTGGCTA,1.781365405526671
103_GATGGACGCTGAATGAACGT,0.25372013331335397
103_GATGGACGCTGAGCGGAACT,2.9443297190456788
103_GATGGACGCTTGACAGAGGT,5.939434527778638
103_GATGGACGCTTGCAGGCTAC,2.487486201280633
103_GATGGACGCTTTATGCCGCT,2.480398552898193
103_GATGGACGCTTTCTCGCCTC,0.6266650983023155
103_GGAAGGTACGAACATAGCCT,14.293071756495355
103_GGAAGGTACGACCTCACCAG,0.04709060849796661
103_GGAAGGTACGCCGCCGATAA,7.45944316920094
103_GGAAGGTACGCGGTTGGCTA,4.595033929230921
103_GGAAGGTACGGAATGAACGT,0.005384679350292489
103_GGAAGGTACGTGACAGAGGT,3.544959919277789
103_GGAAGGTACGTGCAGGCTAC,17.65520292675079
103_GGAAGGTACGTTATGCCGCT,9.244300837012878
103_GGAAGGTACGTTATTCGCCT,0.12366084849369857
103_GGAAGGTACGTTCTCGCCTC,0.03134241597510429
103_GGCAATCCTCACCTCACCAG,3.130297062583415
103_GGCAATCCTCAGGCGGATCA,8.985582054375298
103_GGCAATCCTCCAGGCTCCAA,0.4995088613544689
103_GGCAATCCTCCCGCCGATAA,0.17867977681612918
103_GGCAATCCTCGAATGAACGT,17.02653496267215
103_GGCAATCCTCGAGCGGAACT,22.543211475801698
103_GGCAATCCTCTGACAGAGGT,8.90584680361948
103_GGCAATCCTCTGCAGGCTAC,0.5986575283207378
103_GGCAATCCTCTTACCGGACC,9.307608476039631
103_GGCAATCCTCTTATTCGCCT,5.58374117904077
103_GGCAATCCTCTTCTCGCCTC,0.49700105133178807
103_GGCAATCCTCTTGCTAAGGA,0.7993785220466565
103_TACGCTACTAAGCAACAGTA,18.902614644433363
103_TACGCTACTAAGGCGGATCA,0.9916300308410395
103_TACGCTACTACAGGCTCCAA,5.65488538428195
103_TACGCTACTACCGCCGATAA,0.7399826321604414
103_TACGCTACTACGGTTGGCTA,0.5424120821563533
103_TACGCTACTAGAATGAACGT,0.3677953453064684
103_TACGCTACTAGAGCGGAACT,6.652837514846398
103_TACGCTACTATGACAGAGGT,8.366891469002319
103_TACGCTACTATTACCGGACC,10.754174641554389
103_TACGCTACTATTATTCGCCT,0.10282496582613448
103_TACGCTACTATTCTCGCCTC,10.248126845248002
103_TACGCTACTATTGCTAAGGA,6.105433789773842
103_TAGAGAGATGACCTCACCAG,0.12406914026663891
103_TAGAGAGATGAGCAACAGTA,1.3334825189598012
103_TAGAGAGATGCCGCCGATAA,0.3455131450244662
103_TAGAGAGATGCGGTTGGCTA,0.32237230346818563
103_TAGAGAGATGGAATGAACGT,0.08213002666789733
103_TAGAGAGATGGAGCGGAACT,0.003744192772229205
103_TAGAGAGATGTGACAGAGGT,7.024853212504326
103_TAGAGAGATGTGCAGGCTAC,0.0030419183626963567
103_TAGAGAGATGTTATGCCGCT,0.08213002666789733
103_TAGAGAGATGTTATTCGCCT,0.09613847223637302
103_TAGAGAGATGTTGCTAAGGA,0.10379465988178659
103_TAGATCTCTCACCTCACCAG,0.27738331043989645
103_TAGATCTCTCCAGGCTCCAA,6.9104438731766775
103_TAGATCTCTCCGGTTGGCTA,2.019763569961263
103_TAGATCTCTCGAATGAACGT,0.6606913903052615
103_TAGATCTCTCTGACAGAGGT,3.093192527430594
103_TAGATCTCTCTGCAGGCTAC,8.296088815063358
103_TAGATCTCTCTTACCGGACC,6.68463109092871
103_TAGATCTCTCTTATTCGCCT,9.511615454903763
103_TAGATCTCTCTTCTCGCCTC,3.997259714795068
103_TAGCTCCAGAACCTCACCAG,6.1936066271313654
103_TAGCTCCAGAGAATGAACGT,5.997626056562979
103_TAGCTCCAGAGAGCGGAACT,4.0749685822289905
103_TAGCTCCAGATGACAGAGGT,0.9685663240033551
103_TAGCTCCAGATGCAGGCTAC,3.5833442399504607
103_TCCGGATTCGACCTCACCAG,13.225975722951015
103_TCCGGATTCGAGCAACAGTA,0.0024354723443680416
103_TCCGGATTCGAGGCGGATCA,0.02116586232868672
103_TCCGGATTCGCCGCCGATAA,2.1393291696410923
103_TCCGGATTCGCGGTTGGCTA,8.155415950224679
103_TCCGGATTCGGAATGAACGT,1.1753502319888574
103_TCCGGATTCGGAGCGGAACT,2.0632973844939357
103_TCCGGATTCGTGACAGAGGT,4.799219770598353
103_TCCGGATTCGTTATGCCGCT,10.134956787316918
103_TCCGGATTCGTTATTCGCCT,0.08071017581169387
103_TCCGGATTCGTTCTCGCCTC,6.515750091909727
103_TCGTGAAGCGAACATAGCCT,0.7300473680856949
103_TCGTGAAGCGAGGCGGATCA,0.01284974228136175
103_TCGTGAAGCGCGGTTGGCTA,0.027828726668084412
103_TCGTGAAGCGGAATGAACGT,0.11028559899188412
103_TCGTGAAGCGGAGCGGAACT,1.8566229528664637
103_TCGTGAAGCGTGACAGAGGT,0.32237230346818563
103_TCGTGAAGCGTGCAGGCTAC,0.07225824927965792
103_TCGTGAAGCGTTACCGGACC,2.9597602809336756
103_TCGTGAAGCGTTATTCGCCT,0.3720639227564485
103_TCGTGAAGCGTTCTCGCCTC,0.005728789755244772
103_TCGTGAAGCGTTGCTAAGGA,0.004215098949317688
103_TCTGCGTTAAAGCAACAGTA,2.6483019927078884
103_TCTGCGTTAACAGGCTCCAA,10.456997915492414
103_TCTGCGTTAACCGCCGATAA,4.026772477912233
103_TCTGCGTTAACGGTTGGCTA,2.2106769211744375
103_TCTGCGTTAAGAATGAACGT,5.919931045298822
103_TCTGCGTTAAGAGCGGAACT,2.2821104068759754
103_TCTGCGTTAATGACAGAGGT,14.174595924729294
103_TCTGCGTTAATGCAGGCTAC,6.57435093133719
103_TCTGCGTTAATTATGCCGCT,1.6848589429975365
103_TCTGCGTTAATTATTCGCCT,15.460186877026555
103_TCTGCGTTAATTCTCGCCTC,11.256767404541554
103_TCTGCGTTAATTGCTAAGGA,12.964374040107451
103_TGACACCGTAAACATAGCCT,0.004215098949317688
103_TGACACCGTAACCTCACCAG,0.006679142115296051
103_TGACACCGTAAGCAACAGTA,0.01665781106547102
103_TGACACCGTAAGGCGGATCA,0.06268233593012683
103_TGACACCGTACAGGCTCCAA,1.3786893199898524
103_TGACACCGTACCGCCGATAA,0.7513966850905947
103_TGACACCGTACGGTTGGCTA,0.003510434473273606
103_TGACACCGTAGAGCGGAACT,0.008892430680605686
103_TGACACCGTATGCAGGCTAC,0.16668390587183787
103_TGACACCGTATTACCGGACC,6.006917394753751
103_TGACACCGTATTATGCCGCT,0.4642483968766981
103_TGACACCGTATTATTCGCCT,0.004215098949317688
103_TGACACCGTATTCTCGCCTC,0.2282199790675989
103_TGACACCGTATTGCTAAGGA,2.6232372133461457
103_TGACCATGAAAACATAGCCT,0.037190145632670174
103_TGACCATGAAACCTCACCAG,0.004215098949317688
103_TGACCATGAAAGCAACAGTA,1.6609254013136079
103_TGACCATGAACCGCCGATAA,0.08486302751313496
103_TGACCATGAACGGTTGGCTA,0.05605931096080261
103_TGACCATGAAGAGCGGAACT,0.03134241597510429
103_TGACCATGAATGACAGAGGT,0.4178550140978814
103_TGACCATGAATGCAGGCTAC,0.05006162046733596
103_TGACCATGAATTACCGGACC,0.6717551820122145
103_TGACCATGAATTATGCCGCT,0.024355990275077108
103_TGACCATGAATTATTCGCCT,0.17096144748009937
103_TGACCATGAATTCTCGCCTC,0.004215098949317688
103_TGACCATGAATTGCTAAGGA,0.038247670149925125
103_TGATGGAGAAACCTCACCAG,8.742686565996708
103_TGATGGAGAAAGGCGGATCA,1.2301373598204381
103_TGATGGAGAACAGGCTCCAA,1.4081957483354157
103_TGATGGAGAACCGCCGATAA,4.146154055582326
103_TGATGGAGAAGAATGAACGT,0.8058462151129533
103_TGATGGAGAAGAGCGGAACT,24.18210339610238
103_TGATGGAGAATGACAGAGGT,13.3897898939027
103_TGATGGAGAATGCAGGCTAC,1.837639447244851
103_TGATGGAGAATTACCGGACC,0.5051152850917042
103_TGATGGAGAATTATGCCGCT,5.273878622172156
103_TGATGGAGAATTCTCGCCTC,0.023511859785766094
103_TGATGGAGAATTGCTAAGGA,13.357676879473763
103_TTAGGCATCCAACATAGCCT,0.19664846821690088
103_TTAGGCATCCACCTCACCAG,0.0995571308507931
103_TTAGGCATCCAGGCGGATCA,0.045246870236669054
103_TTAGGCATCCCCGCCGATAA,0.013805587728553698
103_TTAGGCATCCCGGTTGGCTA,0.3894887856804155
103_TTAGGCATCCGAATGAACGT,0.02317083514519171
103_TTAGGCATCCGAGCGGAACT,0.23441449053209165
103_TTAGGCATCCTGACAGAGGT,0.036797501384190384
103_TTAGGCATCCTGCAGGCTAC,0.06882662099567217
103_TTAGGCATCCTTACCGGACC,0.5373672001700738
103_TTAGGCATCCTTATGCCGCT,5.149400585939884e-07
103_TTAGGCATCCTTATTCGCCT,0.03208765433514107
103_TTAGGCATCCTTGCTAAGGA,0.5028233139261745
103_TTATGGCCTTAACATAGCCT,0.2560886193850477
103_TTATGGCCTTCCGCCGATAA,0.08780077100507254
103_TTATGGCCTTCGGTTGGCTA,0.5031325404411848
103_TTATGGCCTTGAATGAACGT,0.024355990275077108
103_TTATGGCCTTGAGCGGAACT,0.09387135797133199
103_TTATGGCCTTTGACAGAGGT,0.7837243065336521
103_TTATGGCCTTTGCAGGCTAC,0.11876016021190443
103_TTATGGCCTTTTACCGGACC,0.11532756540465408
103_TTATGGCCTTTTATGCCGCT,0.06509297795304661
103_TTATGGCCTTTTATTCGCCT,0.08780077100507254
103_TTATGGCCTTTTCTCGCCTC,0.03647691974932063
103_TTATGGCCTTTTGCTAAGGA,0.3466580207898547
103_TTCCAGCTATCAGGCTCCAA,4.99639669954607
103_TTCCAGCTATCCGCCGATAA,0.027371944307042862
103_TTCCAGCTATCGGTTGGCTA,1.4713509324724574
103_TTCCAGCTATGAGCGGAACT,4.705406318161589
103_TTCCAGCTATTTATGCCGCT,13.159690179714307
103_TTCCAGCTATTTATTCGCCT,12.48020123720701
103_TTCCAGCTATTTCTCGCCTC,1.337327895071509
103_TTCCGTGCTGACCTCACCAG,2.251956189458453
103_TTCCGTGCTGAGCAACAGTA,0.610677687071804
103_TTCCGTGCTGCCGCCGATAA,0.5950563332798714
103_TTCCGTGCTGCGGTTGGCTA,2.0547901512170617
103_TTCCGTGCTGGAATGAACGT,1.9136560664286757
103_TTCCGTGCTGTGACAGAGGT,5.625402444790743
103_TTCCGTGCTGTGCAGGCTAC,16.894988448081957
103_TTCCGTGCTGTTATGCCGCT,0.09527977211113199
103_TTCCGTGCTGTTATTCGCCT,5.970078266520073
103_TTCCGTGCTGTTCTCGCCTC,2.290131885306349
103_TTCCGTGCTGTTGCTAAGGA,0.8765956677282218
103_TTCGCACGCAAACATAGCCT,5.214876409562458
103_TTCGCACGCAACCTCACCAG,8.202106794891813
103_TTCGCACGCAAGCAACAGTA,5.3394910376907285
103_TTCGCACGCACCGCCGATAA,1.962772312674054
103_TTCGCACGCACGGTTGGCTA,7.68030567442011
103_TTCGCACGCAGAATGAACGT,1.8631878211099633
103_TTCGCACGCAGAGCGGAACT,5.01519386918128
103_TTCGCACGCATGCAGGCTAC,1.0416073211550154
103_TTCGCACGCATTATGCCGCT,12.33194904309555
103_TTCGCACGCATTATTCGCCT,4.90526706149287
103_TTCGCACGCATTCTCGCCTC,0.589301827380073
103_TTCGCACGCATTGCTAAGGA,4.573398365573179
103_TTGTCTGCAAAACATAGCCT,3.360207598038098
103_TTGTCTGCAACAGGCTCCAA,15.697035515842165
103_TTGTCTGCAACCGCCGATAA,13.394094298425715
103_TTGTCTGCAACGGTTGGCTA,0.18873775606750254
103_TTGTCTGCAAGAATGAACGT,1.8429823013847557
103_TTGTCTGCAATGACAGAGGT,4.905049307610556
103_TTGTCTGCAATGCAGGCTAC,0.6366427704921254
103_TTGTCTGCAATTATTCGCCT,1.7428049605860507
103_TTGTCTGCAATTCTCGCCTC,1.9149053452331837
105_CAAGGACATCTAGGTGGCGA,8.173046953438716
105_CAAGGACATCTAGTTAGGCT,4.929766761728011
105_CAAGGACATCTCTGCAACAA,0.9818137896726408
105_CAAGGACATCTGCATCATAC,10.221415354970926
105_CAAGGACATCTGGCCTTAAT,14.191199142192456
105_CCGACGCATTCCGGAGCTAA,4.698738091978402
105_CCGACGCATTCCGTGTTACT,3.8567141414429806
105_CCGACGCATTCGACGCAGAA,0.11447993233877206
105_CCGACGCATTTAGGTGGCGA,3.8453440917158814
105_CCGACGCATTTAGTTAGGCT,13.915877824976285
105_CCGACGCATTTTCAGGAGAT,3.005466424479771
105_CGGAGAGTCACCGGAGCTAA,1.3608028327003683
105_CGGAGAGTCATGCATCATAC,0.37532193885096776
105_CGGCAAGCTACCGTGTTACT,0.399912845991916
105_CGGCAAGCTACGACGCAGAA,0.1309798435779995
105_CGGCAAGCTACTATCTAGTG,0.9472400607073649
105_CGGCAAGCTAGCACAGTATT,4.39638688317519
105_CGGCAAGCTATAGGTGGCGA,6.336867596051989
105_CGGCAAGCTATAGTTAGGCT,1.0688505978986331
105_CGGCAAGCTATCTGCAACAA,0.024355990275077108
105_CTGCAAGTGCTACAACTAGC,2.7308413538918375
105_CTGCAAGTGCTAGGTGGCGA,7.831533346063841
105_CTGCAAGTGCTAGTTAGGCT,0.1783261092656282
105_CTGCAAGTGCTCTGCAACAA,9.84080628952486
105_CTGCAAGTGCTGCATCATAC,19.87929198418237
105_CTGCAAGTGCTTACAACACG,5.773130872426739
105_GATGGACGCTCCGGAGCTAA,5.57223895626975
105_GATGGACGCTCGACGCAGAA,0.001758511840297148
105_GATGGACGCTTACAACTAGC,20.928397420557474
105_GATGGACGCTTAGGTGGCGA,25.122008729092393
105_GATGGACGCTTGGCCTTAAT,0.7163606680233442
105_GATGGACGCTTTACAACACG,12.64174766048425
105_GGAAGGTACGCCATCTCCGT,2.042467101279809
105_GGAAGGTACGCCGGAGCTAA,10.124134616902063
105_GGAAGGTACGCGACGCAGAA,0.9797307176784877
105_GGAAGGTACGTAGGTGGCGA,7.821749301321862
105_GGCAATCCTCCCATCTCCGT,12.187107591784551
105_GGCAATCCTCCCGTGTTACT,6.789310485502705
105_GGCAATCCTCTGCATCATAC,0.4019165651032253
105_GGCAATCCTCTGGCCTTAAT,7.307394836288653
105_TAGAGAGATGCCATCTCCGT,5.175587057571467
105_TAGAGAGATGCCGGAGCTAA,0.02890784703439232
105_TAGAGAGATGCGACGCAGAA,0.0002695630407859359
105_TAGAGAGATGTACAACTAGC,18.077963887332675
105_TAGAGAGATGTCTGCAACAA,7.057755238755869
105_TAGAGAGATGTTCAGGAGAT,9.141883274736438
105_TAGATCTCTCCCATCTCCGT,2.6286911544863583
105_TAGATCTCTCCCGGAGCTAA,0.7057434015225357
105_TAGATCTCTCTAGGTGGCGA,0.9136967399548985
105_TAGATCTCTCTTCAGGAGAT,3.2001753635251555
105_TAGCTCCAGACCGTGTTACT,14.922713313879248
105_TAGCTCCAGACTCTTATTCG,12.5510556913846
105_TAGCTCCAGATAGGTGGCGA,0.17706359036079014
105_TAGCTCCAGATGCATCATAC,2.6110977233967594
105_TAGCTCCAGATGGCCTTAAT,8.962343185198977
105_TAGCTCCAGATTCAGGAGAT,0.5202079751985283
105_TCCGGATTCGCCATCTCCGT,10.617168669697428
105_TCCGGATTCGCCGGAGCTAA,4.461379619430393
105_TCCGGATTCGCCGTGTTACT,17.164699456501875
105_TCCGGATTCGCGACGCAGAA,0.5735715431831736
105_TCCGGATTCGTAGGTGGCGA,0.13947247850121727
105_TCCGGATTCGTCTGCAACAA,0.07857757302552794
105_TCCGGATTCGTGGCCTTAAT,1.2297454623949557
105_TCCGGATTCGTTACAACACG,2.045569468081669
105_TCCGGATTCGTTCAGGAGAT,8.523840913601317
105_TCCGGATTCGTTCTCTGATC,4.4780412019052305
105_TCGTGAAGCGCCGGAGCTAA,0.4745667905057169
105_TCGTGAAGCGCCGTGTTACT,2.046610085128161
105_TCGTGAAGCGCGACGCAGAA,0.00010155497544489197
105_TCGTGAAGCGCTATCTAGTG,0.00012106352345271083
105_TCGTGAAGCGCTCTTATTCG,0.2551478667403455
105_TCGTGAAGCGTACAACTAGC,0.04823932490926826
105_TCGTGAAGCGTAGTTAGGCT,0.08364423619407549
105_TCGTGAAGCGTCTGCAACAA,0.3592061459495965
105_TCGTGAAGCGTGCATCATAC,1.2087759477913247
105_TCGTGAAGCGTTACAACACG,0.017683682641977345
105_TCGTGAAGCGTTCAGGAGAT,0.0021427671444993112
105_TCTGCGTTAACCGTGTTACT,6.6685469104713935
105_TCTGCGTTAACGACGCAGAA,3.1152844280192142
105_TCTGCGTTAATACAACTAGC,13.93279986230863
105_TCTGCGTTAATAGGTGGCGA,5.664351934637251
105_TCTGCGTTAATGCATCATAC,5.864172624221353
105_TCTGCGTTAATTACAACACG,8.249314189749944
105_TGACACCGTACCATCTCCGT,0.07594549068681522
105_TGACACCGTACCGGAGCTAA,0.006679142115296051
105_TGACACCGTACCGTGTTACT,0.17706359036079014
105_TGACACCGTACGACGCAGAA,4.9533679137902485e-05
105_TGACACCGTACTCTTATTCG,0.006206081614719911
105_TGACACCGTATACAACTAGC,0.0030693958300658025
105_TGACACCGTATAGGTGGCGA,0.02665493282893176
105_TGACACCGTATAGTTAGGCT,0.13392336283834766
105_TGACACCGTATCTGCAACAA,0.10379465988178659
105_TGACACCGTATGCATCATAC,0.6429072884873176
105_TGACACCGTATGGCCTTAAT,0.008892430680605686
105_TGACACCGTATTACAACACG,0.16454351838369002
105_TGACACCGTATTCTCTGATC,1.6568884900070024
105_TGACCATGAACCGGAGCTAA,5.482113500107422e-05
105_TGACCATGAACGACGCAGAA,0.2145962238054881
105_TGACCATGAACTATCTAGTG,0.0639760996504867
105_TGACCATGAATACAACTAGC,0.3488384261862004
105_TGACCATGAATCTGCAACAA,1.2087759477913247
105_TGACCATGAATGCATCATAC,0.1631896769579426
105_TGACCATGAATGGCCTTAAT,0.10066385161882643
105_TGACCATGAATTACAACACG,0.4565200495791114
105_TGACCATGAATTCTCTGATC,0.042308146876194185
105_TGATGGAGAACCATCTCCGT,10.409109845119321
105_TGATGGAGAACCGGAGCTAA,15.272502097554895
105_TGATGGAGAACCGTGTTACT,0.18916189006933806
105_TGATGGAGAACGACGCAGAA,0.015772192621110036
105_TGATGGAGAACTATCTAGTG,0.8262343433964601
105_TGATGGAGAAGCACAGTATT,4.820745067590225
105_TGATGGAGAATACAACTAGC,0.3180713410510592
105_TGATGGAGAATAGGTGGCGA,0.6492914894052464
105_TGATGGAGAATAGTTAGGCT,2.503033098764866
105_TGATGGAGAATGGCCTTAAT,1.1665508765063883
105_TGATGGAGAATTCAGGAGAT,1.3105960024067884
105_TTAGGCATCCCCGGAGCTAA,0.3981115450589001
105_TTAGGCATCCCCGTGTTACT,0.3720639227564485
105_TTAGGCATCCCGACGCAGAA,0.2086021426550653
105_TTAGGCATCCCTATCTAGTG,0.020255804933790377
105_TTAGGCATCCCTCTTATTCG,2.557874562608951
105_TTAGGCATCCTAGGTGGCGA,0.020294987455795974
105_TTAGGCATCCTAGTTAGGCT,0.010185887741592105
105_TTAGGCATCCTCTGCAACAA,0.0106910738900019
105_TTAGGCATCCTGCATCATAC,0.002604515232818083
105_TTAGGCATCCTGGCCTTAAT,0.008892430680605686
105_TTAGGCATCCTTCAGGAGAT,0.040492481409942854
105_TTAGGCATCCTTCTCTGATC,0.03814865383224534
105_TTATGGCCTTCCATCTCCGT,3.5260159957043147
105_TTATGGCCTTCCGTGTTACT,0.040264305947333844
105_TTATGGCCTTCGACGCAGAA,0.7316609880207237
105_TTATGGCCTTCTCTTATTCG,0.2498124380687753
105_TTATGGCCTTTACAACTAGC,0.1805775192599988
105_TTATGGCCTTTAGTTAGGCT,0.3050586297469561
105_TTATGGCCTTTCTGCAACAA,0.09964812822922248
105_TTATGGCCTTTGCATCATAC,0.054190813830997046
105_TTATGGCCTTTGGCCTTAAT,0.04857304152633089
105_TTATGGCCTTTTCAGGAGAT,0.9395619435351181
105_TTATGGCCTTTTCTCTGATC,0.019406978437651802
105_TTCCAGCTATTACAACTAGC,0.3720639227564485
105_TTCCAGCTATTAGGTGGCGA,7.302107539357853
105_TTCCAGCTATTGCATCATAC,0.46080181027511036
105_TTCCAGCTATTTCAGGAGAT,17.00671615954248
105_TTCCGTGCTGCCGGAGCTAA,1.2062247028211626
105_TTCCGTGCTGCTCTTATTCG,0.28878668689068415
105_TTCCGTGCTGTGGCCTTAAT,0.7231485888256721
105_TTCCGTGCTGTTACAACACG,1.738385183643748
105_TTCGCACGCACCGTGTTACT,0.3431010709403551
105_TTCGCACGCATACAACTAGC,0.38480873249924846
105_TTCGCACGCATTCAGGAGAT,0.5367145803911817
105_TTGTCTGCAATACAACTAGC,3.665549755667354
105_TTGTCTGCAATAGTTAGGCT,11.277274671277098
