Well_ID	GFP	Row	Column
A6	745	A	6
A7	2266	A	7
A8	3343	A	8
A9	4289	A	9
A10	113	A	10
A11	25955	A	11
B11	18050	B	11
B10	3048	B	10
B9	2326	B	9
B8	5062	B	8
B7	6832	B	7
B6	2743	B	6
C6	233	C	6
C7	4798	C	7
C8	16555	C	8
C9	5096	C	9
C10	670	C	10
C11	9160	C	11
D11	13307	D	11
D10	8577	D	10
D9	2117	D	9
D8	98	D	8
D7	2546	D	7
D6	461	D	6
E6	1180	E	6
E7	2550	E	7
E8	781	E	8
E9	6698	E	9
E10	26678	E	10
E11	1735	E	11
F11	586	F	11
F10	5501	F	10
F9	142	F	9
F8	5272	F	8
F7	2216	F	7
F6	121	F	6
G6	14702	G	6
G7	10898	G	7
G8	240	G	8
G9	11190	G	9
G10	616	G	10
G11	515	G	11
H11	2213	H	11
H10	11127	H	10
H9	2264	H	9
H8	201	H	8
H7	21717	H	7
H6	13920	H	6
I6	1193	I	6
I7	5293	I	7
I8	3048	I	8
I9	1177	I	9
I10	353	I	10
I11	339	I	11
J11	15269	J	11
J10	3166	J	10
J9	22178	J	9
J8	9864	J	8
J7	296	J	7
J6	351	J	6
K6	269	K	6
K7	2786	K	7
K8	12787	K	8
K9	7348	K	9
K10	18319	K	10
K11	20672	K	11
L11	20040	L	11
L10	2617	L	10
L9	6197	L	9
L8	4835	L	8
L7	4213	L	7
L6	26122	L	6
M6	13936	M	6
M7	8811	M	7
M8	4152	M	8
M9	984	M	9
M10	5956	M	10
M11	13510	M	11
N11	24458	N	11
N10	4195	N	10
N9	1119	N	9
N8	10565	N	8
N7	3047	N	7
N6	10498	N	6
O6	478	O	6
O7	5350	O	7
O8	9836	O	8
O9	113	O	9
O10	750	O	10
O11	2319	O	11
P11	132	P	11
P10	158	P	10
P9	1505	P	9
P8	3612	P	8
P7	1800	P	7
P6	1094	P	6
A12	24333	A	12
A13	152	A	13
A14	13258	A	14
A15	19908	A	15
A16	188	A	16
A17	9483	A	17
B17	5247	B	17
B16	6215	B	16
B15	4418	B	15
B14	134	B	14
B13	19476	B	13
B12	318	B	12
C12	2288	C	12
C13	3239	C	13
C14	1855	C	14
C15	9813	C	15
C16	27736	C	16
C17	272	C	17
D17	8741	D	17
D16	16432	D	16
D15	1283	D	15
D14	129	D	14
D13	15105	D	13
D12	14763	D	12
E12	677	E	12
E13	2414	E	13
E14	364	E	14
E15	17910	E	15
E16	33543	E	16
E17	6083	E	17
F17	126	F	17
F16	16023	F	16
F15	14803	F	15
F14	7852	F	14
F13	18390	F	13
F12	968	F	12
G12	17957	G	12
G13	99	G	13
G14	1253	G	14
G15	10974	G	15
G16	627	G	16
G17	365	G	17
H17	727	H	17
H16	6096	H	16
H15	6050	H	15
H14	593	H	14
H13	631	H	13
H12	9094	H	12
I12	97	I	12
I13	449	I	13
I14	1545	I	14
I15	3325	I	15
I16	36916	I	16
I17	6966	I	17
J17	108	J	17
J16	28848	J	16
J15	7333	J	15
J14	6726	J	14
J13	6352	J	13
J12	249	J	12
K12	787	K	12
K13	384	K	13
K14	21269	K	14
K15	3688	K	15
K16	6504	K	16
K17	11220	K	17
L17	408	L	17
L16	14297	L	16
L15	13087	L	15
L14	6635	L	14
L13	14297	L	13
L12	808	L	12
M12	9318	M	12
M13	894	M	13
M14	379	M	14
M15	5934	M	15
M16	10205	M	16
M17	5674	M	17
N17	42726	N	17
N16	7712	N	16
N15	2281	N	15
N14	827	N	14
N13	10677	N	13
N12	158	N	12
O12	435	O	12
O13	5390	O	13
O14	2669	O	14
O15	1029	O	15
O16	110	O	16
O17	8897	O	17
P17	2460	P	17
P16	2149	P	16
P15	775	P	15
P14	205	P	14
P13	331	P	13
P12	5520	P	12
A1	-11	A	1
A2	19	A	2
A3	31	A	3
A4	-16	A	4
A5	-10	A	5
B5	6	B	5
B4	-9	B	4
B3	7	B	3
B2	25	B	2
B1	26	B	1
C1	-5	C	1
C2	17	C	2
C3	-8	C	3
C4	-17	C	4
C5	25	C	5
D5	9	D	5
D4	-30	D	4
D3	-12	D	3
D2	24	D	2
D1	-17	D	1
E1	-2	E	1
E2	34	E	2
E3	-21	E	3
E4	12	E	4
E5	-42	E	5
F5	7	F	5
F4	13	F	4
F3	3	F	3
F2	-15	F	2
F1	-31	F	1
G1	-9	G	1
G2	-31	G	2
G3	9	G	3
G4	-16	G	4
G5	-21	G	5
H5	4	H	5
H4	34	H	4
H3	2	H	3
H2	10	H	2
H1	-14	H	1
I1	-20	I	1
I2	-11	I	2
I3	4	I	3
I4	16	I	4
I5	18	I	5
J5	10	J	5
J4	-11	J	4
J3	-3	J	3
J2	10	J	2
J1	25	J	1
K1	21	K	1
K2	2	K	2
K3	22	K	3
K4	-11	K	4
K5	19	K	5
L5	2	L	5
L4	-15	L	4
L3	9	L	3
L2	14	L	2
L1	-9	L	1
M1	29	M	1
M2	-3	M	2
M3	0	M	3
M4	-22	M	4
M5	-7	M	5
N5	5	N	5
N4	-17	N	4
N3	8	N	3
N2	27	N	2
N1	3	N	1
O1	-5	O	1
O2	28	O	2
O3	-11	O	3
O4	-16	O	4
O5	38	O	5
P5	46	P	5
P4	-12	P	4
P3	-13	P	3
P2	0	P	2
P1	12	P	1
A18	524	A	18
A19	21079	A	19
A20	2522	A	20
A21	7676	A	21
A22	329	A	22
A23	36555	A	23
B23	12217	B	23
B22	18200	B	22
B21	3326	B	21
B20	1319	B	20
B19	668	B	19
B18	17026	B	18
C18	631	C	18
C19	13125	C	19
C20	2795	C	20
C21	904	C	21
C22	12056	C	22
C23	1490	C	23
D23	4443	D	23
D22	4132	D	22
D21	25376	D	21
D20	11166	D	20
D19	15709	D	19
D18	1107	D	18
E18	4123	E	18
E19	9044	E	19
E20	13055	E	20
E21	12755	E	21
E22	24248	E	22
E23	6150	E	23
F23	4777	F	23
F22	2794	F	22
F21	282	F	21
F20	9071	F	20
F19	9310	F	19
F18	5555	F	18
G18	5955	G	18
G19	7463	G	19
G20	13861	G	20
G21	142	G	21
G22	93	G	22
G23	5826	G	23
H23	14134	H	23
H22	17740	H	22
H21	506	H	21
H20	2980	H	20
H19	3552	H	19
H18	2267	H	18
I18	32739	I	18
I19	93	I	19
I20	4519	I	20
I21	19444	I	21
I22	8612	I	22
I23	620	I	23
J23	20785	J	23
J22	4395	J	22
J21	5600	J	21
J20	11963	J	20
J19	18620	J	19
J18	4846	J	18
K18	224	K	18
K19	17008	K	19
K20	3874	K	20
K21	14830	K	21
K22	176	K	22
K23	1076	K	23
L23	11395	L	23
L22	6306	L	22
L21	12266	L	21
L20	10396	L	20
L19	22652	L	19
L18	1372	L	18
M18	4012	M	18
M19	573	M	19
M20	21498	M	20
M21	34085	M	21
M22	12468	M	22
M23	1336	M	23
N23	4457	N	23
N22	1192	N	22
N21	13219	N	21
N20	767	N	20
N19	1184	N	19
N18	2036	N	18
O18	563	O	18
O19	1158	O	19
O20	74	O	20
O21	11532	O	21
O22	11303	O	22
O23	191	O	23
P22	20674	P	22
P21	7065	P	21
P20	399	P	20
P19	594	P	19
P18	3676	P	18
A24	-7	A	24
B24	-2	B	24
C24	7	C	24
D24	10	D	24
E24	2	E	24
F24	-5	F	24
G24	-19	G	24
H24	27	H	24
I24	-6	I	24
J24	9	J	24
K24	8	K	24
L24	-13	L	24
M24	13	M	24
N24	1	N	24
O24	-14	O	24
