"method_a","method_b","readout","cell_set","rho_a","rho_b","delta","delta_ci_low","delta_ci_high","rho_between_methods","n"
"Our method (TargetScan top200)","Our method (TarBase)","mRNA","all",0.767052665581842,0.155626948160552,0.61142571742129,0.531929174976396,0.6906760514153,0.158891587202179,745
"Our method (TargetScan top200)","Our method (TarBase)","fluorescence","all",0.794410998726154,0.252852935289872,0.541558063436282,0.466491430580989,0.621275493961482,0.158891587202179,745
"Our method (TargetScan top200)","Our method (TarBase)","mRNA","induced",0.525309817870541,0.0627768662838392,0.462532951586702,0.349316672462906,0.576772045318493,0.0606809346091366,529
"Our method (TargetScan top200)","Our method (TarBase)","fluorescence","induced",0.585842153661314,0.27047031859535,0.315371835065964,0.207290802692972,0.408365688917954,0.0606809346091366,529
"Our method (TargetScan top200)","miReact (TarBase)","mRNA","all",0.767052665581842,0.735829085011971,0.0312235805698713,-0.00713409007579373,0.0684540694672986,0.738634135610751,745
"Our method (TargetScan top200)","miReact (TarBase)","fluorescence","all",0.794410998726154,0.779743908281286,0.0146670904448677,-0.0221794486500245,0.0513047304709084,0.738634135610751,745
"Our method (TargetScan top200)","miReact (TarBase)","mRNA","induced",0.525309817870541,0.627987448404219,-0.102677630533678,-0.164632600972149,-0.0405139759672265,0.624469613205926,529
"Our method (TargetScan top200)","miReact (TarBase)","fluorescence","induced",0.585842153661314,0.745269682682236,-0.159427529020922,-0.217673406159931,-0.106398285791494,0.624469613205926,529
"Our method (TargetScan top200)","bayesReact (motif)","mRNA","all",0.767052665581842,0.694938395634102,0.07211426994774,0.0437129059616835,0.102521680677376,0.821072972284311,745
"Our method (TargetScan top200)","bayesReact (motif)","fluorescence","all",0.794410998726154,0.755013527072129,0.0393974716540251,0.0136378564287857,0.0669259679336947,0.821072972284311,745
"Our method (TargetScan top200)","bayesReact (motif)","mRNA","induced",0.525309817870541,0.434782041263655,0.0905277766068864,0.0398742815102824,0.141625671774395,0.739708647987886,529
"Our method (TargetScan top200)","bayesReact (motif)","fluorescence","induced",0.585842153661314,0.570117594645286,0.015724559016028,-0.0353959323018026,0.0628008343492072,0.739708647987886,529
"Our method (TargetScan top200)","miReact (motif)","mRNA","all",0.767052665581842,0.678253801008778,0.0887988645730641,0.060169075708167,0.119436332847577,0.810347138262695,745
"Our method (TargetScan top200)","miReact (motif)","fluorescence","all",0.794410998726154,0.75598354766918,0.0384274510569741,0.0126101462747152,0.0663519264949874,0.810347138262695,745
"Our method (TargetScan top200)","miReact (motif)","mRNA","induced",0.525309817870541,0.374137908672631,0.151171909197911,0.0941521650758034,0.207046643916077,0.694652520857179,529
"Our method (TargetScan top200)","miReact (motif)","fluorescence","induced",0.585842153661314,0.554695922821471,0.0311462308398434,-0.021871412154994,0.082333660247638,0.694652520857179,529
"Our method (TargetScan top200)","miTEA-HiRes (miRTarBase)","mRNA","all",0.767052665581842,0.735197133282586,0.0318555322992558,0.00631886993837787,0.0574214183743705,0.828813426218818,745
"Our method (TargetScan top200)","miTEA-HiRes (miRTarBase)","fluorescence","all",0.794410998726154,0.787918408956339,0.00649258976981526,-0.0196426473695711,0.0323729601027927,0.828813426218818,745
"Our method (TargetScan top200)","miTEA-HiRes (miRTarBase)","mRNA","induced",0.525309817870541,0.472983850032248,0.0523259678382933,-0.00298771577275776,0.107424655126387,0.729545908030535,529
"Our method (TargetScan top200)","miTEA-HiRes (miRTarBase)","fluorescence","induced",0.585842153661314,0.630705141167227,-0.0448629875059128,-0.0932003202337816,0.00377936551969793,0.729545908030535,529
"Our method (TargetScan top200)","miTEA-HiRes (TarBase)","mRNA","all",0.767052665581842,0.711566648816179,0.055486016765663,0.0153446851758293,0.101803866908624,0.700765757448708,745
"Our method (TargetScan top200)","miTEA-HiRes (TarBase)","fluorescence","all",0.794410998726154,0.749443577281529,0.044967421444625,0.00496711709357906,0.0871637767749678,0.700765757448708,745
"Our method (TargetScan top200)","miTEA-HiRes (TarBase)","mRNA","induced",0.525309817870541,0.632814119810843,-0.107504301940302,-0.174524371846943,-0.0438121095394117,0.605942545722224,529
"Our method (TargetScan top200)","miTEA-HiRes (TarBase)","fluorescence","induced",0.585842153661314,0.724962769833293,-0.139120616171979,-0.201002218204549,-0.0859709462747969,0.605942545722224,529
"Our method (TargetScan top200)","miTEA-HiRes (TargetScan (all))","mRNA","all",0.767052665581842,0.429788256696772,0.33726440888507,0.283745382485839,0.388728975673698,0.600657094409132,745
"Our method (TargetScan top200)","miTEA-HiRes (TargetScan (all))","fluorescence","all",0.794410998726154,0.426186479375921,0.368224519350234,0.31547164477959,0.426778756377406,0.600657094409132,745
"Our method (TargetScan top200)","miTEA-HiRes (TargetScan (all))","mRNA","induced",0.525309817870541,0.16882938468261,0.356480433187931,0.281794386199942,0.423623749871091,0.53534687539197,529
"Our method (TargetScan top200)","miTEA-HiRes (TargetScan (all))","fluorescence","induced",0.585842153661314,0.170770666903761,0.415071486757553,0.342537639396834,0.48384816990744,0.53534687539197,529
"Our method (TargetScan top200)","miTEA-HiRes (TargetScan (top 200))","mRNA","all",0.767052665581842,0.688956581152609,0.0780960844292329,0.057207930587999,0.0991712204165991,0.901227446544657,745
"Our method (TargetScan top200)","miTEA-HiRes (TargetScan (top 200))","fluorescence","all",0.794410998726154,0.727815361360132,0.0665956373660225,0.047343512155621,0.0852604981026915,0.901227446544657,745
"Our method (TargetScan top200)","miTEA-HiRes (TargetScan (top 200))","mRNA","induced",0.525309817870541,0.368281822732697,0.157027995137844,0.118626757937716,0.196949134373,0.866063710699811,529
"Our method (TargetScan top200)","miTEA-HiRes (TargetScan (top 200))","fluorescence","induced",0.585842153661314,0.467546627018846,0.118295526642468,0.0813488898914331,0.154814803453066,0.866063710699811,529
