"method","readout","cell_set","rho","ci_low","ci_high","p_value","n"
"Our method (TargetScan top200)","mRNA","all",0.767052665581842,0.736489417883806,0.795487879330569,2.34696519874656e-145,745
"Our method (TargetScan top200)","fluorescence","all",0.794410998726154,0.765223278240692,0.816466147754573,4.75732294100767e-163,745
"Our method (TargetScan top200)","mRNA","induced",0.525309817870541,0.452982772405466,0.589684686218485,7.3660745371169e-39,529
"Our method (TargetScan top200)","fluorescence","induced",0.585842153661314,0.511476178062858,0.64372403995466,4.60471533067325e-50,529
"Our method (TarBase)","mRNA","all",0.155626948160552,0.0790452185834207,0.230893820936359,1.98404640203073e-05,745
"Our method (TarBase)","fluorescence","all",0.252852935289872,0.178806419469936,0.323798327558826,2.48615658203575e-12,745
"Our method (TarBase)","mRNA","induced",0.0627768662838392,-0.0236467423464104,0.148730800772731,0.149337677318403,529
"Our method (TarBase)","fluorescence","induced",0.27047031859535,0.189627526030649,0.349089069667795,2.54295437331169e-10,529
"miReact (TarBase)","mRNA","all",0.735829085011971,0.702741966065991,0.764303992134105,6.39946888221677e-128,745
"miReact (TarBase)","fluorescence","all",0.779743908281286,0.748821938814861,0.803865473045062,3.01658021908714e-153,745
"miReact (TarBase)","mRNA","induced",0.627987448404219,0.575110788780715,0.677370871338049,2.25737660424417e-59,529
"miReact (TarBase)","fluorescence","induced",0.745269682682236,0.699591659786123,0.780403971588472,7.95955613717047e-95,529
"bayesReact (motif)","mRNA","all",0.694938395634102,0.655635829210725,0.728832738147066,1.60098263572587e-108,745
"bayesReact (motif)","fluorescence","all",0.755013527072129,0.722477661692802,0.781901285485272,2.53741928808101e-138,745
"bayesReact (motif)","mRNA","induced",0.434782041263655,0.359124025696675,0.503538683681647,8.33873362348684e-26,529
"bayesReact (motif)","fluorescence","induced",0.570117594645286,0.498956829807571,0.631583648200082,6.29424177946584e-47,529
"miReact (motif)","mRNA","all",0.678253801008778,0.638615425569214,0.712788669676804,1.62209450648985e-101,745
"miReact (motif)","fluorescence","all",0.75598354766918,0.724558373077455,0.780606894819214,7.12679934899484e-139,745
"miReact (motif)","mRNA","induced",0.374137908672631,0.29904469949686,0.443686312207765,5.08164306495602e-19,529
"miReact (motif)","fluorescence","induced",0.554695922821471,0.482538306271045,0.619474503022282,5.18271403812179e-44,529
"miTEA-HiRes (miRTarBase)","mRNA","all",0.735197133282586,0.702170978168068,0.764007596915336,1.35914336793303e-127,745
"miTEA-HiRes (miRTarBase)","fluorescence","all",0.787918408956339,0.758722740307326,0.811709155893816,1.29564621615128e-158,745
"miTEA-HiRes (miRTarBase)","mRNA","induced",0.472983850032248,0.398759691184575,0.542680175642693,7.65511649399043e-31,529
"miTEA-HiRes (miRTarBase)","fluorescence","induced",0.630705141167227,0.564557713139634,0.683176197847163,5.05302227519904e-60,529
"miTEA-HiRes (TarBase)","mRNA","all",0.711566648816179,0.671256724761942,0.742794826446189,5.32370632685204e-116,745
"miTEA-HiRes (TarBase)","fluorescence","all",0.749443577281529,0.715181865497622,0.775161967976894,3.32539075434e-135,745
"miTEA-HiRes (TarBase)","mRNA","induced",0.632814119810843,0.58263164978885,0.679495976067659,1.5653758448284e-60,529
"miTEA-HiRes (TarBase)","fluorescence","induced",0.724962769833293,0.681446795596193,0.759914077493311,2.24331034538773e-87,529
"miTEA-HiRes (TargetScan (all))","mRNA","all",0.429788256696772,0.369707757106673,0.482593992641468,7.61004979910798e-35,745
"miTEA-HiRes (TargetScan (all))","fluorescence","all",0.426186479375921,0.362326124879629,0.480160931839698,3.11857751102143e-34,745
"miTEA-HiRes (TargetScan (all))","mRNA","induced",0.16882938468261,0.0833307698425112,0.250276459861929,9.54271457646263e-05,529
"miTEA-HiRes (TargetScan (all))","fluorescence","induced",0.170770666903761,0.0830246020172249,0.252838305917932,7.89823614674668e-05,529
"miTEA-HiRes (TargetScan (top 200))","mRNA","all",0.688956581152609,0.648820029013862,0.722268343601357,5.89847613500637e-106,745
"miTEA-HiRes (TargetScan (top 200))","fluorescence","all",0.727815361360132,0.695993061360775,0.754633824643899,7.68868812082973e-124,745
"miTEA-HiRes (TargetScan (top 200))","mRNA","induced",0.368281822732697,0.288572973863407,0.439695762281262,1.9486468299725e-18,529
"miTEA-HiRes (TargetScan (top 200))","fluorescence","induced",0.467546627018846,0.391600474003235,0.532767977999222,4.36799251362292e-30,529
