"","H01","G03","D01","H05","F03","E03","F02","B05","D03","H06","G02","F06","A04","C04","A01","A06","C01","A05","E02","A03","F05","C06","B01","H04","D05","E05","F01","G04","G01","C03","B02","B03","D06","B06","D04","C05","G06","H03","D02","B04","G05","E06","C02","A02","E01","H02","F04"
"Hsa-Let-7-P1d_5p",0,0,0,0,15.691851652005,0,0,6.20395241509228,5.31587327524536,5.59371464617293,0,4.73859403183433,21.9800054707507,7.34964820151264,0,0,0,0,0,0,0,13.2364346404786,10.8005351896375,0,10.6325272694908,9.37967489001165,0,12.5045770529065,0,11.5322872928929,6.56637388884941,3.08698637150573,0,0,4.42781458093226,5.23005233326456,19.7633455971613,0,4.15665503736886,44.6980662434261,0,0,4.151406735554,0,0,17.1262840625246,6.17770314460292
"Hsa-Let-7-P2a3_5p",0,0,2.2125060478763,9.62039588424108,0,0,0,0,0,8.39057196925939,0,1.29234382686391,0,2.70776512687308,0,0,9.35225889159439,0,0,7.57639394917377,4.68068249383987,0,0,2.99041631633577,17.3986809864394,21.5180776888503,0,9.82502482728367,0,4.54302226689721,2.26426685822394,9.6468324109554,0,6.70900994844282,6.53629771470953,0,1.46395152571565,0,0,0,2.38890446662674,12.9764469895817,8.45107799737779,0,18.1526589655097,0,0
"Hsa-Let-7-P2b3_5p",0,0,0,0,0,0,0,0,0,0,0,0,0,0,0,0,0,0,0,0,0,0,0,0,0,0,0,0,0,0,0,0,0,0,5.4820561478209,0,0,0,0,0,0,0,0,0,0,0,0
"Hsa-Let-7-P2c1_5p",0,0,0,0,0,0,0,0,0,27.9685732308646,0,0,0,0,0,0,0,0,0,0,0,0,0,0,0,0,0,0,0,0,0,0,0,0,0,0,0,0,0,0,0,0,0,0,0,0,0
"Hsa-Let-7-P2c2_5p",0,0,0,0,0,0,0,0,0,0,0,0,0,0,0,0,0,0,0,0,0,0,0,0,0,0,0,0,0,0,0,0,0,0,3.79526964079908,0,0,0,0,0,0,0,0,0,0,0,0
"Hsa-Let-7-P2c3_5p",0,0,0,67.3427711896875,0,0,19.4471350126222,0,0,1.39842866154323,0,0,0,6.18917743285275,0,0,0,0,0,0,0,4.41214488015953,0,1.99361087755718,2.89978016440657,0,0,0,0,0,0,0,0,0,3.79526964079908,0,2.9279030514313,0,0,0,0,0,0,0,0,0,0
"Hsa-Mir-10-P1b-v2_5p",133.303247164397,338.802485901913,189.624783044457,259.750688874509,290.124901654848,968.677481432152,277.90583259973,480.806312169652,365.656140290092,55.9371464617293,437.109326993048,188.251417446509,193.424048142606,649.476806859985,121.03187396496,39.2732280649736,308.624543422615,60.9679808372382,270.236190392406,96.9778425494243,281.509618558083,201.487949527285,262.813022947846,208.332336704725,695.947239457577,706.786090241466,280.006385432717,468.47504744639,425.017983133227,221.559701324064,186.34916243183,332.622781529742,354.63752288951,193.443120180101,298.772060056239,756.265567390056,245.943856320229,176.788154428638,402.733688065072,363.171788227837,372.669096793772,204.842484621253,84.5107799737779,629.069181614025,246.06937708802,418.642499306158,719.702416346241
"Hsa-Mir-10-P1c-v2_5p",328.131069943131,505.817795853561,308.319225142292,731.150087202322,397.875616331949,1232.57493559067,620.426339596236,630.735162201049,843.515177211255,165.014582062101,815.231582177345,947.718806366867,487.956121450665,802.65894832309,537.919439844267,441.823815730953,1020.7322561683,304.839904186191,1315.2711879234,298.509921597447,423.936100156354,753.006059547227,621.230783315076,669.853254859212,1391.89447891515,525.261793840653,643.439330908744,1335.31019243537,1141.47686898638,646.507014904603,270.353462871938,410.9550607067,674.506661182009,606.047232009335,566.338569732574,1241.61442391701,320.605384131728,1099.16113405631,391.649274632088,1232.92166054784,483.753154491915,701.346063484532,296.973846118381,1169.17908502001,774.513449195079,656.507555730111,1127.43082389003
"Hsa-Mir-10-P2b_5p",68.3606395714856,0,92.144369523319,9.62039588424108,121.001611627683,0,329.973968278686,81.6853734653817,136.314178986649,22.3748585846917,93.7743192857057,97.7873495660358,0,108.697428664476,53.7919439844267,9.81830701624341,150.972179250024,121.935961674476,109.555212321246,0,0,47.0628787217017,0,52.8306882552653,0,37.5186995600466,0,0,0,0,0,31.2557370114955,0,0,28.8862189327486,172.591726997731,0,53.8050904782811,0,59.5974216579015,0,77.8586819374899,0,0,0,85.6314203126232,0
"Hsa-Mir-10-P2c_5p",0,176.559041948884,0,0,70.090270712289,0,74.6519053710335,35.6727263867806,23.541724504658,0,66.5495169124363,0,8.79200218830027,0,0,0,88.8464594701467,30.4839904186191,26.7801630118601,42.4278061153731,12.7047096261368,22.0607244007977,82.8041031205543,0,0,0,0,61.183109151721,48.5734837866545,24.8118908422848,0,30.4839904186191,0,51.4357429380617,23.19331447155,33.4723349328932,14.6395152571565,1560.34762387015,72.0486873143935,0,0,0,18.681330309993,0,0,0,42.2143048214533
"Hsa-Mir-10-P3b_5p",23.92622385002,0,18.7412276996581,0,112.981331894436,143.800409152244,73.3972514992514,79.1003932924266,67.2078264084593,5.59371464617293,65.0370278916991,11.2003131661539,39.5640098473512,44.4847127986291,0,9.81830701624341,53.4414793805393,45.7259856279286,65.1244873242961,92.43200617992,20.7287367584337,61.7700283222335,77.2038256148163,43.859439306258,12.5657140457618,53.519321431243,40.2748910553908,74.5808702798351,24.2867418933272,35.2957883812783,20.8312550956602,19.2936648219108,101.987261484565,99.5169809019019,34.7899717073249,82.6348268655801,50.50632763719,17.935030159427,31.8676886198279,40.9732273898073,20.3056879663273,58.085048429556,25.6497630446729,0,106.898991685779,0,33.9773672953161
"Hsa-Mir-10-P3c_5p",0,0,0,0,0,0,0,0,0,9.78900063080262,0,15.0773446467456,0,0,0,39.2732280649736,0,0,0,0,0,25.002154320904,0,6.97763807145013,0,0,35.4802611678443,0,0,0,0,4.63047955725859,0,8.94534659792377,0,44.9784500660752,0,0,14.3173673509372,0,0,0,0,0,0,0,0
"Hsa-Mir-103-P1_3p",0,0,0,192.407917684822,27.89662515912,0,0,0,35.122734140014,125.858579538891,0,0,0,0,0,0,120.91134709847,0,0,0,0,0,0,0,0,0,0,0,255.010789879936,0,37.3604031606949,0,175.000869138288,20.1270298453285,0,0,31.4749578028865,0,82.6712501876695,0,0,68.5897912306459,19.2743884150721,0,0,0,0
"Hsa-Mir-105-P1_5p",0,0,22.125060478763,0,0,0,0,0,0,0,0,0,0,0,0,0,0,0,0,0,0,0,0,0,0,0,0,0,0,0,0,0,0,0,0,0,0,0,0,0,0,0,0,0,0,0,0
"Hsa-Mir-1180_3p",0,0,0,0,0,0,0,0,17.0867355275744,0,0,0,0,0,0,0,0,0,0,0,0,0,16.0007928735371,0,0,0,0,0,0,0,0,0,0,22.3633664948094,0,0,0,0,0,0,0,0,0,0,0,0,0
"Hsa-Mir-124-P1-v1_3p",0,104.299356826947,87.7193574275664,288.611876527232,201.204408960153,3320.05120471281,124.210733306425,631.76915427023,119.986853926967,37.7575738616672,139.148989907821,457.920495985445,65.940016412252,551.997262292554,201.7197899416,127.637991211164,88.1784409778899,396.291875442048,167.376018824126,136.375091085128,213.30538793356,367.678740013294,204.010109137597,505.380357460745,349.90680650506,277.528027627992,0,824.408901416621,0,81.7744008041498,0.226426685822394,393.976635663419,1994.54632971519,74.9172777576115,3417.00776659944,44.9784500660752,163.962570880153,625.163908414313,18.474022388306,439.530984727024,537.503504991017,297.531391689694,137.886009430901,0,252.120263409857,222.64169281282,42.2143048214533
"Hsa-Mir-1249_3p",0,0,0,0,0,0,0,0,0,2.79685732308646,0,0,0,0,0,0,0,0,0,0,0,0,0,0,0,0,0,0,0,0,0,0,0,0,0,0,21.2272971228769,0,0,0,0,0,0,0,0,0,0
"Hsa-Mir-126-P2-v1_3p",0,0,0,0,0,0,0,0,0,15.3827152769755,0,0,0,0,0,0,0,0,0,0,0,0,0,0,0,60.1402684124277,0,0,0,0,0,0,0,0,0,0,14.6395152571565,0,0,0,0,0,0,0,0,0,0
"Hsa-Mir-126-P2-v2_5p",0,0,0,0,0,0,0,0,0,0,0,0,0,0,0,0,0,0,0,0,0,0,0,39.8722175511436,0,0,0,0,0,0,0,0,0,0,0,0,0,0,0,0,0,0,0,0,0,0,0
"Hsa-Mir-1269_3p",0,0,0,0,0,0,0,0,48.2225647111544,0,0,0,0,0,0,0,0,0,0,0,0,0,42.0020812930348,0,0,0,0,0,0,0,71.5508327198764,0,0,25.7178714690308,0,0,0,0,0,0,0,0,0,0,0,0,0
"Hsa-Mir-1271_5p",0,0,0,0,0,0,0,0,0,16.7811439385188,0,0,0,0,0,0,0,0,0,0,0,0,0,0,0,0,0,46.4455719107955,0,0,0,0,0,0,0,0,0,0,0,0,0,0,0,0,0,0,0
"Hsa-Mir-1276_5p",0,0,0,0,0,0,0,0,0,0,0,0,0,0,0,0,0,0,0,0,0,0,0,0,0,0,0,0,0,0,0,0,0,0,0,0,0,0,0,0,72.8615862321156,0,0,0,0,0,0
"Hsa-Mir-128-P1_3p",0,38.8566231316078,11.0625302393815,0,0,118.516820729872,0,11.3739127610025,0,6.99214330771616,27.981046883638,0,0,19.7280030672181,0,0,0,45.7259856279286,0,0,0,5.88285984021271,20.4010109137597,2.99041631633577,96.6593388135523,0,0,0,0,36.3441781351777,0,0,0,0,8.85562916186453,0,0,0,0,55.8725828042827,0,16.0660772251963,6.07884557706122,0,0,0,0
"Hsa-Mir-1296_5p",0,0,0,0,0,0,0,0,0,2.79685732308646,0,0,0,0,0,0,0,0,0,0,0,0,0,0,0,0,0,0,0,0,0,0,0,0,0,0,0,0,0,0,0,0,0,0,0,0,0
"Hsa-Mir-130-P3b_3p",0,0,0,0,0,0,0,0,0,0,0,0,0,0,0,0,0,0,0,0,0,0,0,0,0,0,0,0,0,6.98926502599571,0,0,0,0,0,0,0,0,0,0,0,0,0,0,0,0,0
"Hsa-Mir-130-P4a_3p",0,0,0,0,0,0,0,41.3596827672819,0,0,0,0,0,32.1063579329236,0,0,0,0,0,0,0,0,0,0,0,66.209469811847,0,0,0,0,0,0,0,0,0,0,0,0,0,0,0,0,0,0,0,0,0
"Hsa-Mir-1301_3p",0,0,0,115.444750610893,2.092246886934,0,0,0,8.1636625298411,0,0,25.4160952616569,0,0,0,0,0,0,0,0,0,0,0,0,0,0,0,0,0,0,0,0,0,0,0,0,0,0,0,0,0,0,0,0,0,0,0
"Hsa-Mir-1306_5p",0,0,0,192.407917684822,0,0,0,0,0,25.1717159077782,0,60.7401598626037,0,0.386823589553297,174.823817949387,0,0,0,0,0,0,0,38.4019028964889,0,78.2940644389774,0,0,130.851467017914,0,0,138.573131723305,0,0,52.5539112628021,0,184.097842130913,0,0,0,35.385969109379,0,25.3349679320404,0,0,0,0,0
"Hsa-Mir-132-P1_3p",177.737662885863,147.927845957173,375.86573330981,461.779002443572,671.262542891326,88.4925594783042,434.737566572489,73.9304329465163,340.215889615703,286.677875616362,139.90523441819,0,61.5440153181019,78.9120122688725,147.927845957173,9.81830701624341,65.4658122411607,0,382.225962987458,3.03055757966951,0,13.2364346404786,486.824123177365,77.75082422473,1.93318677627105,0,169.729898019147,75.9206463926465,0,452.205447181922,1049.71411547262,267.410194431684,0,0,0,117.153172265126,215.932850043059,125.545211115989,386.107067915596,258.87630032651,34.6391147660878,0,368.585612306687,133.438917312066,0,546.138169549397,0
"Hsa-Mir-139_5p",0,0,0,0,0,0,0,0,0,0,0,0,0,0,0,0,0,0,0,0,0,0,0,0,0,0,87.7417269421014,0,0,0,0,0,0,0,0,0,0,0,0,0,0,0,0,0,0,0,0
"Hsa-Mir-145_5p",0,0,11.8434147268673,307.852668295714,0,0,112.918848460387,0,53.3485853694267,26.5701445693214,86.9681186923883,0,0,0,0,0,0,0,102.251531499829,0,0,30.8850141611167,25.6012685976593,0,0,0,0,0,0,22.3656480831863,86.7214206699767,0,0,0,0,0,36.5987881428913,0,72.9723884338088,0,0,0,65.5329206112453,0,0,0,0
"Hsa-Mir-146-P1_5p",0,0,1.17132673122863,0,0,0,0,0,8.92307299773329,0,0,0,4.39600109415014,6.96282461195934,0,0,0,0,1.21728013690273,0,0,0,0,0,0,0,0,12.0579850153027,0,0,0,8.10333922520254,0,0,0,0,0,0,0,0,9.55561786650697,9.88681675396697,0,0,0,0,0
"Hsa-Mir-148-P1_3p",23.92622385002,0,22.6456501370869,38.4815835369643,8.02027973324701,0,0,0,30.3764187156878,33.5622878770376,28.7372913940066,0,26.3760065649008,0,0,49.091535081217,0,15.2419952093095,0,0,0,14.7071496005318,64.8032111378251,0,0,81.6583461012779,0,4.91251241364183,0,0,0,0,18.5431384517391,40.254059690657,0,0,4.39185457714695,0,0,26.0738719753319,0,0,29.3563762014176,57.1881074194568,0,0,0
"Hsa-Mir-148-P3_3p",0,0,0,0,0,0,0,0,0,0,0,0,0,0,0,0,0,0,0,0,0,0,0,0,0,0,0,0,0,0,0,0,0,0,0,0,0,0,0,0,31.0557580661476,0,0,0,0,0,0
"Hsa-Mir-148-P4_3p",0,0,0,0,0,0,0,0,0,0,0,0,0,0,0,29.4549210487302,0,0,0,6.06111515933902,0,30.8850141611167,0,0,0,6.6209469811847,0,0,0,0,0,0,0,0,0,0,0.731975762857826,0,0,0,0,10.5047428010899,15.5677752583275,0,0,0,0
"Hsa-Mir-149_5p",0,0,0,86.5835629581697,0,0,0,0,0,4.19528598462969,0,0,0,29.7854163956038,0,0,0,0,0,0,0,0,17.6008721608908,28.9073577245791,10.6325272694908,0,0,0,0,0,0,0,0,19.008861520588,13.7051403695522,0,0,28.1836188219567,0,0,0,0,15.2712462057879,0,0,0,0
"Hsa-Mir-15-P1a_5p",0,0,0,0,0,0,0,0,0,58.7340037848157,0,0,0,0,0,9.81830701624341,0,0,0,0,3.34334463845705,0,0,0,0,0,0,0,0,0,0,0,0,0,0,0,55.6301579771947,0,0,0,0,0,0,0,0,0,0
"Hsa-Mir-15-P1b_5p",215.33601465018,385.157755602779,264.459546428509,1048.62315138228,548.168684376708,537.276253975419,612.271089429653,412.045839569046,509.944129189609,241.928158446979,865.89996437204,320.50126906225,342.888085343711,469.603837717702,322.75166390656,1512.01928050149,369.414226217978,320.0818993955,479.608373939676,171.226503251327,557.669885694635,395.622324254305,425.221070614247,680.818114685777,665.01625103724,260.423914593265,106.440783503533,924.892109877476,704.31551490649,353.307347064083,391.718166472741,182.518069215276,723.182399617824,356.69569559221,330.610155376276,610.870112525301,220.324704620205,371.511339016703,322.37169067594,1070.89117041542,157.667694797365,405.668449936207,349.904281996694,1683.87205179512,732.157244942224,679.342601146811,604.385290980319
"Hsa-Mir-15-P1c_5p",0,0,32.0162639869159,0,36.614320521345,0,0,0,31.13582918358,64.3277184309886,0,35.7548458765682,0,0,0,0,0,228.629928139643,0,0,0,0,0,0,0,0,65.6864294593874,0,60.7168547333181,105.537901892535,0,0,0,0,0,0,0,74.3022678033405,0,0,0,0,21.7948853616585,0,0,66.6022157987069,52.5104767291249
"Hsa-Mir-15-P2b_5p",143.55734310012,296.537387057007,264.849988672252,990.900776076831,628.371481709179,1106.1569934788,486.805702251445,558.872713392896,458.494069989913,78.312005046421,592.895696128978,727.589574524381,189.028047048456,580.235384329945,107.583887968853,441.823815730953,165.000567587415,381.049880232738,465.609652365295,260.627951851578,896.016363106488,369.149454973348,506.825114269286,310.006491460141,454.298892423696,177.110331746691,323.158054420636,625.675444682928,607.168547333181,592.340210953136,300.694638772139,735.088629714802,1001.32947639391,423.785795076638,457.540840029667,731.161316190386,258.387444288812,422.754282329351,426.74991716987,519.615020079829,458.669657592334,540.067365185446,203.122400989606,838.7589088187,663.580533294743,253.088420035086,340.803290143928
"Hsa-Mir-15-P2c_5p",0,0,0,0,0,0,0,0,0,0,0,15.0773446467456,0,0,0,0,0,0,0,0,0,0,0,0,0,12.690148380604,0,0,60.7168547333181,0,0,0,0,0,0,0,0,0,0,0,0,0,11.2681039965037,0,0,0,0
"Hsa-Mir-15-P2d_5p",0,0,0,0,0,0,0,0,0,0,0,0,0,0,0,9.81830701624341,0,0,0,0,0,0,0.400019821838426,0,0,0,0,0,0,0,0,0,0,0,0,0,0,0,0,0,20.3056879663273,0,0,0,0,0,0
"Hsa-Mir-150_5p",0,0,0,0,0,0,0,0,0,0,0,0,0,0,0,0,0,0,0,0,0,0,0,0,0,0,21.5758344939594,0,0,0,0,0,0,0,0,0,0,0,0,0,0,0,0,0,0,0,0
"Hsa-Mir-17-P1a_5p",41.0163837428914,0,31.3655269140111,0,0,0,0,0,0,18.179572600062,0,65.9095351700594,123.088030636204,0,0,0,42.0851650121747,0,0,100.008400129094,0,54.4164535219676,142.807076396318,0,0,0.551745581765391,0,0,0,0,74.7208063213899,76.0170393983286,0,0,0,0,59.2900367914839,0,0,0,0,0,49.5203517741084,0,0,0,0
"Hsa-Mir-17-P1d_5p",0,0,0,0,0,0,0,0,0,16.7811439385188,0,0,0,0,0,0,0,0,0,0,0,0,0,0,0,29.2425158335657,0,0,0,0,0,0,0,0,0,0,8.78370915429391,0,0,0,16.7223312663872,0,0,0,0,0,0
"Hsa-Mir-17-P1d_3p",0,0,0,0,0,0,0,0,0,0,0,0,0,0,0,0,0,0,0,0,123.703751622911,0,0,62.7987426430512,0,0,0,0,0,0,0,0,0,0,0,0,0,0,0,0,0,0,0,0,0,0,0
"Hsa-Mir-17-P2a_5p",0,0,7.80884487485754,0,0,0,0,0,6.6448415940567,4.19528598462969,0,0,35.1680087532011,9.28376614927912,0,0,0,0,0,0,0,0,0,0,0,0,0,26.7955222562282,0,0,0,30.0981171221809,0,0,0,0,6.58778186572043,23.0593244906919,47.570607649888,0,16.7223312663872,0,34.9904281996694,0,0,30.446727222266,0
"Hsa-Mir-17-P4a_5p",0,0,19.6522596017248,0,0,0,39.5215969611354,6.20395241509228,26.3895137592538,18.179572600062,54.4496047465388,0,48.3560120356515,0,0,0,0,0,0,0,0,0,27.6013677068514,0,0,0,0,0,0,0,0,20.8371580076637,0,16.7725248711071,0,34.5183453995461,0,0,0,0,0,12.0495579188972,30.9872859903852,0,58.4919011110867,0,0
"Hsa-Mir-17-P4d_5p",0,0,0,0,0,0,0,0,0,39.1560025232105,0,0,0,0,0,0,0,0,0,0,49.4815006491643,0,0,0,0,0,0,0,0,0,0,0,0,0,0,0,0,0,0,0,0,0,0,0,0,0,0
"Hsa-Mir-181-P1a_5p",0,0,0,0,48.121678399482,0,0,140.622921408758,0,0,0,0,0,0,0,0,0,0,103.468811636732,0,0,0,0,0,0,90.4862754095242,0,0,0,0,0,0,0,0,23.4041627849277,0,0,0,0,0,0,0,0,0,0,0,0
"Hsa-Mir-181-P2a_5p",0,0,17.1794587246866,0,0,0,0,0,0,0,0,0,0,0,0,0,0,0,0,0,0,0,0,0,0,0,0,0,0,0,0,0,0,0,0,0,0,0,0,0,0,0,0,0,0,0,0
"Hsa-Mir-185_5p",0,0,0.260294829161918,0,0,0,0,3.61897224213716,0,0,0,0,0,0,0,0,0,0,0,0,0,0,0,0,0,0,0,0,0,0.698926502599571,0,0,0,0,0,0,0,0,0,0,0,0,0,0,0,0,0
"Hsa-Mir-186_5p",0,0,0,259.750688874509,22.666007941785,0,0,0,0,9.78900063080262,43.1059370910099,0,0,82.0066009852989,0,9.81830701624341,0,0,50.5171256814633,0,0,51.4750236018612,0,0,0,0,0,0,0,0,0,0,69.5367691940216,0,30.7838537531481,0,34.4028608543178,0,36.0243436571968,0,35.8335669994011,0,0,50.8338732617394,0,0,0
"Hsa-Mir-188-P2_5p",0,0,0,0,0,0,0,0,0,0,0,0,0,0,0,0,0,0,0,0,0,0,0,0,0,0,0,0,0,0,0,0,0,0,0,0,0,0,0,0,0,0,0,0,0,157.942397465505,0
"Hsa-Mir-188-P3_5p",0,0,0,0,0,0,0,0,0,0,20.418601779952,0,0,0,0,0,0,0,0,0,0,0,0,0,0,0,0,0,0,0,0,0,0,0,0,0,0,0,0,0,0,0,0,0,0,0,0
"Hsa-Mir-19-P1a_3p",0,0,0,0,0,0,0,0,0,1.39842866154323,0,0,0,0,0,0,0,0,0,0,0,0,0,0,0,0,0,0,0,0,0,0,0,0,0,0,7.31975762857825,0,0,0,0,0,2.96529052539571,0,0,0,0
"Hsa-Mir-19-P2a_3p",0,0,0,0,0,0,0,0,0,12.5858579538891,0,0,0,0,0,0,0,0,0,0,0,0,0,0,0,0,8.63033379758375,0,0,0,0,0,0,0,0,0,6.58778186572043,15.3728829937946,0,0,0,0,5.63405199825186,0,0,0,0
"Hsa-Mir-191_5p",369.147453686022,1126.16037567397,668.697416116967,48.1019794212054,1874.65321069287,2345.05282617506,1137.34373477045,1457.92881754669,1233.28259985692,124.460150877348,980.849129948067,445.427838992427,514.332128015566,541.166201785062,645.50332781312,765.827947266986,980.651146632897,807.825746093405,1105.29036430768,365.182188350176,1285.85034795058,626.524572982654,758.037562383818,621.009788359062,1161.8452525389,946.243672727646,956.049199576777,1077.17999470037,1457.20451359963,336.882574252993,285.071197450393,847.763632274761,1202.98610705657,593.74738043719,753.571872011996,1532.40533364652,657.314235046327,1342.56511479139,460.926858588236,1625.89215960463,320.113198527983,1767.2684947716,306.907569378456,2509.92249229838,540.545844750732,561.36153316053,898.855807539725
"Hsa-Mir-192-P1_5p",0,0,0,0,0,0,0,0,0,0,0,5.16937530745564,0,0,0,0,0,0,0,0,0,0,0,0,0,0,0,0,0,0,0,0,0,0,0,0,0,0,0,0,2.38890446662674,0,0,0,0,0,0
"Hsa-Mir-192-P2_5p",0,0,0,0,0,0,0,0,0,13.9842866154323,0,0,0,0,0,0,0,0,0,0,0,0,0,0,0,0,0,0,0,0,0,0,0,0,0,0,0,0,0,0,0,0,0,0,0,0,0
"Hsa-Mir-193-P2a_3p",0,0,0,0,0,0,0,0,0,0,11.3436676555289,0,0,0,0,0,0,30.4839904186191,0,10.6069515288433,0,0,0,13.9552761429003,15.4654942101684,14.3453851259002,0,0,0,0,0,0,0,0,0,12.552125599835,20.4953213600191,0,0,0,0,0,0,0,0,0,0
"Hsa-Mir-194-P1_5p",0,0,0,0,0,0,0,0,0,0,0,0,0,0,0,0,0,0,0,0,16.7167231922852,0,0,0,0,0,0,0,0,0,0,0,0,0,0,0,0,0,0,0,0,0,0,0,0,0,0
"Hsa-Mir-196-P1_5p",0,0,0,0,0,0,0,31.0197620754614,0,2.79685732308646,0,0,0,0,0,0,0,0,0,16.6680666881823,0,0,0,0,0,0,0,0,0,0,0,0,0,13.4180198968856,0,0,0,0,0,50.2853245238544,33.4446625327744,0,3.41008410420507,0,0,0,0
"Hsa-Mir-196-P3_5p",0,0,4.81545433949548,0,0,0,0,0,0,8.39057196925939,0,0,0,83.1670717539588,0,0,0,0,0,0,0,0,0,0,0,27.0355335065042,0,0,0,0,0,0,0,0,0,0,0,0,0,0,11.9445223331337,0,0,0,0,0,0
"Hsa-Mir-197_3p",0,0,0,0,0,0,0,0,0,0,0,0,0,0,0,0,0,0,0,0,0,0,0,0,0,61.2437595759584,0,0,0,0,0,0,0,0,0,0,0,0,0,0,0,0,0,0,0,0,0
"Hsa-Mir-203-v1_3p",0,0,0,0,0,372.932929229996,112.291521524496,77.5494051886535,7.4042520619489,57.3355751232725,0,0,96.712024071303,53.7684789479082,0,9.81830701624341,0,0,102.251531499829,36.3666909560341,0,60.2993133621803,6.40031714941482,43.859439306258,0,0,0,0,0,62.2044587313618,0,0,0,0,44.2781458093226,0,0,0,0,0,0,0,12.7507492592016,0,0,0,0
"Hsa-Mir-205-P4_5p",17.0901598928714,44.9918794155458,26.2897777453537,0,37.311736150323,61.6287467795333,0,21.196837418232,0,58.7340037848157,0,0,0,0,0,0,0,0,0,0,0,0,0,0,0,0,0,0,0,41.9355901559742,24.0012286971737,42.0601893117656,0,0,0,0,27.0831032257395,15.3728829937946,0,0,0,0,46.7033257749825,0,0,0,0
"Hsa-Mir-21_5p",0,0,0,0,0,0,0,0,0,25.1717159077782,0,0,0,0,0,0,0,0,0,0,0,0,0,0,0,0,0,12.9511690905103,0,0,0,0,0,0,0,0,22.6912486485926,0,0,0,0,0,5.33752294571229,0,0,0,0
"Hsa-Mir-218-P2_5p",0,0,0,0,0,0,0,0,0,16.7811439385188,0,0,0,0,0,0,0,0,0,0,0,0,0,0,0,0,0,0,0,6.29033852339614,0,0,0,0,0,0,0,0,0,0,0,0,0,0,0,0,0
"Hsa-Mir-22-P1b_3p",0,0,0,0,38.706567408279,0,0,0,0,4.19528598462969,0,0,0,0,161.37583195328,0,113.563143683646,0,73.6454482826152,68.187545542564,0,0,0,0,0,0,0,0,0,0,0,0,0,0,0,0,0,0,63.7353772396558,0,0,44.1817123692899,20.3122400989606,0,0,0,0
"Hsa-Mir-221-P1a_3p",0,0,26.8103674036776,0,0,0,0,0,26.9590716101729,12.5858579538891,0,0,0,0,0,265.094289438572,0,30.4839904186191,0,0,116.348393418305,0,0,31.8977740409149,0,0,0,0,0,0,44.3796304211891,0,170.365084525353,0,0,0,0,125.545211115989,0,0,161.251051497305,0,0,2833.98843434197,0,0,0
"Hsa-Mir-221-P2a_5p",54.6885116571885,0,29.9339053536206,0,0,191.207137444193,0,0,0,0,0,0,96.712024071303,0,0,29.4549210487302,0,0,0,43.9430849052079,58.1741967091526,0,29.2014469942051,0,0,0,0,0,0,0,0,0,67.2188768875542,71.5627727833901,12.8617471160413,0,19.0313698343035,0,3.69480447766121,0,0,10.5047428010899,0,0,0,0,19.5627266245759
"Hsa-Mir-221-P2a_3p",0,0,24.4677139412203,0,43.588476811125,0,54.5774434225203,0,98.7233608259853,29.3670018924079,0,79.6945359899411,0,0,0,0,0,0,0,15.1527878983475,0,0,0,107.654987388088,40.596922301692,0,0,66.5422136029667,0,85.2690333171476,0,0,0,0,0,26.1502616663228,113.456243242963,0,18.9358729480137,0,0,0,0,0,0,0,39.1254532491519
"Hsa-Mir-23-P2_3p",64.9426075929113,0,74.9649107986324,48.1019794212054,253.161873319014,176.985118956608,0,141.65691347794,276.045705078813,107.679006938829,448.452994648576,130.095945237634,320.90807987296,71.9491876569132,2299.60560533424,29.4549210487302,259.859193487873,411.533870651358,77.2972886933234,383.365533828193,1008.35274295865,63.2407432822866,93.2046184883533,342.901070939835,416.601750286411,275.872790882696,0,627.908404870947,364.301128399909,129.301402980921,96.2313414745173,340.726120754945,0,245.997031442904,172.052223716225,378.655788928354,202.757286311618,212.658214747492,58.193170523164,182.517103827323,360.724574460638,340.477251964738,177.027844366124,305.003239570436,484.070905746925,78.0197385070567,383.017594965381
"Hsa-Mir-23-P3_3p",64.9426075929113,0,68.4575400695844,38.4815835369643,235.029066965586,176.985118956608,0,209.900390043955,234.847687195661,95.0931489849397,188.30488308178,91.7564117073376,320.90807987296,54.5421261270148,2245.81366134981,29.4549210487302,259.859193487873,152.419952093095,40.1702445177901,383.365533828193,1039.11151363245,66.182173202393,93.2046184883533,342.901070939835,326.708565189807,35.8634628147504,0,56.717188775683,364.301128399909,81.42493755285,50.4931509383938,319.888962747281,0,257.178714690308,152.443330572096,191.419915397483,202.757286311618,158.853124269211,29.5584358212897,87.5337130600428,324.891007461237,295.677613548325,122.021705120034,305.003239570436,217.831907586116,78.0197385070567,383.017594965381
"Hsa-Mir-24-P2_3p",0,0,0,0,4.881909402846,0,0,3.10197620754614,0,0,0,0,0,3.48141230597967,0,0,0,0,7.30368082141639,0,0,0,6.80033697125325,0,0,0,0,0,0,4.54302226689721,4.07568034480308,0,0,1.11816832474047,0,0,0.731975762857826,0,0,0,0,0.308963023561468,0,0,0,0,0
"Hsa-Mir-26-P1_5p",0,32.7213668476697,8.06913970401946,9.62039588424108,84.3872911063381,36.3451583571607,8.78257710247452,10.3399206918205,14.2389462729787,8.39057196925939,44.6184261117471,23.6929701591717,87.9200218830027,56.8630676643346,40.34395798832,0,40.0811095354045,213.387932930334,59.0380866397825,77.2792182815725,35.4394531676447,26.4728692809572,47.6023587987727,44.8562447450365,82.1604379915195,46.3466288682929,0,24.1159700306054,60.7168547333181,38.0914943916766,82.872167010996,19.679538118349,27.8147076776086,34.6632180669546,0,0,0,40.9943546501189,83.5949513070848,0,21.5001401996407,35.8397107331303,13.9368654693599,44.479639104022,78.6615221838752,0,71.0435861629336
"Hsa-Mir-26-P2_5p",6.83606395714856,0,5.0757491686574,0,2.789662515912,0,0,0,0,16.7811439385188,0,0,0,16.2465907612385,0,0,0,0,0,0,3.34334463845705,17.6485795206381,22.0010902011135,0,0,0,0,60.7365171141172,0,0,0.226426685822394,0,26.6557615243749,0,20.030589770884,0,0,20.4971773250595,13.3936662315219,0,0,0,3.1135550516655,0,0,0,0
"Hsa-Mir-27-P2_3p",0,0,0,0,0,0,22.5837696920774,0,32.8445027363374,6.99214330771616,0,29.2931267422486,26.3760065649008,17.7938851194516,0,0,14.6964068296483,0,30.4320034225683,0,0,19.1192944806913,13.2006541206681,15.9488870204574,31.8975818084723,15.448876289431,0,0,0,0,29.4354691569112,16.2066784504051,0,0,29.7296121862595,30.3343035329345,15.3714910200143,25.6214716563243,9.69886175386067,108.020326754946,19.1112357330139,25.6439309556018,16.0125688371369,0,209.764059157001,30.446727222266,46.3327735845219
"Hsa-Mir-28-P1_5p",0,113.161393681524,0,0,0,0,0,0,0,0,0,0,0,0,0,0,0,0,0,0,0,0,0,0,0,0,0,0,0,0,0,0,0,0,0,0,0,0,0,0,111.084057698144,0,0,0,0,0,0
"Hsa-Mir-28-P1_3p",0,0,18.3507854559152,0,0,0,0,28.9517779370973,0,0,0,0,0,0,0,0,0,0,0,0,0,0,35.6017641436199,0,0,0,0,0,0,0,0,0,0,0,0,0,0,0,0,0,0,0,29.2081116751478,0,0,0,0
"Hsa-Mir-28-P2_5p",0,45.6735745582056,0,0,51.608756544372,112.195923624279,0,172.676675553402,11.3911570183829,12.5858579538891,0,35.3240646009469,0,0,94.1359019727467,0,100.870792330768,15.2419952093095,54.7776061606229,28.7902970068603,0,0,13.2006541206681,44.8562447450365,52.1960429593183,71.7269256295009,0,32.6012187450776,0,0,4.30210703062548,18.1360449325962,98.5104230248639,573.620350591862,60.9351625661631,0,15.3714910200143,0,19.859574067429,163.892909559229,0,12.6674839660202,0,222.39819552011,0,102.757704375148,37.0662188676175
"Hsa-Mir-28-P2_3p",0,0,35.9206864243447,0,0,0,0,0,0,19.5780012616052,0,0,0,0,0,0,0,0,105.903371910538,0,123.035082695219,16.177864560585,0,0,174.95340325253,0.551745581765391,0,0,0,95.0540043535416,0,55.9516279835413,0,0,70.8450332949162,0,0,0,0,0,0,25.9528939791633,50.5582034579969,0,0,0,0
"Hsa-Mir-29-P1b-v1_3p",0,0,0,0,0,0,0,0,0,0,0,0,0,0,0,0,0,0,0,0,0,0,0,0,0,0,0,0,0,0,0,0,0,0,0,0,0,0,0,0,0,40.1651930629908,0,0,0,0,0
"Hsa-Mir-29-P2b_3p",0,0,0,0,0,0,89.0804248965273,0,0,0,0,0,0,0,0,0,0,0,0,0,0,0,0,0,0,0,0,0,0,0,0,0,0,0,0,0,0,0,0,0,0,0,0,0,0,0,0
"Hsa-Mir-30-P1a_5p",0,0,0,0,0,0,33.875654538116,0,8.73322038076024,5.59371464617293,0,0,0,8.51011897017253,0,0,23.380647228986,0,0,0,6.01802034922268,0,23.2011496666287,0,15.4654942101684,0,0,0,0,0,7.0192272604942,20.0654114147872,0,7.8271782731833,0,0,0,0,2.77110335824591,0,0,0,10.8233104176944,0,0,9.51460225695813,17.5034922430416
"Hsa-Mir-30-P1b_5p",0,0,0,0,0,0,0,0,0,0,0,0,0,0,0,0,0,0,0,0,0,0,0,0,1.93318677627105,0,0,0,0,0,0,0,0,0,0,0,0,0,0,0,0,0,0,0,0,0,0
"Hsa-Mir-30-P1d_5p",0,0,0,0,0,0,0,0,0,0,0,0,0,0,0,0,0,30.4839904186191,0,0,0,0,0,0,0,0,0,0,0,0,0,0,0,0,0,0,0,0,0,0,25.0834968995808,0,0,0,0,0,0
"Hsa-Mir-31_5p",64.9426075929113,0,11.4529724831244,182.78752180058,0,0,0,54.2845836320574,0,0,0,0,0,0,0,0,0,0,0,0,0,145.600781045265,0,0,0,64.0024874847854,0,0,218.580677039945,0,0,0,0,72.6809411081306,0,0,44.6505215343274,0,0,0,0,0,31.135550516655,0,0,0,0
"Hsa-Mir-3144-v1_5p",0,0,0,0,0,0,0,0,0,0,0,0,0,0,0,0,0,0,0,16.6680666881823,0,0,0,0,0,0,0,0,0,0,0,0,0,0,0,0,0,0,0,0,0,0,0,0,0,0,0
"Hsa-Mir-324_5p",0,0,0,0,0,0,0,0,0,0,0,0,0,0,0,0,0,0,0,62.1264303832249,0,0,0,0,0,0,0,0,0,0,0,0,0,0,0,80.5428059322743,0,0,0,0,0,0,0,0,0,0,0
"Hsa-Mir-330-v1_3p",0,0,0,0,0,0,0,0,0,0,0,0,0,0,0,29.4549210487302,0,0,0,0,0,0,0,42.8626338674794,0,0,0,0,0,0,0,0,0,0,0,0,0,0,0,0,0,0,0,0,0,0,0
"Hsa-Mir-331_3p",0,0,0,0,0,0,0,24.2988136257781,0,0,0,0,0,0,0,0,0,0,0,0,0,0,0,0,0,0,0,0,0,0,0,0,0,0,0,0,0,0,0,0,0,0,0,0,0,0,0
"Hsa-Mir-339_5p",0,0,0,0,0,0,0,0,0,0,0,0,0,0,0,0,0,0,0,0,0,0,0,0,0,0,0,0,0,0,0,0,0,0,0,0,0,0,0,0,0,0,0,0,0,0,32.9477501045489
"Hsa-Mir-339_3p",0,0,0,0,0,0,0,0,0,0,0,0,0,0,0,0,0,0,0,0,0,0,0,0,0,0,0,0,24.2867418933272,0,0,0,0,0,0,0,8.05173339143608,0,0,0,0,0,0,0,0,0,0
"Hsa-Mir-34-P1_5p",0,0,0,0,0,0,0,0,0,0,0,3.01546892934912,0,0,0,0,0,0,0,0,0,0,0,0,0,0,0,0,0,0,0,0,0,0,0,0,0,0,0,0,0,0,0,0,0,0,0
"Hsa-Mir-340_5p",0,0,0,0,0,0,0,0,0,4.19528598462969,0,0,0,0,0,0,0,0,0,0,0,0,0,0,0,0,0,0,60.7168547333181,0,8.60421406125096,0,0,0,10.7532639822641,0,0,0,0,0,0,0,0,0,0,0,0
"Hsa-Mir-342_3p",0,30.6762814196903,20.3029966746296,0,18.481514167917,406.11763903436,38.2669430893533,49.1146232861472,37.9705233946097,0,57.4745827880132,0,39.5640098473512,28.2381220373906,13.4479859961067,9.81830701624341,75.4860896250118,60.9679808372382,53.5603260237202,0,113.005048779848,32.3557291211699,29.6014668160436,0,83.127031379655,73.382162374797,65.2069664706328,104.50253679929,36.4301128399909,0,106.646969022347,25.081764268484,45.198899976114,76.035446082352,67.4714602808726,25.1042511996699,13.9075394942987,33.3079131532216,11.0844134329836,0,32.250210299461,31.8231914268312,17.6434786261045,63.5423415771742,0,57.0876135417488,31.9181329137818
"Hsa-Mir-345_5p",0,0,0,0,0,0,0,0,87.9017616585216,0,0,0,0,0,0,0,0,0,0,0,0,0,0,0,0,0,0,0,0,0,0,0,0,0,0,0,0,0,0,0,0,0,0,0,0,0,0
"Hsa-Mir-361-v1_5p",27.3442558285943,0,0,0,0,0,0,34.1217382830075,79.5482465117074,0,0,14.6465633711243,0,0,0,58.9098420974605,16.0324438141618,15.2419952093095,0,0,0,7.35357480026589,0,67.7827698369441,7.73274710508419,0,46.0284469204466,0.446592037603803,0,0,0,0,0,0,11.596657235775,0,10.2476606800096,0,40.6428492542733,0,0,16.3750402487578,13.4920718905505,95.3135123657614,0,0,0
"Hsa-Mir-362-P1_5p",0,0,0,0,65.208361309443,0,0,0,0,0,0,0,0,0,0,0,0,0,0,0,0,0,0,0,0,0,0,0,0,0,0,0,0,0,0,0,0,0,0,0,0,0,0,0,0,0,0
"Hsa-Mir-362-P2-v1_3p",34.1803197857428,0,19.3919647725629,0,51.608756544372,0,0,0,0,0,0,0,0,56.089420485228,0,9.81830701624341,0,0,0,0,0,29.4142992010636,0,0,0,0,0,0,0,20.9677950779871,0,46.6906688690242,0,39.1358913659165,22.9824661581722,0,0,0,0,87.5337130600428,0,0,35.8800153572882,0,0,0,66.925117399865
"Hsa-Mir-362-P3_3p",0,0,0,0,0,0,0,0,0,0,89.2368522234941,0,17.5840043766005,28.624945626944,0,9.81830701624341,57.4495903340798,0,0,0,0,33.8264440812231,0,0,0,56.2780493400699,0,0,0,29.7043763604818,21.5105351531274,51.3211484262827,0,0,0,0,0,33.3079131532216,0,0,0,65.1911979714697,0,0,0,0,94.7247815505782
"Hsa-Mir-374-P1_5p",0,0,0,0,0,0,39.5215969611354,0,1.70867355275744,0,0,0,0,0,0,0,0,0,0,0,0,0,0,0,0,0,0,0,0,0,0,0,0,0,0,0,0,0,0,0,0,0,11.4163685227735,0,0,0,0
"Hsa-Mir-374-P1_3p",0,0,0,0,0,0,0,0,0,0,0,0,0,0,0,0,0,0,0,0,0,0,0,0,0,0,0,0,0,0,0,0,0,0,20.2414380842618,0,0,0,0,0,20.3056879663273,0,0,0,0,0,0
"Hsa-Mir-374-P2_5p",0,0,0,0,0,0,0,0,0,0,0,0,0,0,0,58.9098420974605,0,0,0,0,0,11.7657196804254,0,0,0,0,0,24.1159700306054,0,0,0,0,0,25.7178714690308,0,0,0,0,0,0,0,0,22.832737045547,0,0,0,42.2143048214533
"Hsa-Mir-375_3p",0,0,0,0,0,0,0,0,0,0,0,4.30781275621303,0,0,0,0,0,0,0,0,0,0,0,0,0,0,0,0,0,0,0,0,0,0,0,0,0,0,0,0,0,0,0,0,0,0,0
"Hsa-Mir-378_3p",0,0,0,0,0,0,0,0,0,4.19528598462969,0,259.761109199646,0,29.3985928060505,0,0,0,0,0,0,0,42.6507338415422,0,0,48.3296694067762,0,64.2480404931234,0,0,0,0,0,0,0,0,0,14.6395152571565,0,66.5064805979017,0,0,27.1887460734092,0,0,0,0,0
"Hsa-Mir-423_5p",0,0,29.6736105244586,0,16.040559466494,0,0,0,8.73322038076024,0,12.0999121658975,0,30.772007659051,17.020237940345,0,0,0,0,0,21.2139030576866,34.7707842399533,51.4750236018612,21.2010505574366,0,0,8.82792930824626,0,33.940994857889,0,17.8226258162891,0,46.3047955725859,17.3841922985054,2.23633664948094,9.06647747524225,0,0,12.8107358281622,0,0,0,4.32548232986055,2.96529052539571,0,62.5258253256444,15.223363611133,31.9181329137818
"Hsa-Mir-425_5p",0,68.8512094086383,15.6176897497151,0,0,0,0,0,0,0,0,0,0,0,0,0,0,0,0,0,0,0,0,0,0,82.7618372648087,0,0,0,27.2581336013833,31.0204559576679,0,0,0,0,0,40.9906427200382,46.1186489813838,0,0,0,0,0,0,0,0,0
"Hsa-Mir-450-P1_5p",0,0,0,0,0,0,0,0,0,5.59371464617293,0,0,0,0,0,0,0,0,0,0,0,0,0,0,0,17.6558586164925,0,0,0,0,0,0,0,0,0,0,0,0,0,0,0,0,0,0,0,0,0
"Hsa-Mir-450-P3_5p",0,0,8.06913970401946,0,0,0,0,0,0,0,0,0,0,0,0,0,0,0,0,0,0,0,0,0,0,0,0,0,0,0,0,0,0,0,0,0,0,0,0,0,0,0,3.55834863047486,0,0,0,0
"Hsa-Mir-4677_3p",0,0,0,38.4815835369643,0,0,0,0,0,0,0,0,0,0,0,0,0,0,0,0,0,0,0,0,0,0,0,0,0,0,0,0,0,0,0,0,0,0,0,0,0,0,0,0,0,0,0
"Hsa-Mir-486_5p",0,33.4030619903295,0,0,0,0,10.6645579101476,0,34.7430289060679,0,0,0,0,0,0,0,47.4293129502287,0,0,0,66.8668927691409,0,0,0,0,18.2076041982579,0,0,0,0,44.6060571070115,17.3642983397197,32.4504922905434,0,0,0,16.1034667828722,0,37.4098953363197,0,0,0,8.00628441856843,0,0,0,0
"Hsa-Mir-505-v1_5p",30.7622878071685,67.4878191233187,0,0,7.67157191875801,0,0,0,17.2765881445474,0,0,0,0,0,0,0,80.8302375630658,0,54.1689660921715,0,14.0420474815196,0,0,0,0,60.692013994193,0,0,0,46.8280756741712,0,40.5166961260127,0,0,18.9763482039954,12.552125599835,0,0,0,0,0,54.0685291232569,0,0,0,0,0
"Hsa-Mir-505-v2_5p",30.7622878071685,67.4878191233187,0,0,7.67157191875801,0,0,0,0,0,0,0,0,0,0,0,80.8302375630658,0,54.1689660921715,0,14.0420474815196,0,0,0,0,60.692013994193,0,0,0,46.8280756741712,0,40.5166961260127,0,0,18.9763482039954,12.552125599835,0,0,0,0,0,54.0685291232569,0,0,0,0,0
"Hsa-Mir-556_5p",0,0,0,0,0,0,0,0,21.2634931009815,0,0,0,0,0,0,0,0,0,0,0,0,0,0,0,0,0,0,0,0,0,0,0,0,0,0,0,0,0,0,0,0,0,0,0,0,0,0
"Hsa-Mir-574_3p",0,0,0,0,0,0,0,0,0,0,0,0,0,0,0,0,0,30.4839904186191,0,0,0,0,0,0,0,0,0,0,0,0,0,0,0,0,0,0,0,0,0,0,0,0,0,0,0,0,0
"Hsa-Mir-576_5p",0,0,0,0,0,0,0,0,0,12.5858579538891,0,0,0,0,13.4479859961067,0,0,0,0,0,0,7.35357480026589,0,0,0,0,0,0,0,0,15.1705879501004,0,0,0,0,0,0,0,14.3173673509372,0,0,0,0,0,0,0,0
"Hsa-Mir-577_5p",0,0,8.32943453318138,0,0,0,0,0,0,0,0,0,0,0,0,19.6366140324868,0,0,0,0,0,0,0,0,17.3986809864394,0,0,0,0,0,0,0,0,0,0,0,0,0,0,0,0,0,23.8705887294355,0,0,0,0
"Hsa-Mir-582-v1_5p",0,0,0,0,0,0,0,0,0,0,0,0,0,0,0,0,0,0,0,0,0,0,0,0,0,0,0,0,0,0,0,0,0,13.4180198968856,0,0,0,0,0,0,0,0,0,0,0,0,0
"Hsa-Mir-589_5p",0,0,0,0,0,0,0,0,7.783957295895,0,0,0,0,0,0,0,0,0,0,0,0,0,0,0,0,0,0,0,0,0,0,0,0,0,0,0,0,0,0,0,0,0,0,0,0,0,0
"Hsa-Mir-590_3p",0,0,0,0,0,0,0,0,0,4.19528598462969,0,0,0,0,0,0,0,60.9679808372382,0,0,0,0,0,0,0,0,0,0,0,0,0,0,0,0,0,0,0,0,0,0,0,0,0,0,0,0,0
"Hsa-Mir-605-v1_3p",0,0,0,0,0,0,0,0,0,0,0,0,74.7320186005523,0,0,0,0,0,26.1715229434087,0,0,0,0,38.875412112365,0,0,0,0,0,0,0,0,0,0,0,0,0,0,0,0,0,15.4481511780734,0,0,0,0,0
"Hsa-Mir-615_3p",0,0,0,0,0,0,0,0,7.783957295895,0,12.8561566762661,5.60015658307694,0,22.8225917836445,40.34395798832,0,19.3725362754455,0,0,4.54583636950426,10.6987028430626,11.7657196804254,0,0,66.6949437813511,7.17269256295009,0,0,97.146967573309,24.8118908422848,28.5297624136216,0,0,8.94534659792377,0,12.552125599835,2.9279030514313,2.56214716563243,0,0,0,0,0,0,0,0,0
"Hsa-Mir-628_3p",0,0,18.4809328704962,0,0.348707814489,0,0,0,0,0,0,0,0,68.0809517613802,0,0,0,0,0,0,0,0,0,0,0,0,0,0,36.4301128399909,0,0,0,0,21.2451981700689,0,0,0,0,0,0,0,0,0,0,0,0,0
"Hsa-Mir-629_5p",0,0,0,0,0,0,0,0,34.1734710551488,0,0,0,0,0,0,0,0,0,0,0,6.68668927691409,26.4728692809572,0,0,0,0,0,0,0,0,0,0,0,0,0,0,0,0,0,0,0,0,0,0,0,68.5051362500986,0
"Hsa-Mir-652_3p",0,0,29.6736105244586,163.546730032098,0,0,0,0,0,0,0,46.0935964914794,0,0,0,0,0,152.419952093095,42.6048047915956,0,0,0,0,0,0,0,0,0,0,0,0,0,0,0,0,0,0,0,29.5584358212897,0,0,0,16.0125688371369,0,0,0,0
"Hsa-Mir-671_3p",0,0,2.99339053536206,0,0,0,0,0,0,0,0,19.3851574029586,0,0,0,0,0,0,0,0,0,0,0,0,0,0,0,0,0,0,0,0,0,0,0,0,0,0,0,0,0,7.7240755890367,0,0,0,0,0
"Hsa-Mir-7-P1_5p",0,0,0,0,0,0,0,0,0.949263084865244,2.79685732308646,0,0,0,0,0,0,0,0,2.43456027380546,0,0,0,0,0,0,0,0,0,12.1433709466636,0,0,0,0,0,0,0,0,0,0,0,0,0,0,0,0,0,0
"Hsa-Mir-744_5p",0,0,0,0,0,0,0,0,0,0,0,0,0,0,0,0,0,0,0,0,0,0,0,0,0,0,0,0,0,7.68819152859528,0,14.277311968214,0,0,0,0,0,0,0,0,0,0,5.48578747198207,0,0,0,0
"Hsa-Mir-766_3p",0,0,0,0,0,0,0,0,0,0,0,0,0,0,0,0,0,0,0,0,0,0,34.4017046781047,0,0,0,0,0,0,0,0,0,0,0,0,0,0,0,0,0,0,0,0,0,0,0,0
"Hsa-Mir-8-P1b_3p",0,0,0,0,0,0,0,0,6.83469421102975,0,0,0,0,0,0,0,0,0,0,0,0,0,0,0,0,0,0,0,0,0,0,0,0,0,0,0,0,0,0,0,0,0,0,0,0,0,0
"Hsa-Mir-8-P2b_3p",0,0,0,0,0,0,0,0,6.07528374313756,0,0,0,0,0,0,0,0,0,0,0,0,0,0,0,0,0,0,0,0,0,0,0,0,0,0,0,0,0,0,0,0,0,0,0,0,0,0
"Hsa-Mir-9-P1_5p",0,0,5.0757491686574,0,0,0,0,0,0,0,0,0,0,0,0,0,0,0,0,0,0,0,0,0,0,0,0,0,0,0,0,0,0,0,0,0,0,0,0,0,0,0,0,0,0,0,0
"Hsa-Mir-9-P1_3p",0,0,0,0,0,0,0,0,0,0,0,0,0,0,0,0,0,0,0,0,0,0,0,0,0,0,0,0,0,0,0,0,0,0,0,0,0,0,0,0,0,0,16.0125688371369,0,0,0,0
"Hsa-Mir-92-P1c_3p",20.5081918714457,0,53.881029636517,327.093460064197,0,60.048522503135,58.3414050378665,115.807111748389,91.6988139979825,50.3434318155563,397.784612453881,205.913449746983,70.3360175064022,360.132761874119,0,245.457675406085,0,76.2099760465477,152.160017112841,115.161188027441,129.721771972133,61.7700283222335,167.608305350301,15.9488870204574,22.231647927117,117.521808916028,123.221988109946,31.70803466987,157.863822306627,84.2206435632483,200.161190266996,171.327743618568,50.9936307422825,120.762179071971,171.419678776092,118.199182731779,187.385795291603,97.3615922940324,0,63.3222605115203,216.19585422972,92.9978700920018,100.226819758375,6.35423415771742,330.781785593732,117.981067986281,70.0139689721665
"Hsa-Mir-92-P1d_3p",30.7622878071685,42.2650988449067,339.29430981256,221.269105337545,111.935208450969,99.5541294130923,201.999273356914,556.804729254532,505.387666382256,25.1717159077782,71.8432284850165,121.480319725207,131.880032824504,165.947319918364,134.479859961067,58.9098420974605,338.685375574168,106.693966465167,150.334096907487,66.6722667527292,10.0300339153711,263.257977849519,188.00931626406,98.6837384390804,380.837794925396,215.732522470268,73.8373002682165,216.150546200241,242.867418933272,236.586621129955,276.693410074965,44.7613023868331,428.810076696466,177.788763633735,70.6341849815385,490.578908860216,56.3621337400526,89.6751507971351,97.4504680983143,264.463558606938,146.917624697545,173.637219241545,98.0028518643284,806.987738030113,254.137225517135,287.340988160136,229.604633541075
"Hsa-Mir-92-P2d_3p",201.663886735883,0,52.1891132469646,48.1019794212054,0,1366.89399908452,0,0,51.2602065827232,132.850722846607,657.176479510308,95.202661912308,211.008052519207,89.7430727763648,0,58.9098420974605,67.4698677179309,91.4519712558572,158.855057865806,81.8250546510768,0,75.0064629627121,44.4022002240653,332.933016552049,0,0.551745581765391,0,54.0376365500602,0,0,97.3634749036292,0,0,17.8906931958475,90.6647747524225,154.809549064631,71.0016489972091,56.3672376439135,52.1891132469646,0,0,0,52.1891132469646,216.043961362392,0,0,0
"Hsa-Mir-935-v1_3p",0,0,0,0,0,0,0,0,0,0,0,0,0,0,0,0,0,0,0,0,0,0,105.205213143506,0,0,0,0,0,0,41.9355901559742,0,0,0,0,0,0,0,0,0,119.194843315803,0,0,0,0,0,0,0
"Hsa-Mir-95-P2_3p",0,0,0,0,0,0,0,0,0,0,0,0,0,0,0,0,0,0,0,0,0,0,0,0,0,49.6571023588852,0,0,0,0,0,0,0,0,0,0,0,0,0,0,0,0,0,0,0,0,0
"Hsa-Mir-96-P1_5p",0,50.4454405568241,13.9257733601626,9.62039588424108,16.737975095472,0,0,0,0,0,0,0,0,0,0,0,0,0,0,0,0,0,0,9.9680543877859,0,0,0,0,0,0,0,0,0,0,0,0,0,0,0,0,0,0,0,57.1881074194568,0,36.1554885764409,0
"Hsa-Mir-96-P2_5p",34.1803197857428,63.39764826736,20.3029966746296,67.3427711896875,23.712131385252,0,0,110.637151402479,34.7430289060679,23.7732872462349,0,58.5862534844972,0,37.5218881866698,0,9.81830701624341,0,182.903942511714,106.512011978989,46.9736424848774,92.2763120214145,55.8871684820208,75.6037463274626,99.680543877859,28.9978016440657,53.519321431243,119.865747188663,82.6195269567036,0,69.1937237573575,11.5477609769421,128.881681010364,0,27.9542081185118,79.2789658300253,173.637737464384,40.2586669571804,151.166682772313,54.4983660455028,18.6241942680942,29.8613058328343,47.5803056284661,49.0755581952991,50.8338732617394,123.03468854401,194.097886041946,46.3327735845219
"Hsa-Mir-96-P3-v1_5p",0,0,35.1398019368589,9.62039588424108,41.147522109702,0,0,20.1628453490499,37.0212603097445,9.78900063080262,23.4435798214264,10.7695318905326,48.3560120356515,31.332710753817,134.479859961067,19.6366140324868,8.68424039933764,30.4839904186191,0,0,78.2342645398949,36.7678740013294,47.6023587987727,28.9073577245791,0,1.10349116353078,0,0,0,38.0914943916766,24.9069354404633,104.957536631195,0,53.6720795875426,41.1154211086567,20.9202093330583,43.9185457714695,51.2429433126486,56.8076188440411,42.8356468166167,40.6113759326546,8.95992768328257,9.63719420753607,95.3135123657614,0,0,47.3623907752891
