"","wells","value","row","col"
"41","A01",15,"A","7"
"48","A02",0,"A","8"
"32","A03",90,"A","9"
"40","A04",15,"A","10"
"39","A05",26,"A","11"
"42","A06",13,"A","12"
"14","B01",510,"B","7"
"43","B02",1,"B","8"
"8","B03",1021,"B","9"
"23","B04",236,"B","10"
"6","B05",1222,"B","11"
"33","B06",67,"B","12"
"29","C01",132,"C","7"
"10","C02",930,"C","8"
"24","C03",234,"C","9"
"5","C04",1427,"C","10"
"34","C05",43,"C","11"
"21","C06",250,"C","12"
"11","D01",674,"D","7"
"36","D02",40,"D","8"
"12","D03",632,"D","9"
"1","D04",16206,"D","10"
"18","D05",362,"D","11"
"4","D06",1721,"D","12"
"30","E01",125,"E","7"
"20","E02",275,"E","8"
"2","E03",2101,"E","9"
"47","E04",0,"E","10"
"16","E05",503,"E","11"
"9","E06",963,"E","12"
"45","F01",0,"F","7"
"26","F02",198,"F","8"
"13","F03",577,"F","9"
"35","F04",41,"F","10"
"19","F05",319,"F","11"
"7","F06",1063,"F","12"
"46","G01",0,"G","7"
"27","G02",184,"G","8"
"28","G03",153,"G","9"
"3","G04",1846,"G","10"
"17","G05",450,"G","11"
"25","G06",224,"G","12"
"44","H01",0,"H","7"
"31","H02",117,"H","8"
"22","H03",244,"H","9"
"15","H04",507,"H","10"
"37","H05",30,"H","11"
"38","H06",27,"H","12"
